date,hour,y_true,y_pred,mape
2024-01-01,0,14098.0,15098.869,7.099369702262733
2024-01-02,0,13653.0,16868.75,23.55343148026075
2024-01-03,0,16157.0,17974.994,11.252052612644674
2024-01-04,0,16908.0,17974.996,6.31059908770996
2024-01-05,0,17902.0,17974.996,0.4077538473354932
2024-01-06,0,17941.0,17974.996,0.18948828799955408
2024-01-07,0,16326.0,16618.574,1.7920753322920493
2024-01-08,0,17484.0,17328.072,0.8918310133550674
2024-01-09,0,20706.0,17974.996,13.18943256181783
2024-01-10,0,20831.0,17974.996,13.710354309682685
2024-01-11,0,20544.0,17974.996,12.504886615313474
2024-01-12,0,19766.0,17974.996,9.061033624658505
2024-01-13,0,19527.0,17974.996,7.947989482511394
2024-01-14,0,17353.0,17328.186,0.14299805869302137
2024-01-15,0,16969.0,17328.068,2.1160254545052744
2024-01-16,0,19026.0,17974.996,5.524040293545674
2024-01-17,0,19864.0,17974.996,9.509685391915022
2024-01-18,0,19382.0,17974.996,7.25933291842947
2024-01-19,0,19228.0,17974.996,6.5165586969523615
2024-01-20,0,18853.0,17974.996,4.657104472762955
2024-01-21,0,17082.0,17130.564,0.28430191502751434
2024-01-22,0,16673.0,17328.068,3.9289171677262638
2024-01-23,0,18433.0,17974.996,2.4846954171865674
2024-01-24,0,18351.0,17974.996,2.04895594926707
2024-01-25,0,18063.0,17974.996,0.4872053714776062
2024-01-26,0,18421.0,17974.996,2.4211709801313717
2024-01-27,0,18099.0,17974.996,0.6851423075860545
2024-01-28,0,16248.0,16618.574,2.2807374369153126
2024-01-29,0,16369.0,15979.945,2.376777368806891
2024-01-30,0,18017.0,17974.996,0.23313485180662707
2024-01-31,0,17953.0,17974.996,0.12252043530329192
2024-02-01,0,18106.0,17974.996,0.7235386405059097
2024-02-02,0,18128.0,17974.996,0.8440197829324801
2024-02-03,0,17509.0,17971.637,2.6422795062539266
2024-02-04,0,15808.0,16609.06,5.067437670008856
2024-02-05,0,15519.0,15098.869,2.7072031662800438
2024-02-06,0,17253.0,17974.996,4.1847568176549
2024-02-07,0,17362.0,17974.996,3.530676729351457
2024-02-08,0,18375.0,17974.996,2.176892006802721
2024-02-09,0,18670.0,17974.996,3.7225704673272633
2024-02-10,0,17950.0,17974.996,0.139254004178273
2024-02-11,0,15635.0,16586.861,6.088016169651423
2024-02-12,0,15569.0,15098.869,3.0196599613013038
2024-02-13,0,17366.0,17974.996,3.5068299766785676
2024-02-14,0,18009.0,17974.996,0.18881618218668442
2024-02-15,0,17705.0,17974.996,1.5249708768709405
2024-02-16,0,17562.0,17974.992,2.3516238896481036
2024-02-17,0,17130.0,17265.498,0.790998522329247
2024-02-18,0,15866.0,15853.064,0.08152998156435144
2024-02-19,0,15929.0,15098.875,5.211406867976646
2024-02-20,0,17586.0,17974.996,2.211964595416809
2024-02-21,0,17662.0,17974.996,1.7721441158985392
2024-02-22,0,17573.0,17974.996,2.287578067205372
2024-02-23,0,17175.0,17974.992,4.657887554585153
2024-02-24,0,17351.0,17265.498,0.49277824404933435
2024-02-25,0,15575.0,15853.064,1.7853255417335474
2024-02-26,0,15488.0,15098.869,2.512466808981147
2024-02-27,0,16827.0,17974.996,6.822345597848696
2024-02-28,0,17219.0,17974.996,4.390476181834021
2024-02-29,0,17657.0,17974.996,1.8009633219119896
2024-03-01,0,17090.0,17974.992,5.178421225863078
2024-03-02,0,17016.0,17265.492,1.466221130112835
2024-03-03,0,15180.0,15853.031,4.433670948616601
2024-03-04,0,14997.0,15098.869,0.6792634568580382
2024-03-05,0,17164.0,17974.996,4.724983067758099
2024-03-06,0,17808.0,17974.996,0.9377588373203054
2024-03-07,0,17634.0,17974.996,1.9337421671203356
2024-03-08,0,18342.0,17974.992,2.000914908406935
2024-03-09,0,17864.0,17974.996,0.6213395306202418
2024-03-10,0,15471.0,15853.205,2.470461367235473
2024-03-11,0,15409.0,15098.869,2.0126605190148616
2024-03-12,0,17519.0,17974.996,2.60286599549061
2024-03-13,0,17641.0,17974.996,1.8932945623830848
2024-03-14,0,17597.0,17974.996,2.148071226629539
2024-03-15,0,17693.0,17974.992,1.5938065195274969
2024-03-16,0,16917.0,17094.34,1.048293691257315
2024-03-17,0,15053.0,15015.652,0.24810772769547598
2024-03-18,0,15698.0,15098.911,3.816338815056058
2024-03-19,0,18140.0,17974.996,0.9096135956449835
2024-03-20,0,18117.0,17974.996,0.7838157876580009
2024-03-21,0,17592.0,17974.996,2.177103761653024
2024-03-22,0,17284.0,17974.98,3.997804146898866
2024-03-23,0,17212.0,16428.086,4.554462366372299
2024-03-24,0,15387.0,15015.724,2.412922383749269
2024-03-25,0,15660.0,15704.547,0.28446280332056195
2024-03-26,0,17738.0,17974.996,1.3360925343894463
2024-03-27,0,17123.0,17974.996,4.975740779945103
2024-03-28,0,16587.0,17708.42,6.760836328902152
2024-03-29,0,16437.0,17137.574,4.262178127091318
2024-03-30,0,14966.0,16428.041,9.769083359782172
2024-03-31,0,13226.0,14261.453,7.82892125359141
2024-04-01,0,12369.0,14261.454,15.299976566921336
2024-04-02,0,12535.0,14908.381,18.93403158655764
2024-04-03,0,16199.0,17137.58,5.794061844095315
2024-04-04,0,17090.0,17138.006,0.28090028891164426
2024-04-05,0,16718.0,17137.576,2.5097270718686446
2024-04-06,0,16450.0,16428.086,0.13321618541033434
2024-04-07,0,14816.0,14268.707,3.6939320245005405
2024-04-08,0,14541.0,14261.455,1.9224600912935836
2024-04-09,0,16146.0,17137.578,6.141323702465007
2024-04-10,0,15975.0,17137.582,7.277508802816901
2024-04-11,0,16622.0,17137.58,3.1017932747262664
2024-04-12,0,16447.0,17137.576,4.198797178056789
2024-04-13,0,16374.0,16428.086,0.33031597349456454
2024-04-14,0,14173.0,14261.455,0.6241097729838425
2024-04-15,0,14574.0,14261.455,2.144537682688349
2024-04-16,0,16612.0,17137.582,3.1638696800505657
2024-04-17,0,16776.0,17137.691,2.1560050444086793
2024-04-18,0,17287.0,17137.582,0.8643371825649332
2024-04-19,0,17251.0,17137.58,0.6574686793519217
2024-04-20,0,17262.0,16428.102,4.830833260919939
2024-04-21,0,15499.0,15662.577,1.0554045321472354
2024-04-22,0,15561.0,14908.383,4.193928330441488
2024-04-23,0,18093.0,17439.559,3.611570255071022
2024-04-24,0,17286.0,17974.8,3.9847320447182693
2024-04-25,0,17571.0,17137.582,2.4666664888168004
2024-04-26,0,17565.0,17137.58,2.433361354255622
2024-04-27,0,16845.0,16428.088,2.4749902604630454
2024-04-28,0,14608.0,14694.596,0.5927964343168126
2024-04-29,0,14511.0,14278.835,1.5999244646302806
2024-04-30,0,15850.0,17137.578,8.123521293375394
2024-05-01,0,14847.0,17137.582,15.427911573045058
2024-05-02,0,13245.0,17137.57,29.38897933182333
2024-05-03,0,13450.0,16427.928,22.140726649628252
2024-05-04,0,13465.0,15662.409,16.319414628202747
2024-05-05,0,13708.0,14261.455,4.0374604473665014
2024-05-06,0,13644.0,14261.455,4.52546964324978
2024-05-07,0,15881.0,17066.115,7.462472352968956
2024-05-08,0,16229.0,17137.582,5.598509034752603
2024-05-09,0,16330.0,17137.582,4.945389046233925
2024-05-10,0,16555.0,17137.58,3.5190581584113563
2024-05-11,0,16539.0,16428.086,0.67062133442167
2024-05-12,0,14480.0,14841.008,2.4931478763812156
2024-05-13,0,14242.0,14907.27,4.671180531175397
2024-05-14,0,16244.0,17137.582,5.500997483686284
2024-05-15,0,16079.0,17137.582,6.583631017165247
2024-05-16,0,16091.0,17137.582,6.504145368528991
2024-05-17,0,15868.0,17137.58,8.00088277114318
2024-05-18,0,16051.0,16419.266,2.294346925425207
2024-05-19,0,14557.0,14331.56,1.5486736943566668
2024-05-20,0,14461.0,14845.224,2.6569644755722286
2024-05-21,0,16207.0,17137.582,5.741852478867156
2024-05-22,0,16121.0,17137.582,6.305948956330252
2024-05-23,0,16683.0,17137.582,2.7248218620751663
2024-05-24,0,16903.0,17137.582,1.3878129991717447
2024-05-25,0,16442.0,16428.086,0.0846251216397032
2024-05-26,0,14743.0,14837.413,0.6403926333683782
2024-05-27,0,14456.0,14904.491,3.102457186894715
2024-05-28,0,16321.0,17137.582,5.00325979566203
2024-05-29,0,16745.0,17137.582,2.3444731636309344
2024-05-30,0,16105.0,17137.582,6.411561820863086
2024-05-31,0,13863.0,16428.084,18.503094455565172
2024-06-01,0,14852.0,15662.576,5.457690357359278
2024-06-02,0,14409.0,14261.455,1.0239775270664169
2024-06-03,0,13833.0,14262.214,3.1028256140208197
2024-06-04,0,16158.0,16708.521,3.4071140263337045
2024-06-05,0,16281.0,17137.582,5.261237216694306
2024-06-06,0,16825.0,17137.582,1.8578426820208025
2024-06-07,0,16691.0,17137.582,2.67558583218501
2024-06-08,0,16507.0,16428.086,0.4780642303265282
2024-06-09,0,14049.0,14267.27,1.553630374047975
2024-06-10,0,14767.0,14322.68,3.008873247782217
2024-06-11,0,16539.0,17137.582,3.6192153772900415
2024-06-12,0,16124.0,17137.582,6.286169878752171
2024-06-13,0,16654.0,17137.582,2.9036989987390416
2024-06-14,0,15933.25,17137.582,7.558608766259238
2024-06-15,0,15354.5,16428.084,6.9919827045817184
2024-06-16,0,13680.75,14261.455,4.244687448604791
2024-06-17,0,13525.25,14261.455,5.443190167464557
2024-06-18,0,15995.0,16383.334,2.4278461042513286
2024-06-19,0,15698.5,17137.582,9.16700341593146
2024-06-20,0,15541.25,17137.582,10.271580672404086
2024-06-21,0,16051.0,17137.582,6.769559723693227
2024-06-22,0,15848.25,16428.086,3.6586748536904703
2024-06-23,0,13885.75,14261.455,2.705688047998848
2024-06-24,0,13908.5,14261.455,2.5376933395046195
2024-06-25,0,15901.5,16383.387,3.0304481888501087
2024-06-26,0,15899.0,17137.582,7.790314052770614
2024-06-27,0,16116.0,17137.582,6.338930449553239
2024-06-28,0,16448.75,16550.219,0.6168781822326924
2024-06-29,0,16667.0,16428.086,1.4334557058858823
2024-06-30,0,14425.75,14261.458,1.1388800733930644
2024-07-01,0,14071.25,14261.455,1.3517283690148352
2024-07-02,0,15436.75,16293.592,5.550661874261098
2024-07-03,0,15261.5,17137.582,12.292907192936473
2024-07-04,0,15651.5,17137.582,9.494821782257292
2024-07-05,0,15349.0,17137.516,11.65232669880774
2024-07-06,0,15268.0,16427.934,7.5971547927036935
2024-07-07,0,13568.75,14261.455,5.1051502763703365
2024-07-08,0,13887.0,14261.455,2.6964432787859147
2024-07-09,0,16005.25,16383.383,2.362554864809984
2024-07-10,0,16024.5,17137.582,6.946126439202471
2024-07-11,0,16496.0,17137.582,3.8893188121362754
2024-07-12,0,16274.75,17137.307,5.299968605508533
2024-07-13,0,15781.0,16428.086,4.100411491667195
2024-07-14,0,13986.25,14261.455,1.9676831039413711
2024-07-15,0,13951.25,14261.455,2.2234930785771887
2024-07-16,0,16176.25,16383.381,1.2804627733560003
2024-07-17,0,15911.25,17137.582,7.70732677350931
2024-07-18,0,15478.75,17137.582,10.716834571590084
2024-07-19,0,15607.75,16442.357,5.347391019685733
2024-07-20,0,15466.25,16428.086,6.218934373232037
2024-07-21,0,13878.75,14261.455,2.7574895298567954
2024-07-22,0,13675.25,14261.455,4.286613247472624
2024-07-23,0,15597.0,15839.013,1.5516618279957686
2024-07-24,0,15526.0,17137.582,10.379891995684657
2024-07-25,0,15184.25,17137.582,12.864198305810298
2024-07-26,0,15384.0,17124.24,11.31201400399766
2024-07-27,0,15270.75,16428.086,7.5787760096917305
2024-07-28,0,13809.0,14261.455,3.276523123506409
2024-07-29,0,12624.25,14261.455,12.968731434540665
2024-07-30,0,14470.0,15674.103,8.32137207368694
2024-07-31,0,14880.25,17137.582,15.169987273399304
2024-08-01,0,15151.75,17137.582,13.106288258781989
2024-08-02,0,15073.25,17061.205,13.188629380690958
2024-08-03,0,14904.75,16428.086,10.220472919706806
2024-08-04,0,13273.5,14261.455,7.4430638348965985
2024-08-05,0,13094.0,14261.455,8.915954468649764
2024-08-06,0,14537.0,15734.214,8.235632298187385
2024-08-07,0,14788.0,17137.582,15.888436781512036
2024-08-08,0,15000.5,17137.582,14.24673865037832
2024-08-09,0,15121.75,16428.639,8.642443314265876
2024-08-10,0,14925.5,16428.066,10.067109351445511
2024-08-11,0,13353.0,14261.455,6.803378103235228
2024-08-12,0,13336.0,14261.455,6.939525180901319
2024-08-13,0,14828.0,16383.387,10.489524674602105
2024-08-14,0,14619.5,17137.582,17.22413236601799
2024-08-15,0,14367.5,17137.582,19.280195101792238
2024-08-16,0,13026.25,16428.086,26.115236061798292
2024-08-17,0,14497.5,15026.947,3.651990106052768
2024-08-18,0,13513.0,14261.455,5.538778051690964
2024-08-19,0,13472.25,14261.455,5.858004996381451
2024-08-20,0,15298.25,16080.427,5.112851194172536
2024-08-21,0,15647.0,17137.582,9.5263119527705
2024-08-22,0,15023.0,17137.582,14.075630907608334
2024-08-23,0,14923.75,17137.465,14.833502596532371
2024-08-24,0,15180.25,16427.955,8.219265678266169
2024-08-25,0,13640.5,14261.455,4.552289711704116
2024-08-26,0,13789.25,14261.455,3.4244435203147376
2024-08-27,0,15431.75,16383.387,6.166745305943914
2024-08-28,0,15251.0,17137.582,12.37021855124254
2024-08-29,0,15632.25,17137.582,9.629656839226598
2024-08-30,0,15865.0,17134.459,8.001632425937597
2024-08-31,0,15815.0,16428.086,3.876610417325324
2024-09-01,0,13656.75,14261.455,4.427884219342084
2024-09-02,0,13330.75,14261.455,6.9816407788384
2024-09-03,0,15073.5,16383.341,8.689692641473448
2024-09-04,0,15324.5,17137.582,11.831263866684068
2024-09-05,0,15407.75,17137.582,11.227025563433985
2024-09-06,0,15316.0,16474.094,7.561332919822409
2024-09-07,0,15302.5,16367.357,6.958715385557915
2024-09-08,0,13450.5,14261.455,6.029181652169064
2024-09-09,0,13469.75,14261.455,5.877652355277566
2024-09-10,0,15182.5,16343.425,7.646466686563477
2024-09-11,0,15102.75,17137.582,13.473255077717633
2024-09-12,0,15237.0,17137.582,12.473466110454815
2024-09-13,0,15289.5,17137.582,12.087262704797409
2024-09-14,0,14955.5,15875.499,6.1515764998662705
2024-09-15,0,13677.25,14261.455,4.271363601052843
2024-09-16,0,13261.75,14261.455,7.538259114558787
2024-09-17,0,14900.5,16383.366,9.951788268430589
2024-09-18,0,15005.75,17137.582,14.20676761408127
2024-09-19,0,15113.25,17137.582,13.394419011463452
2024-09-20,0,14748.25,17137.576,16.20074362636245
2024-09-21,0,14814.5,15781.11,6.524758524165514
2024-09-22,0,13102.25,14261.455,8.847374138983763
2024-09-23,0,12936.25,14261.455,10.244120808773795
2024-09-24,0,14850.5,16383.387,10.32212194033871
2024-09-25,0,15161.25,17137.582,13.035416151372742
2024-09-26,0,14965.25,17137.582,14.515841908755284
2024-09-27,0,15197.5,17116.025,12.62395387810495
2024-09-28,0,15072.25,15781.156,4.703387019190897
2024-09-29,0,13211.5,14261.455,7.947281369450858
2024-09-30,0,13558.75,14261.455,5.182668595003227
2024-10-01,0,15246.5,16383.387,7.456706252254616
2024-10-02,0,15643.25,17137.582,9.552567601041984
2024-10-03,0,15939.5,17137.582,7.516434212177295
2024-10-04,0,15864.0,17137.582,8.028126772881997
2024-10-05,0,15845.75,16411.188,3.568385844784879
2024-10-06,0,14159.5,15026.963,6.12636668402839
2024-10-07,0,14129.5,14884.684,5.344729776354436
2024-10-08,0,15624.5,16383.387,4.857030424973599
2024-10-09,0,15577.5,17137.582,10.01497051035147
2024-10-10,0,15570.25,17137.582,10.066196954127262
2024-10-11,0,15581.5,17137.582,9.986728050893689
2024-10-12,0,15702.5,15783.423,0.5153501134373507
2024-10-13,0,14122.5,15026.961,6.404396795893079
2024-10-14,0,13854.75,14295.869,3.183883798877641
2024-10-15,0,15589.25,16383.387,5.094130370287217
2024-10-16,0,16455.25,17137.582,4.146591703255799
2024-10-17,0,16237.0,17137.582,5.546480453593644
2024-10-18,0,15942.25,17137.582,7.497887884395239
2024-10-19,0,15597.5,15791.346,1.2427998276967462
2024-10-20,0,13810.25,15026.957,8.81017382922105
2024-10-21,0,13955.25,14711.77,5.421038901130399
2024-10-22,0,15812.25,16383.387,3.6119889247260826
2024-10-23,0,15710.5,17137.582,9.083619434454663
2024-10-24,0,16127.75,17137.582,6.261456379532173
2024-10-25,0,15926.0,17137.582,7.607572719138515
2024-10-26,0,15825.0,15792.959,0.20247087282780413
2024-10-27,0,14120.75,15026.964,6.4176043566205765
2024-10-28,0,13821.75,14295.788,3.4296531621357644
2024-10-29,0,15743.75,16383.387,4.0627977371973
2024-10-30,0,15651.0,17137.582,9.49831979585969
2024-10-31,0,15836.5,17137.582,8.215717053957631
2024-11-01,0,14599.25,17137.582,17.386728984365636
2024-11-02,0,12808.75,15026.989,17.31815561871767
2024-11-03,0,14206.25,14261.455,0.3885971183457985
2024-11-04,0,13935.5,15026.525,7.82910832496143
2024-11-05,0,16564.5,17069.766,3.0502920402064655
2024-11-06,0,16729.25,17974.996,7.446514899054052
2024-11-07,0,16792.25,17974.89,7.042776429602942
2024-11-08,0,16845.75,17137.582,1.7323777881661548
2024-11-09,0,16616.75,17130.707,3.0930057396903727
2024-11-10,0,14855.75,15026.964,1.1525090768725914
2024-11-11,0,14419.25,15026.965,4.214607859285331
2024-11-12,0,14864.5,17220.79,15.85178823707491
2024-11-13,0,17180.5,17974.996,4.624406121765955
2024-11-14,0,17086.25,17974.996,5.20152809276465
2024-11-15,0,16751.75,17137.621,2.3034673616189356
2024-11-16,0,16444.25,16244.098,1.2171570229715554
2024-11-17,0,14793.75,15026.964,1.5764350971694128
2024-11-18,0,14729.0,15026.964,2.022974181461742
2024-11-19,0,16700.0,17974.996,7.634707148203593
2024-11-20,0,16466.5,17974.996,9.161000174596909
2024-11-21,0,17077.75,17974.996,5.253889380919618
2024-11-22,0,17519.75,17974.996,2.5984736868391387
2024-11-23,0,17345.0,17974.996,3.632148133467858
2024-11-24,0,15725.5,15875.146,0.9516167013767448
2024-11-25,0,15156.75,15864.378,4.668731289277055
2024-11-26,0,16630.75,17974.996,8.082895201659577
2024-11-27,0,16860.0,17974.996,6.6132627150059315
2024-11-28,0,16913.5,17974.996,6.2760285792414345
2024-11-29,0,16888.0,17974.973,6.43636106258882
2024-11-30,0,16985.5,17036.17,0.29831280724735804
2024-12-01,0,15217.75,15864.333,4.2488738993116595
2024-12-02,0,15264.75,15864.384,3.9282254151722102
2024-12-03,0,17016.5,17974.996,5.632745239914201
2024-12-04,0,17382.0,17974.996,3.4115527197675757
2024-12-05,0,17014.75,17974.996,5.643609772403356
2024-12-06,0,17472.25,17974.996,2.877397551832191
2024-12-07,0,17433.25,17974.996,3.1075450288959314
2024-12-08,0,15409.25,15930.31,3.381472623992083
2024-12-09,0,15478.25,15864.378,2.494648488604978
2024-12-10,0,17315.0,17974.996,3.8117013788622582
2024-12-11,0,17650.75,17974.996,1.8370102899310226
2024-12-12,0,17386.5,17974.996,3.3847875866333075
2024-12-13,0,17689.25,17974.996,1.6153657941970407
2024-12-14,0,17571.0,17974.996,2.2992208397359284
2024-12-15,0,15821.0,16618.574,5.0412377141141524
2024-12-16,0,15520.5,15864.38,2.215649513949293
2024-12-17,0,16606.0,17974.996,8.243984666686739
2024-12-18,0,16458.25,17974.996,9.215719130223444
2024-12-19,0,16337.0,17974.996,10.026296711452531
2024-12-20,0,16060.5,17974.996,11.920526096634601
2024-12-21,0,16045.75,16618.59,3.57004093763146
2024-12-22,0,15728.25,15864.382,0.8655243649961057
2024-12-23,0,14644.0,15864.378,8.333637870032096
2024-12-24,0,14727.5,17974.996,22.05055911560007
2024-12-25,0,13159.0,17974.992,36.59846635382628
2024-12-26,0,13175.75,17974.89,36.424041325920726
2024-12-27,0,13659.25,17926.057,31.237488446474
2024-12-28,0,14713.75,16618.559,12.945772449239657
2024-12-29,0,14390.25,15098.878,4.924361492590469
2024-12-30,0,13956.25,15098.882,8.187241099417824
2024-12-31,0,15072.25,17974.996,19.258877033953127
2024-01-01,1,13695.0,15220.977,11.142581690397956
2024-01-02,1,13217.0,16930.354,28.095282708821973
2024-01-03,1,15546.0,16961.75,9.106844204296925
2024-01-04,1,16427.0,16961.758,3.2553589365069704
2024-01-05,1,17343.0,16961.758,2.198248212535317
2024-01-06,1,17202.0,16961.758,1.3965945093593768
2024-01-07,1,15637.0,16090.71,2.9015153861834113
2024-01-08,1,17180.0,16961.758,1.2703270518044236
2024-01-09,1,20274.0,16961.758,16.337388712143632
2024-01-10,1,20302.0,16961.758,16.452774049354744
2024-01-11,1,20020.0,16961.758,15.275935002497503
2024-01-12,1,19273.0,16961.758,11.992124669226378
2024-01-13,1,18703.0,16961.758,9.309961971341496
2024-01-14,1,16715.0,16954.994,1.4358010207897098
2024-01-15,1,16417.0,16961.752,3.3182186338856066
2024-01-16,1,18693.0,16961.758,9.261446463916974
2024-01-17,1,19369.0,16961.758,12.428324577933813
2024-01-18,1,18766.0,16961.758,9.61442069434083
2024-01-19,1,18638.0,16961.758,8.993680585363236
2024-01-20,1,18177.0,16961.758,6.685603716234802
2024-01-21,1,16442.0,16092.556,2.1253152654026275
2024-01-22,1,16402.0,16961.758,3.412741205340812
2024-01-23,1,17911.0,16961.758,5.299772137234101
2024-01-24,1,17851.0,16961.758,4.981469875637219
2024-01-25,1,17501.0,16961.758,3.081207859550883
2024-01-26,1,17983.0,16961.758,5.678931143302007
2024-01-27,1,17449.0,16961.758,2.7923788612527938
2024-01-28,1,15710.0,16090.71,2.423360667966264
2024-01-29,1,15891.0,15222.671,4.205708272371154
2024-01-30,1,17478.0,16961.758,2.9536685404508525
2024-01-31,1,17435.0,16961.758,2.714322841984514
2024-02-01,1,17603.0,16961.758,3.64280058796796
2024-02-02,1,17563.0,16961.758,3.4233455987018164
2024-02-03,1,16958.0,16961.758,0.022159526477178913
2024-02-04,1,15073.0,15221.011,0.9819594121110595
2024-02-05,1,15155.0,15220.978,0.4353516269383042
2024-02-06,1,16678.0,16961.758,1.7013899298477038
2024-02-07,1,16737.0,16961.758,1.342879921730298
2024-02-08,1,17829.0,16961.758,4.864222264288519
2024-02-09,1,18057.0,16961.758,6.065471493049786
2024-02-10,1,17365.0,16961.758,2.322154837316441
2024-02-11,1,15013.0,15719.312,4.704666112286019
2024-02-12,1,15346.0,15220.978,0.8146908701778964
2024-02-13,1,16940.0,16961.758,0.12844045159386067
2024-02-14,1,17529.0,16961.758,3.236021378857892
2024-02-15,1,17188.0,16961.758,1.3162798900395625
2024-02-16,1,17068.0,16961.758,0.6224641873681743
2024-02-17,1,16402.0,16960.96,3.4078828039263507
2024-02-18,1,15312.0,15220.978,0.594451808630486
2024-02-19,1,15477.0,15220.978,1.6542124503295212
2024-02-20,1,17104.0,16961.758,0.8316311242984098
2024-02-21,1,17133.0,16961.758,0.9994874657094496
2024-02-22,1,17035.0,16961.758,0.4299512034047549
2024-02-23,1,16641.0,16961.758,1.9275152484826634
2024-02-24,1,16770.0,16773.992,0.023805530709600477
2024-02-25,1,15118.0,15220.978,0.6811584803710808
2024-02-26,1,15205.0,15220.978,0.10508082250904308
2024-02-27,1,16420.0,16961.746,3.299306295676005
2024-02-28,1,16779.0,16961.758,1.0892056290601349
2024-02-29,1,17087.0,16961.758,0.7329676801076842
2024-03-01,1,16572.0,16961.758,2.3519056993724354
2024-03-02,1,16504.0,16098.118,2.4592937223551865
2024-03-03,1,14588.0,15220.978,4.339028921459419
2024-03-04,1,14667.0,15220.978,3.7770337428410716
2024-03-05,1,16709.0,16959.447,1.4988764475731642
2024-03-06,1,17211.0,16961.758,1.4481563389692638
2024-03-07,1,17225.0,16961.758,1.5282565312046443
2024-03-08,1,17761.0,16961.758,4.499984164742976
2024-03-09,1,17183.0,16961.758,1.2875643804923471
2024-03-10,1,14949.0,15220.978,1.8193694498795907
2024-03-11,1,14980.0,15220.978,1.6086618094959946
2024-03-12,1,16932.0,16092.608,4.957427365712851
2024-03-13,1,17172.0,16961.758,1.2243313970416958
2024-03-14,1,17024.0,16961.758,0.36561435326597747
2024-03-15,1,17093.0,16961.758,0.7678124817176623
2024-03-16,1,16211.0,16961.559,4.62993395688113
2024-03-17,1,14575.0,15220.978,4.432092892367067
2024-03-18,1,15354.0,15220.978,0.8663700725381008
2024-03-19,1,17522.0,16961.758,3.1973643847734277
2024-03-20,1,17625.0,16961.758,3.7630762411347516
2024-03-21,1,16975.0,16961.758,0.078009941089838
2024-03-22,1,16691.0,16961.758,1.6221784943981787
2024-03-23,1,16582.0,16913.477,1.9990143679893861
2024-03-24,1,14895.0,15220.978,2.1885031155589125
2024-03-25,1,15385.0,15220.978,1.0661193431101723
2024-03-26,1,17256.0,16100.978,6.693454224255331
2024-03-27,1,16483.0,16961.758,2.9045550718922524
2024-03-28,1,16042.0,16961.758,5.733436058471512
2024-03-29,1,15792.0,16961.758,7.4072809808763935
2024-03-30,1,14371.0,15220.978,5.914533011359683
2024-03-31,1,12455.0,15220.978,22.207768278301888
2024-04-01,1,11903.0,15220.976,27.875120439700073
2024-04-02,1,12161.0,15220.95,25.161994863189708
2024-04-03,1,15733.0,16094.004,2.2945649669484522
2024-04-04,1,16493.0,16961.758,2.8421622051779543
2024-04-05,1,15994.0,16961.758,6.050755361385519
2024-04-06,1,15700.0,15220.978,3.051098477308917
2024-04-07,1,14128.0,15220.978,7.736250984304219
2024-04-08,1,14179.0,15220.978,7.348737845140701
2024-04-09,1,15696.0,16092.023,2.5230851012996944
2024-04-10,1,15560.0,16092.025,3.4191863150706943
2024-04-11,1,16057.0,16961.758,5.634662841751261
2024-04-12,1,15971.0,16961.758,6.203480135871266
2024-04-13,1,15589.0,15220.978,2.360782994018218
2024-04-14,1,13507.0,15220.978,12.68955015223588
2024-04-15,1,14206.0,15220.978,7.144710256669717
2024-04-16,1,15856.0,16092.024,1.4885495336938699
2024-04-17,1,16191.0,16961.758,4.760408946328207
2024-04-18,1,16664.0,16961.758,1.786832768242919
2024-04-19,1,16662.0,16961.758,1.7990506091705678
2024-04-20,1,16587.0,16092.026,2.984105822707542
2024-04-21,1,14810.0,15220.978,2.7750002637575966
2024-04-22,1,15104.0,15220.978,0.7744805287506621
2024-04-23,1,17436.0,16092.024,7.708049930818421
2024-04-24,1,16733.0,16961.758,1.3671057939401183
2024-04-25,1,16913.0,16961.758,0.2882860078046473
2024-04-26,1,16998.0,16961.758,0.21321442228497473
2024-04-27,1,16264.0,16092.024,1.0574003070431628
2024-04-28,1,14016.0,15220.978,8.5971570994756
2024-04-29,1,14133.0,15220.978,7.698135845627255
2024-04-30,1,15254.0,16092.023,5.49379466041694
2024-05-01,1,14466.0,16092.022,11.240304582728466
2024-05-02,1,12658.0,16092.02,27.129242623242217
2024-05-03,1,13004.0,16092.022,23.74671224959628
2024-05-04,1,12872.0,15220.978,18.248737873387974
2024-05-05,1,13109.0,15220.978,16.110897391582117
2024-05-06,1,13218.0,15220.977,15.153401138598879
2024-05-07,1,15354.0,16092.022,4.8067113516836
2024-05-08,1,15593.0,16092.023,3.200304223048804
2024-05-09,1,15717.0,16961.758,7.919818110962653
2024-05-10,1,15939.0,16958.383,6.395525519166824
2024-05-11,1,15927.0,15258.353,4.198200922568594
2024-05-12,1,13891.0,15220.978,9.574382975037794
2024-05-13,1,13881.0,15220.978,9.653321367786903
2024-05-14,1,15633.0,16092.023,2.93624664171944
2024-05-15,1,15473.0,16092.023,4.000668503199121
2024-05-16,1,15325.0,16092.028,5.00507876223491
2024-05-17,1,15308.0,16092.024,5.121664581019728
2024-05-18,1,15443.0,15220.978,1.437689962685359
2024-05-19,1,14019.0,15220.978,8.573917819120478
2024-05-20,1,14039.0,15220.978,8.419243101805684
2024-05-21,1,15555.0,16092.023,3.4524168273866924
2024-05-22,1,15607.0,16092.023,3.1077301050810533
2024-05-23,1,16052.0,16092.024,0.24934222565723896
2024-05-24,1,16280.0,16092.024,1.154641191262285
2024-05-25,1,15752.0,15221.097,3.370386746524251
2024-05-26,1,14183.0,15220.978,7.318462518948741
2024-05-27,1,13991.0,15220.978,8.79120533959331
2024-05-28,1,15664.0,16092.023,2.7325296061031663
2024-05-29,1,16125.0,16092.023,0.20450581395348838
2024-05-30,1,15330.0,16092.024,4.970805049331376
2024-05-31,1,13367.0,16092.024,20.386207930444378
2024-06-01,1,14194.0,15220.978,7.2352933567880795
2024-06-02,1,13715.0,15220.978,10.980514320543202
2024-06-03,1,13414.0,15220.977,13.470825723125094
2024-06-04,1,15519.0,16092.022,3.6923929437302663
2024-06-05,1,15632.0,16092.023,2.9428316114380757
2024-06-06,1,16158.0,16092.024,0.4083152985363287
2024-06-07,1,16078.0,16092.024,0.08722735453725587
2024-06-08,1,15750.0,16012.366,1.6658172123015875
2024-06-09,1,13324.0,15220.978,14.237297651324676
2024-06-10,1,14075.0,15220.978,8.14193633436945
2024-06-11,1,15663.0,16092.023,2.739088536678797
2024-06-12,1,15299.0,16092.023,5.183498512974704
2024-06-13,1,15950.0,16092.024,0.8904351978840125
2024-06-14,1,15343.25,16092.024,4.880155208723705
2024-06-15,1,14659.0,15220.979,3.8336756642676857
2024-06-16,1,13086.75,15220.978,16.30830831996103
2024-06-17,1,13104.25,15220.977,16.15297756453059
2024-06-18,1,15303.75,16092.021,5.150838744588745
2024-06-19,1,15119.25,16092.022,6.433999444003506
2024-06-20,1,14969.0,16092.023,7.5023277273030935
2024-06-21,1,15485.75,16092.024,3.915047150202606
2024-06-22,1,15142.75,15220.978,0.5166006112661174
2024-06-23,1,13123.0,15220.978,15.987026892193096
2024-06-24,1,13522.25,15220.977,12.562454935384274
2024-06-25,1,15176.25,16092.021,6.034240898608022
2024-06-26,1,15145.75,16092.022,6.247775520773154
2024-06-27,1,15470.5,16092.023,4.017474790730746
2024-06-28,1,15784.75,16092.024,1.9466536629499993
2024-06-29,1,16274.5,15220.978,6.4734551656732915
2024-06-30,1,13759.5,15220.978,10.621589004415132
2024-07-01,1,13789.5,15220.977,10.380917092715473
2024-07-02,1,14968.5,16092.021,7.50590563099175
2024-07-03,1,14678.0,16092.02,9.633598114525139
2024-07-04,1,15060.5,16092.022,6.849191334534047
2024-07-05,1,14650.0,16092.024,9.843170061860068
2024-07-06,1,14505.0,15220.978,4.936074036970011
2024-07-07,1,12883.5,15220.978,18.143187325358014
2024-07-08,1,13335.0,15220.976,14.143049013404575
2024-07-09,1,15397.75,16092.021,4.508915162117842
2024-07-10,1,15351.0,16092.022,4.827193413702691
2024-07-11,1,15889.5,16092.023,1.2745740111394317
2024-07-12,1,15694.75,16092.024,2.5312567200019114
2024-07-13,1,15056.25,15220.978,1.0940807907845578
2024-07-14,1,13353.75,15220.978,13.982795387531594
2024-07-15,1,13426.5,15220.977,13.365184988641865
2024-07-16,1,15471.0,16092.0205,4.0140941620612764
2024-07-17,1,15234.25,16092.022,5.6305526096624385
2024-07-18,1,14822.25,16092.022,8.566664716473545
2024-07-19,1,14931.25,16092.024,7.774127511511092
2024-07-20,1,14770.75,15220.978,3.048102087317841
2024-07-21,1,13286.25,15220.978,14.56187817527519
2024-07-22,1,13164.5,15220.976,15.621372524117893
2024-07-23,1,15013.25,16092.002,7.185332643664763
2024-07-24,1,14865.5,16092.02,8.250778858766944
2024-07-25,1,14623.75,16092.021,10.040321288144286
2024-07-26,1,14781.5,16092.024,8.865977161062814
2024-07-27,1,14564.5,15220.978,4.507381228758282
2024-07-28,1,13149.25,15220.978,15.755480647660514
2024-07-29,1,12175.75,15220.973,25.01055504794366
2024-07-30,1,13922.5,16091.737,15.580803050368107
2024-07-31,1,14281.25,16092.008,12.679266958424506
2024-08-01,1,14534.0,16092.02,10.719826140429339
2024-08-02,1,14504.0,16092.024,10.94887213225662
2024-08-03,1,14316.5,15220.978,6.317728069447839
2024-08-04,1,12750.75,15220.978,19.373194040056468
2024-08-05,1,12648.0,15220.973,20.342921064595192
2024-08-06,1,14014.5,16091.92,14.823360960968996
2024-08-07,1,14142.0,16092.006,13.788755899978785
2024-08-08,1,14187.0,16092.018,13.42790990431381
2024-08-09,1,14584.25,16092.023,10.338368016867511
2024-08-10,1,14340.25,15220.978,6.1416470358780355
2024-08-11,1,12760.75,15220.978,19.27964687861215
2024-08-12,1,12920.0,15220.973,17.809385884287927
2024-08-13,1,14240.5,16091.998,13.001636507671781
2024-08-14,1,13988.75,16092.007,15.03534508757037
2024-08-15,1,13727.75,16092.013,17.22250693167125
2024-08-16,1,12794.25,16092.0205,25.775410890145967
2024-08-17,1,13877.0,15220.977,9.684921542840671
2024-08-18,1,12861.25,15219.918,18.33933691320828
2024-08-19,1,12952.0,15220.943,17.51809264495831
2024-08-20,1,14696.0,16091.997,9.499163516007757
2024-08-21,1,14966.25,16092.017,7.522035256410256
2024-08-22,1,14502.25,16092.0205,10.962233500405109
2024-08-23,1,14365.5,16092.023,12.018540513730812
2024-08-24,1,14618.5,15220.978,4.121336245596333
2024-08-25,1,12955.75,15220.977,17.48433369353376
2024-08-26,1,13336.25,15220.972,14.132321152404161
2024-08-27,1,14834.0,16092.014,8.480609895341782
2024-08-28,1,14722.75,16092.016,9.300338761440628
2024-08-29,1,15040.5,16092.0205,6.991260315897079
2024-08-30,1,15299.0,16092.024,5.183504896153343
2024-08-31,1,15085.0,15220.978,0.9014089430725887
2024-09-01,1,13000.0,15220.978,17.084442608173077
2024-09-02,1,12836.5,15220.973,18.575722792427843
2024-09-03,1,14541.75,16092.005,10.660717470816786
2024-09-04,1,14781.25,16092.013,8.867739164904863
2024-09-05,1,14894.75,16092.02,8.038198232598734
2024-09-06,1,14751.5,16092.024,9.087376972257058
2024-09-07,1,14621.25,15220.978,4.101752853295717
2024-09-08,1,12826.5,15220.977,18.66819913850232
2024-09-09,1,13042.5,15220.965,16.70281651332183
2024-09-10,1,14708.0,16092.009,9.409904739342535
2024-09-11,1,14559.0,16092.012,10.529649830002061
2024-09-12,1,14752.0,16092.019,9.083639877220039
2024-09-13,1,14738.25,16092.023,9.185442216681086
2024-09-14,1,14419.5,15220.978,5.558289393269531
2024-09-15,1,13207.75,15220.978,15.242774424580267
2024-09-16,1,12837.75,15220.973,18.56417718252809
2024-09-17,1,14360.0,16092.007,12.061328941068941
2024-09-18,1,14464.75,16092.008,11.249816363919182
2024-09-19,1,14527.0,16092.018,10.773164301817307
2024-09-20,1,14383.75,16092.023,11.87641218388807
2024-09-21,1,14348.25,15220.978,6.0824667751293715
2024-09-22,1,12550.75,15220.978,21.275442017907295
2024-09-23,1,12553.5,15220.97,21.248812893316604
2024-09-24,1,14351.25,16092.0,12.129605435066631
2024-09-25,1,14530.25,16092.008,10.748320314516267
2024-09-26,1,14445.75,16092.018,11.39620703753699
2024-09-27,1,14775.75,16092.023,8.90833587127557
2024-09-28,1,14462.5,15220.978,5.24444279386344
2024-09-29,1,12725.5,15220.978,19.61005492171231
2024-09-30,1,13321.75,15220.973,14.256555304295606
2024-10-01,1,14744.0,16092.014,9.142794844513022
2024-10-02,1,15069.25,16092.016,6.787103704563929
2024-10-03,1,15369.5,16959.553,10.345507234295196
2024-10-04,1,15430.75,16092.024,4.285432749947345
2024-10-05,1,15208.0,16074.411,5.697074781776039
2024-10-06,1,13490.75,15220.978,12.825287986676056
2024-10-07,1,13719.0,15220.976,10.948141890352796
2024-10-08,1,15220.5,16092.019,5.7259522005683126
2024-10-09,1,15019.5,16092.019,7.1408406051299975
2024-10-10,1,14990.75,16092.022,7.3463466533529
2024-10-11,1,15024.25,16092.024,7.107006433349418
2024-10-12,1,15085.25,15238.847,1.018191144909763
2024-10-13,1,13330.0,15220.978,14.185878012471868
2024-10-14,1,13554.0,15220.975,12.298765009406818
2024-10-15,1,15055.25,16092.018,6.8864188779661575
2024-10-16,1,15855.5,16095.106,1.51118820164927
2024-10-17,1,15670.0,16961.756,8.243496230855136
2024-10-18,1,15456.75,16961.758,9.736896905882544
2024-10-19,1,15025.75,16089.024,7.0763483623945564
2024-10-20,1,13432.0,15220.978,13.318772625539758
2024-10-21,1,13665.5,15220.976,11.38250035445099
2024-10-22,1,15381.5,16092.02,4.619312363878685
2024-10-23,1,15165.25,16092.02,6.111139158602727
2024-10-24,1,15652.0,16961.756,8.36797763464733
2024-10-25,1,15463.75,16961.758,9.687222132406434
2024-10-26,1,15302.0,16091.997,5.162704681169128
2024-10-27,1,13536.0,15220.978,12.4481201171875
2024-10-28,1,13566.25,15220.976,12.197369103012992
2024-10-29,1,15278.75,16092.019,5.32287362963266
2024-10-30,1,15171.25,16092.025,6.069212428936311
2024-10-31,1,15338.25,16961.756,10.584687688458592
2024-11-01,1,13963.5,16961.758,21.472108085365416
2024-11-02,1,12564.25,15220.978,21.145134322084484
2024-11-03,1,13661.75,15220.977,11.413080772961004
2024-11-04,1,13716.25,15220.976,10.970386118199215
2024-11-05,1,15993.75,16092.021,0.6144367917155139
2024-11-06,1,16248.5,16961.756,4.389672027417915
2024-11-07,1,16267.5,16961.758,4.267759720301214
2024-11-08,1,16308.75,16961.758,4.0040334942898745
2024-11-09,1,15981.0,16961.758,6.137024044177461
2024-11-10,1,14308.25,15220.978,6.379029853843063
2024-11-11,1,13977.0,15220.977,8.900168580525149
2024-11-12,1,14479.25,16092.019,11.138481307301829
2024-11-13,1,16735.75,16961.754,1.35042592205309
2024-11-14,1,16532.75,16961.758,2.5948968713613887
2024-11-15,1,16221.25,16961.758,4.56504777683594
2024-11-16,1,15935.25,16961.756,6.441730499207732
2024-11-17,1,14212.5,15220.978,7.095708278364116
2024-11-18,1,14413.5,15220.977,5.602224043431505
2024-11-19,1,16278.25,16092.023,1.14402077926067
2024-11-20,1,15968.0,16961.756,6.223420963019789
2024-11-21,1,16492.0,16961.758,2.8483980869512493
2024-11-22,1,17071.25,16961.758,0.6413835395767739
2024-11-23,1,16828.75,16961.758,0.7903606179900469
2024-11-24,1,15167.75,15220.978,0.35092574088114586
2024-11-25,1,14772.75,15220.978,3.0341509811138754
2024-11-26,1,16143.75,16092.023,0.3204123112659698
2024-11-27,1,16179.25,16961.756,4.836477954015174
2024-11-28,1,16335.0,16961.758,3.8369012090603
2024-11-29,1,16383.0,16961.758,3.5326729689312093
2024-11-30,1,16401.75,16961.758,3.414317450881766
2024-12-01,1,14776.0,15220.978,3.011488488511776
2024-12-02,1,14914.75,15220.978,2.0531858667594163
2024-12-03,1,16678.5,16961.756,1.698329342416884
2024-12-04,1,16882.25,16961.758,0.4709550711546151
2024-12-05,1,16448.5,16961.758,3.120392816974192
2024-12-06,1,16917.5,16961.758,0.26160964977094725
2024-12-07,1,16601.75,16961.758,2.168493155842005
2024-12-08,1,14800.0,15220.978,2.8444428315033785
2024-12-09,1,15019.0,15220.978,1.344813496654238
2024-12-10,1,16786.5,16961.758,1.0440402257766659
2024-12-11,1,17033.0,16961.758,0.41825977514237067
2024-12-12,1,16828.75,16961.758,0.7903606179900469
2024-12-13,1,17169.0,16961.758,1.2070719756537946
2024-12-14,1,16927.25,16961.758,0.20385953122923098
2024-12-15,1,15203.75,16090.655,5.833463937762065
2024-12-16,1,15094.0,15220.978,0.8412451243043594
2024-12-17,1,16054.75,16926.58,5.430355988881795
2024-12-18,1,15697.75,16961.756,8.05214670494179
2024-12-19,1,16025.0,16961.758,5.845602574102964
2024-12-20,1,15430.0,16961.758,9.927140716137394
2024-12-21,1,15256.5,16090.725,5.467994686690918
2024-12-22,1,15025.5,15220.9795,1.3009849401850186
2024-12-23,1,14033.5,15220.978,8.4617346995582
2024-12-24,1,13885.5,16961.756,22.154447872780956
2024-12-25,1,12632.25,16961.729,34.27321748401908
2024-12-26,1,12780.0,16961.549,32.719474398474176
2024-12-27,1,13191.75,16961.66,28.57778654272557
2024-12-28,1,14198.75,16090.709,13.32482777973413
2024-12-29,1,13815.25,15220.9795,10.175201260834948
2024-12-30,1,13472.5,15220.977,12.978115141955836
2024-12-31,1,14171.25,16961.754,19.691303916379997
2024-01-01,2,13191.0,15281.397,15.847149275547723
2024-01-02,2,12978.0,15859.716,22.204621823952074
2024-01-03,2,15405.0,16089.175,4.441251572135671
2024-01-04,2,16057.0,16869.365,5.0592591042847355
2024-01-05,2,17123.0,16745.844,2.20262950417567
2024-01-06,2,16716.0,16745.844,0.17853403924383823
2024-01-07,2,15472.0,16062.267,3.815063350326396
2024-01-08,2,16919.0,16062.372,5.063112061513682
2024-01-09,2,20007.0,16870.844,15.675294896786124
2024-01-10,2,20091.0,17552.84,12.633319178985616
2024-01-11,2,19752.0,17552.84,11.13386065335156
2024-01-12,2,19032.0,17552.84,7.771963830653636
2024-01-13,2,18262.0,16745.844,8.302246468075786
2024-01-14,2,16311.0,16062.372,1.5242960559591687
2024-01-15,2,16269.0,16062.37,1.2700834889206467
2024-01-16,2,18339.0,16869.37,8.013691364714543
2024-01-17,2,19174.0,17552.832,8.455032694012726
2024-01-18,2,18464.0,17552.84,4.93479287397097
2024-01-19,2,18423.0,17552.84,4.72322724990501
2024-01-20,2,17802.0,16745.844,5.93279547241883
2024-01-21,2,16050.0,16062.372,0.07708455023364487
2024-01-22,2,16138.0,16062.372,0.46863260433449
2024-01-23,2,17640.0,16869.37,4.368655665391157
2024-01-24,2,17621.0,16869.37,4.265540317660746
2024-01-25,2,17220.0,16938.432,1.6351240381823462
2024-01-26,2,17589.0,17552.637,0.206738764284496
2024-01-27,2,17115.0,16209.316,5.291753396143734
2024-01-28,2,15336.0,15327.223,0.057233592527386544
2024-01-29,2,15748.0,15282.359,2.9568238823977646
2024-01-30,2,17244.0,16869.37,2.1725287600034795
2024-01-31,2,17149.0,16869.37,1.6305957162225202
2024-02-01,2,17303.0,16869.584,2.5048605191296307
2024-02-02,2,17180.0,17552.48,2.1681051731664724
2024-02-03,2,16461.0,16062.372,2.4216507483597596
2024-02-04,2,14735.0,15282.179,3.71346257846963
2024-02-05,2,14978.0,15282.179,2.0308366333121914
2024-02-06,2,16325.0,16869.143,3.3331857771822357
2024-02-07,2,16408.0,16869.37,2.811854830722818
2024-02-08,2,17472.0,16869.37,3.4491235083276095
2024-02-09,2,17717.0,17552.84,0.9265685852570976
2024-02-10,2,16975.0,16062.372,5.376305918630338
2024-02-11,2,14559.0,15282.18,4.967234614327907
2024-02-12,2,15093.0,15282.178,1.253413730702975
2024-02-13,2,16677.0,16869.37,1.1534996739521497
2024-02-14,2,17272.0,16869.37,2.3311189171780917
2024-02-15,2,16863.0,16869.37,0.037769914161181285
2024-02-16,2,16752.0,16869.143,0.6992751798292741
2024-02-17,2,16096.0,16062.218,0.20987963818650596
2024-02-18,2,14998.0,15282.179,1.8947773765668756
2024-02-19,2,15232.0,15282.216,0.32967319007681195
2024-02-20,2,16885.0,16869.37,0.09257245706248149
2024-02-21,2,16878.0,16869.37,0.05113674235691433
2024-02-22,2,16772.0,16869.37,0.5805457943298354
2024-02-23,2,16390.0,16864.012,2.8920788209273947
2024-02-24,2,16320.0,16045.349,1.6829127891390931
2024-02-25,2,14698.0,15282.175,3.9745190140665394
2024-02-26,2,15121.0,15282.179,1.065926267690629
2024-02-27,2,16197.0,16869.37,4.151195533895166
2024-02-28,2,16487.0,16869.37,2.3192159921453266
2024-02-29,2,16850.0,16869.37,0.11495038946587537
2024-03-01,2,16281.0,16858.625,3.5478471838339165
2024-03-02,2,16068.0,15268.297,4.976992313915858
2024-03-03,2,14260.0,14498.13,1.669915026735624
2024-03-04,2,14530.0,14498.13,0.21934010452512046
2024-03-05,2,16452.0,16869.37,2.5368899867797228
2024-03-06,2,17006.0,16869.37,0.8034273748970951
2024-03-07,2,16963.0,16869.37,0.5519711099156989
2024-03-08,2,17516.0,16869.396,3.6915021444679152
2024-03-09,2,16789.0,16062.372,4.3280000577014714
2024-03-10,2,14570.0,16062.372,10.242773303448867
2024-03-11,2,14768.0,14502.099,1.8005238839890303
2024-03-12,2,16769.0,16869.37,0.5985398093207704
2024-03-13,2,16920.0,16869.37,0.299236757535461
2024-03-14,2,16672.0,16869.37,1.183836016224808
2024-03-15,2,16713.0,16848.434,0.8103487928558606
2024-03-16,2,15885.0,15278.461,3.8183132672332385
2024-03-17,2,14208.0,14498.119,2.0419421496692003
2024-03-18,2,15251.0,14511.496,4.848887982755229
2024-03-19,2,17309.0,16869.37,2.5398975063550755
2024-03-20,2,17380.0,16869.37,2.938037165563866
2024-03-21,2,16765.0,16869.37,0.622541846853564
2024-03-22,2,16428.0,16085.4375,2.085235573411249
2024-03-23,2,16192.0,15278.3125,5.642832880434782
2024-03-24,2,14627.0,14498.188,0.88064212372667
2024-03-25,2,15203.0,14500.045,4.623791870847859
2024-03-26,2,17051.0,16869.37,1.06522115638379
2024-03-27,2,16131.0,16869.37,4.577330237586015
2024-03-28,2,15722.0,16085.309,2.310829371263198
2024-03-29,2,15532.0,16085.308,3.5623719880730107
2024-03-30,2,13952.0,14498.119,3.9142713634245982
2024-03-31,2,12042.0,14498.119,20.39627255127886
2024-04-01,2,11599.0,14498.119,24.994561088240367
2024-04-02,2,12185.0,15305.115,25.606198066270004
2024-04-03,2,15454.0,15305.115,0.9634060154328976
2024-04-04,2,16153.0,16085.309,0.41906398966136316
2024-04-05,2,15587.0,16085.309,3.1969499823570926
2024-04-06,2,15426.0,14498.119,6.015045114579282
2024-04-07,2,13545.0,14498.119,7.036686161867848
2024-04-08,2,13866.0,14498.119,4.558770666558488
2024-04-09,2,15425.0,15305.115,0.7772107982171799
2024-04-10,2,15341.0,16085.301,4.851709675053777
2024-04-11,2,15786.0,16085.309,1.896038222158875
2024-04-12,2,15680.0,16085.309,2.58487623565051
2024-04-13,2,15247.0,14498.12,4.911653983160622
2024-04-14,2,13177.0,14498.119,10.02594779255521
2024-04-15,2,14177.0,14498.119,2.2650711760245468
2024-04-16,2,15480.0,16085.274,3.910041434512274
2024-04-17,2,15919.0,16085.309,1.044717593755889
2024-04-18,2,16501.0,16085.309,2.5191891779286104
2024-04-19,2,16477.0,16085.309,2.377200984705954
2024-04-20,2,16183.0,15278.3125,5.590357164926157
2024-04-21,2,14374.0,15278.31,6.2912868395192705
2024-04-22,2,14988.0,15269.195,1.8761363257272485
2024-04-23,2,17210.0,16869.332,1.9794768666472982
2024-04-24,2,16410.0,16869.363,2.7992887340036563
2024-04-25,2,16632.0,16085.309,3.286985367063492
2024-04-26,2,16713.0,16085.309,3.7557075704541374
2024-04-27,2,15763.0,15278.3125,3.0748429867411025
2024-04-28,2,13714.0,14498.119,5.717654518193087
2024-04-29,2,14101.0,14498.119,2.8162480719452523
2024-04-30,2,14942.0,15305.115,2.430164866651051
2024-05-01,2,14006.0,15316.559,9.357122617092676
2024-05-02,2,12374.0,15305.115,23.687693828794245
2024-05-03,2,12676.0,14501.269,14.399404817667245
2024-05-04,2,12667.0,14498.119,14.455823325373016
2024-05-05,2,12681.0,14498.119,14.329462507885813
2024-05-06,2,13041.0,14498.119,11.173369685031822
2024-05-07,2,15028.0,15305.115,1.8439927759848282
2024-05-08,2,15279.0,16085.309,5.277234071274298
2024-05-09,2,15318.0,16085.309,5.009195676654916
2024-05-10,2,15579.0,16085.309,3.2499428316965147
2024-05-11,2,15469.0,15126.346,2.215103089243002
2024-05-12,2,13401.0,14498.119,8.18684531471532
2024-05-13,2,13717.0,14498.119,5.69453335733032
2024-05-14,2,15318.0,16085.213,5.0085709010641075
2024-05-15,2,15148.0,16085.309,6.187672258714021
2024-05-16,2,14996.0,16085.309,7.263994356828488
2024-05-17,2,14989.0,15306.555,2.1185848789112014
2024-05-18,2,14996.0,14498.119,3.3200910867898106
2024-05-19,2,13524.0,14498.119,7.202892196280686
2024-05-20,2,13781.0,14498.119,5.203679998730136
2024-05-21,2,15306.0,15305.115,0.0057805149941199535
2024-05-22,2,15238.0,16085.285,5.560343590038063
2024-05-23,2,15676.0,16079.797,2.5758922875733608
2024-05-24,2,15890.0,15769.074,0.7610181324732537
2024-05-25,2,15312.0,14498.119,5.3153138673915885
2024-05-26,2,13728.0,14498.119,5.609842224832459
2024-05-27,2,13773.0,14498.119,5.264787196870689
2024-05-28,2,15319.0,15305.115,0.0906375456948887
2024-05-29,2,15766.0,16085.309,2.0252987044906763
2024-05-30,2,14854.0,16085.307,8.28939437609398
2024-05-31,2,13092.0,15305.115,16.904332679307974
2024-06-01,2,13791.0,14498.119,5.1273956973751
2024-06-02,2,13284.0,14498.119,9.139710483476362
2024-06-03,2,13160.0,14498.119,10.16807857617781
2024-06-04,2,15192.0,15305.115,0.744571053021327
2024-06-05,2,15310.0,16085.305,5.064041067929457
2024-06-06,2,15902.0,16085.309,1.1527392387749968
2024-06-07,2,15648.0,15986.286,2.1618490082598414
2024-06-08,2,15388.0,14498.119,5.782953336203535
2024-06-09,2,13176.0,14498.119,10.034298274324529
2024-06-10,2,13900.0,14498.119,4.303015400179857
2024-06-11,2,15228.0,15305.115,0.5064042183806147
2024-06-12,2,15020.0,16085.309,7.092600491011984
2024-06-13,2,15538.0,16085.309,3.522387654460033
2024-06-14,2,15121.25,16085.303,6.375483074315946
2024-06-15,2,14302.25,14498.119,1.3694987895261235
2024-06-16,2,12741.75,14498.119,13.784363534247651
2024-06-17,2,12914.0,14498.119,12.266680661491405
2024-06-18,2,15079.25,15305.115,1.4978545642190426
2024-06-19,2,14818.25,15305.115,3.2855784885192243
2024-06-20,2,14823.75,15305.115,3.2472568302555023
2024-06-21,2,15055.75,15305.115,1.6562790586652938
2024-06-22,2,14713.0,14498.119,1.4604829699925235
2024-06-23,2,12767.0,14498.119,13.559325923278765
2024-06-24,2,13220.0,14498.119,9.66807216811649
2024-06-25,2,14840.0,15305.115,3.1341996925539086
2024-06-26,2,14799.25,15305.115,3.4181815590317077
2024-06-27,2,14980.75,15305.115,2.165213586602807
2024-06-28,2,15357.0,15305.115,0.33785743065051765
2024-06-29,2,15917.75,14498.119,8.918539739441817
2024-06-30,2,13416.25,14498.119,8.063871354700456
2024-07-01,2,13372.5,14498.119,8.417417391101141
2024-07-02,2,14588.25,15305.115,4.913990604596165
2024-07-03,2,14466.25,15305.115,5.798774626285319
2024-07-04,2,14750.25,15305.115,3.761734440941679
2024-07-05,2,14460.0,15305.115,5.844503695539419
2024-07-06,2,14265.25,14498.119,1.6324224295052665
2024-07-07,2,12661.5,14498.119,14.505541528452396
2024-07-08,2,13157.75,14498.119,10.186917524842773
2024-07-09,2,14977.75,15305.115,2.1856769833586487
2024-07-10,2,15041.25,15305.115,1.7542772999252059
2024-07-11,2,15661.75,15305.115,2.2771067449359106
2024-07-12,2,15445.75,15305.115,0.9105078460094201
2024-07-13,2,14662.75,14498.119,1.1227829661898348
2024-07-14,2,12906.75,14498.119,12.329743278710751
2024-07-15,2,13264.25,14498.119,9.302215659573667
2024-07-16,2,14960.25,15305.115,2.3052103699804483
2024-07-17,2,14972.0,15305.115,2.224921415809511
2024-07-18,2,14522.5,15305.115,5.3889842270614565
2024-07-19,2,14633.5,15305.115,4.589573474390953
2024-07-20,2,14420.25,14498.119,0.5399985480487509
2024-07-21,2,12912.25,14498.119,12.281896188696779
2024-07-22,2,12957.75,14498.119,11.887628181011364
2024-07-23,2,14678.25,15305.115,4.2707082545603186
2024-07-24,2,14613.5,15305.115,4.732714506278441
2024-07-25,2,14298.75,15305.115,7.03813434303698
2024-07-26,2,14462.25,15305.115,5.828036677384225
2024-07-27,2,14101.0,14498.119,2.8162480719452523
2024-07-28,2,12799.0,14498.119,13.275405427181811
2024-07-29,2,12021.0,14498.117,20.606581711172115
2024-07-30,2,13597.5,15305.115,12.558302881963595
2024-07-31,2,13968.25,15305.115,9.570742465054678
2024-08-01,2,14242.25,15305.115,7.462762094296899
2024-08-02,2,14351.0,15305.115,6.648423345934082
2024-08-03,2,13925.75,14498.119,4.11014947579125
2024-08-04,2,12359.25,14498.119,17.305816620142807
2024-08-05,2,12462.25,14498.115,16.33625737226424
2024-08-06,2,13706.25,15305.115,11.665227428180575
2024-08-07,2,13852.75,15305.115,10.4843098617603
2024-08-08,2,14040.0,15305.115,9.010792267628204
2024-08-09,2,14283.75,15305.115,7.15053983985298
2024-08-10,2,14035.5,14498.119,3.29606455505682
2024-08-11,2,12460.0,14498.119,16.35729647371589
2024-08-12,2,12660.0,14498.116,14.519085394451025
2024-08-13,2,13927.5,15305.115,9.891331785137318
2024-08-14,2,13741.5,15305.115,11.378781314812793
2024-08-15,2,13317.25,15305.115,14.926994945465468
2024-08-16,2,12604.25,14996.772,18.98187088432473
2024-08-17,2,13394.25,14498.119,8.241365814621945
2024-08-18,2,12612.5,14498.119,14.950399529236869
2024-08-19,2,12793.75,14498.109,13.32181240840254
2024-08-20,2,14460.5,15305.115,5.840843915321047
2024-08-21,2,14687.25,15305.115,4.206813626614921
2024-08-22,2,14228.5,15305.115,7.566610917348983
2024-08-23,2,14092.0,15305.115,8.608538421622198
2024-08-24,2,14278.5,14498.119,1.5381107302937984
2024-08-25,2,12671.25,14498.119,14.417434275426654
2024-08-26,2,13118.0,14498.116,10.520782214800274
2024-08-27,2,14506.75,15305.115,5.503405203612111
2024-08-28,2,14369.75,15305.115,6.509265884062006
2024-08-29,2,14640.25,15305.115,4.541351646146754
2024-08-30,2,14956.0,15308.157,2.354621734170233
2024-08-31,2,14620.5,14498.119,0.8370497546253549
2024-09-01,2,12716.0,14498.119,14.01477776521705
2024-09-02,2,12780.0,14498.115,13.443781176643194
2024-09-03,2,14327.75,15305.115,6.821484422711173
2024-09-04,2,14546.25,15305.115,5.216913186388244
2024-09-05,2,14643.0,15305.115,4.521718461893054
2024-09-06,2,14477.0,15308.807,5.745711408613663
2024-09-07,2,14219.5,14498.119,1.9594158769647314
2024-09-08,2,12467.5,14498.119,16.28730010527371
2024-09-09,2,12972.0,14498.102,11.764581887912428
2024-09-10,2,14435.0,15305.115,6.027815963803256
2024-09-11,2,14247.25,15305.115,7.425048583937251
2024-09-12,2,14588.5,15305.115,4.912192716009185
2024-09-13,2,14407.0,15988.095,10.974489668650655
2024-09-14,2,14102.5,14498.119,2.8053121122141462
2024-09-15,2,12928.75,14498.119,12.13859917335396
2024-09-16,2,12672.0,14498.115,14.410631584398676
2024-09-17,2,14173.25,15305.115,7.985925841814686
2024-09-18,2,14270.5,15305.115,7.250027920360183
2024-09-19,2,14160.25,15305.115,8.085063712681627
2024-09-20,2,14113.5,15162.409,7.43195649333971
2024-09-21,2,14029.5,14498.12,3.3402481712641223
2024-09-22,2,12366.25,14498.119,17.239414864045287
2024-09-23,2,12481.0,14498.108,16.161432564998798
2024-09-24,2,14014.0,15305.115,9.213038635471671
2024-09-25,2,14406.75,15305.115,6.235724465094487
2024-09-26,2,14222.0,15305.116,7.6157798547145275
2024-09-27,2,14530.25,14827.278,2.04420653679393
2024-09-28,2,14068.0,14498.119,3.0574292054663066
2024-09-29,2,12350.5,14498.119,17.388924663981214
2024-09-30,2,13204.25,14498.118,9.798876604597005
2024-10-01,2,14571.0,15305.115,5.038193908276714
2024-10-02,2,14898.25,15305.115,2.730959907203866
2024-10-03,2,15119.0,15988.579,5.7515649286493815
2024-10-04,2,15011.5,15798.326,5.241489337341371
2024-10-05,2,14778.5,15181.554,2.7272978376526713
2024-10-06,2,13087.0,14498.119,10.782602129021166
2024-10-07,2,13536.75,14498.119,7.101919889375219
2024-10-08,2,14937.25,15305.115,2.4627373470685705
2024-10-09,2,14771.25,15305.115,3.6142183929931453
2024-10-10,2,14757.75,15571.304,5.5127218643594045
2024-10-11,2,14804.5,15181.66,2.5476048245465908
2024-10-12,2,14667.5,15181.583,3.504912274160559
2024-10-13,2,12997.75,14498.119,11.543298960396992
2024-10-14,2,13312.5,14498.119,8.90605927230047
2024-10-15,2,14832.0,15305.115,3.1898276319781553
2024-10-16,2,15550.5,15305.117,1.577973778978168
2024-10-17,2,15392.0,15997.381,3.9330877038396572
2024-10-18,2,15255.0,15181.764,0.48008081366764993
2024-10-19,2,14746.5,15181.589,2.9504551397789305
2024-10-20,2,13170.0,14498.119,10.084427795178435
2024-10-21,2,13542.75,14498.119,7.05446929630245
2024-10-22,2,15174.0,15305.115,0.8640782547449586
2024-10-23,2,14950.5,15305.115,2.3719289279622755
2024-10-24,2,15459.5,15988.586,3.422400061450888
2024-10-25,2,15234.0,15181.591,0.3440276991433635
2024-10-26,2,14957.5,15181.59,1.498177126859435
2024-10-27,2,13030.75,14498.119,11.260818760432056
2024-10-28,2,13469.75,14498.119,7.6346564756213
2024-10-29,2,15074.0,15305.115,1.5332044206912565
2024-10-30,2,15007.25,15305.115,1.9848089048626498
2024-10-31,2,15036.5,15987.446,6.324252911664948
2024-11-01,2,13972.5,15181.587,8.653332718285919
2024-11-02,2,12406.25,14498.119,16.861413727959697
2024-11-03,2,13287.25,14498.119,9.113015414212873
2024-11-04,2,13587.25,14498.119,6.703852071795249
2024-11-05,2,15806.25,16088.716,1.787051453143535
2024-11-06,2,16076.25,17049.162,6.051859789285436
2024-11-07,2,16086.25,17552.84,9.11703997979641
2024-11-08,2,16045.25,15218.509,5.152560483242704
2024-11-09,2,15560.75,15185.34,2.412545386629822
2024-11-10,2,13952.0,14499.183,3.9218937585113247
2024-11-11,2,13761.5,14504.565,5.399596190004723
2024-11-12,2,14373.25,16088.829,11.935916383298837
2024-11-13,2,16464.0,16868.93,2.4594854682944605
2024-11-14,2,16270.25,17552.84,7.883037099921636
2024-11-15,2,15891.75,15490.849,2.5227011951956206
2024-11-16,2,15608.75,15181.601,2.7366023164090656
2024-11-17,2,13730.25,14498.12,5.5925428683927825
2024-11-18,2,14314.25,14498.122,1.2845386262815026
2024-11-19,2,16046.75,16089.175,0.2643825365728263
2024-11-20,2,15713.75,16749.703,6.592653726831596
2024-11-21,2,16205.75,17552.84,8.31241901022785
2024-11-22,2,16796.5,16745.875,0.30140207781383027
2024-11-23,2,16389.0,16745.795,2.177039001006773
2024-11-24,2,14654.5,15282.179,4.283180667627691
2024-11-25,2,14685.25,15282.179,4.064818174273506
2024-11-26,2,15861.25,16089.175,1.4369914394357317
2024-11-27,2,15965.25,16869.172,5.661808458996884
2024-11-28,2,16092.5,17552.824,9.074564043809227
2024-11-29,2,16038.75,15964.313,0.46410426895799234
2024-11-30,2,16062.25,15965.647,0.6014259463182305
2024-12-01,2,14476.75,15282.179,5.563601712659954
2024-12-02,2,14692.5,15282.179,4.01346748979071
2024-12-03,2,16425.5,16089.546,2.045320395497854
2024-12-04,2,16636.5,16869.395,1.3999010083250683
2024-12-05,2,16205.75,17552.84,8.31241901022785
2024-12-06,2,16735.0,16745.844,0.06479683298476248
2024-12-07,2,16270.0,16601.45,2.037180201290719
2024-12-08,2,14499.0,15282.179,5.401605013707842
2024-12-09,2,14906.5,15282.179,2.5202341994264246
2024-12-10,2,16623.0,16585.328,0.2266250075197016
2024-12-11,2,16801.75,16873.217,0.4253532928117607
2024-12-12,2,16565.0,17552.84,5.96341589948687
2024-12-13,2,16967.0,16745.854,1.3033917862615665
2024-12-14,2,16521.75,16745.844,1.356356015555253
2024-12-15,2,14888.75,15282.179,2.6424562904038282
2024-12-16,2,14864.25,15282.179,2.8116367185529034
2024-12-17,2,15786.75,16089.175,1.9156875524569656
2024-12-18,2,15511.5,16089.359,3.725361022467202
2024-12-19,2,15773.5,16089.245,2.001744173376232
2024-12-20,2,15059.5,15181.78,0.8119809650884824
2024-12-21,2,14920.75,15185.897,1.777038425933683
2024-12-22,2,14606.75,15282.179,4.624086199445462
2024-12-23,2,13788.5,15282.179,10.832786096656633
2024-12-24,2,13448.0,16089.175,19.639907827836854
2024-12-25,2,12205.25,15305.9375,25.404539030335304
2024-12-26,2,12457.0,15305.111,22.863541206751226
2024-12-27,2,12961.0,14498.07,11.859195374585294
2024-12-28,2,13868.75,14498.11,4.537974594411897
2024-12-29,2,13300.5,15203.411,14.307064642776588
2024-12-30,2,13255.0,15282.179,15.293690765277255
2024-12-31,2,13847.25,16089.175,16.1903974051707
2024-01-01,3,12752.0,14408.702,12.991704426266468
2024-01-02,3,13101.0,15107.51,15.315699302534158
2024-01-03,3,15333.0,16555.443,7.972630009619774
2024-01-04,3,15976.0,16555.443,3.6269614382511266
2024-01-05,3,17094.0,16563.537,3.1032110133672632
2024-01-06,3,16506.0,17291.604,4.7595026997758385
2024-01-07,3,15362.0,15156.115,1.3402211015818253
2024-01-08,3,17042.0,15854.916,6.965637744249502
2024-01-09,3,19947.0,17302.85,13.255880035218329
2024-01-10,3,20146.0,17302.85,14.11272903119726
2024-01-11,3,19786.0,17302.85,12.550037352799958
2024-01-12,3,19061.0,17302.85,9.223809824379623
2024-01-13,3,18137.0,17302.85,4.599164087914208
2024-01-14,3,16109.0,15854.916,1.5772796844931405
2024-01-15,3,16391.0,15854.916,3.2705996240314805
2024-01-16,3,18351.0,17302.85,5.711679966350608
2024-01-17,3,19020.0,17302.85,9.028130339773922
2024-01-18,3,18359.0,17302.85,5.752766439484722
2024-01-19,3,18426.0,17302.85,6.095465052778682
2024-01-20,3,17803.0,17302.85,2.8093601675279447
2024-01-21,3,15913.0,15854.916,0.36500964227361277
2024-01-22,3,16267.0,15854.916,2.5332512717464803
2024-01-23,3,17604.0,17302.85,1.7106929710577141
2024-01-24,3,17577.0,17302.85,1.5597109326107983
2024-01-25,3,17245.0,17302.658,0.3343473651783126
2024-01-26,3,17693.0,17217.168,2.689380157406884
2024-01-27,3,16971.0,17302.85,1.9553921947734372
2024-01-28,3,15147.0,15156.108,0.06013334942562883
2024-01-29,3,15786.0,15854.916,0.4365641430698087
2024-01-30,3,17292.0,17302.848,0.06273222443904695
2024-01-31,3,17082.0,17302.85,1.2928791088572766
2024-02-01,3,17307.0,17302.838,0.024048705003755704
2024-02-02,3,17283.0,17201.182,0.47340368787247583
2024-02-03,3,16354.0,17139.21,4.801338739757857
2024-02-04,3,14462.0,14458.144,0.026666058031392614
2024-02-05,3,15037.0,15408.951,2.4735729991022146
2024-02-06,3,16438.0,16065.146,2.268241365281664
2024-02-07,3,16478.0,17087.979,3.7017751888882144
2024-02-08,3,17654.0,17155.248,2.8251498421037726
2024-02-09,3,17657.0,17302.85,2.0057223232995414
2024-02-10,3,16946.0,17302.85,2.1058043749262363
2024-02-11,3,14369.0,15156.077,5.47760559842369
2024-02-12,3,15048.0,15111.112,0.4194065968068847
2024-02-13,3,16586.0,16563.848,0.13356049529723862
2024-02-14,3,17303.0,17302.85,0.0008691592498410681
2024-02-15,3,16901.0,17282.807,2.2590772180640197
2024-02-16,3,16755.0,16555.443,1.19102739853775
2024-02-17,3,16038.0,15179.137,5.3551769625264996
2024-02-18,3,14953.0,14929.6045,0.15646029433892863
2024-02-19,3,15269.0,15854.916,3.8372913460278997
2024-02-20,3,16829.0,16623.4,1.2216983146651614
2024-02-21,3,16899.0,17302.85,2.3897840663648737
2024-02-22,3,16653.0,16555.443,0.5858202163273885
2024-02-23,3,16354.0,16555.443,1.2317681262993763
2024-02-24,3,16274.0,15034.413,7.616977473654295
2024-02-25,3,14626.0,14501.11,0.8538879286031723
2024-02-26,3,15253.0,15854.757,3.945170366075526
2024-02-27,3,16240.0,16571.582,2.0417612761699506
2024-02-28,3,16523.0,16858.816,2.0324178796223444
2024-02-29,3,16825.0,16555.443,1.60211970653789
2024-03-01,3,16309.0,16555.443,1.511088107026795
2024-03-02,3,16035.0,14866.02,7.290180659494855
2024-03-03,3,14111.0,14408.701,2.1097099558854793
2024-03-04,3,14587.0,15002.39,2.847670175070268
2024-03-05,3,16642.0,16511.355,0.7850290304650884
2024-03-06,3,16958.0,17302.85,2.033551181595707
2024-03-07,3,17065.0,17208.826,0.8428137818634632
2024-03-08,3,17629.0,17302.85,1.850078794174372
2024-03-09,3,16723.0,17302.85,3.4673779188841714
2024-03-10,3,14422.0,15854.907,9.93556529304188
2024-03-11,3,14909.0,14431.768,3.2009686892145686
2024-03-12,3,16748.0,16577.13,1.0202360916228803
2024-03-13,3,16964.0,17302.848,1.9974514044447063
2024-03-14,3,16783.0,16555.443,1.355875830453435
2024-03-15,3,16825.0,16555.443,1.60211970653789
2024-03-16,3,15728.0,16553.871,5.250960667281282
2024-03-17,3,14084.0,14408.696,2.3054266477030674
2024-03-18,3,15382.0,15107.354,1.7855056844038486
2024-03-19,3,17330.0,17302.85,0.1566669972590883
2024-03-20,3,17482.0,17302.85,1.0247705675838004
2024-03-21,3,16924.0,17294.066,2.1866367658355
2024-03-22,3,16515.0,16555.443,0.24488864290039355
2024-03-23,3,16051.0,16553.51,3.130706906890537
2024-03-24,3,14445.0,14402.682,0.29296198944271373
2024-03-25,3,15285.0,15129.243,1.0190175723748773
2024-03-26,3,17104.0,16618.535,2.8383117618685687
2024-03-27,3,16189.0,17302.85,6.880286672277472
2024-03-28,3,15777.0,16555.443,4.934039166983584
2024-03-29,3,15491.0,16555.443,6.87136633771222
2024-03-30,3,13900.0,14398.659,3.5874761128597124
2024-03-31,3,12042.0,13692.062,13.70255375716243
2024-04-01,3,11522.0,13692.062,18.834069809386392
2024-04-02,3,12209.0,14390.87,17.870997765480386
2024-04-03,3,15445.0,15838.804,2.549716483894464
2024-04-04,3,16130.0,16555.205,2.6361133175759455
2024-04-05,3,15738.0,16555.443,5.194073957141949
2024-04-06,3,15296.0,14426.109,5.687046450052302
2024-04-07,3,13368.0,13692.062,2.4241586133864454
2024-04-08,3,13934.0,14390.87,3.2788152518121145
2024-04-09,3,15448.0,14954.94,3.19173724956305
2024-04-10,3,15219.0,15838.804,4.072565286401867
2024-04-11,3,15767.0,15838.804,0.4554050290955794
2024-04-12,3,15637.0,16470.143,5.32802058019441
2024-04-13,3,15088.0,14381.717,4.681092279460499
2024-04-14,3,13338.0,13692.062,2.6545323394624383
2024-04-15,3,14218.0,14390.87,1.2158539681213953
2024-04-16,3,15556.0,15112.251,2.852590790932759
2024-04-17,3,15950.0,15838.804,0.6971554173197493
2024-04-18,3,16535.0,15843.515,4.181949510508013
2024-04-19,3,16545.0,16555.436,0.06307371940163191
2024-04-20,3,15940.0,15988.381,0.30351856571518193
2024-04-21,3,14289.0,14390.876,0.7129678533312338
2024-04-22,3,15060.0,14621.101,2.9143387387948207
2024-04-23,3,17248.0,16586.21,3.836903191674397
2024-04-24,3,16456.0,16586.21,0.7912672429508993
2024-04-25,3,16728.0,15838.804,5.315616266514227
2024-04-26,3,16752.0,16491.373,1.55579604300979
2024-04-27,3,15680.0,15838.804,1.0127787687340561
2024-04-28,3,13582.0,13692.062,0.8103484276063909
2024-04-29,3,14136.0,14390.87,1.8029861147955577
2024-04-30,3,15039.0,15112.208,0.4867877372996875
2024-05-01,3,13945.0,15838.804,13.580521412244531
2024-05-02,3,12307.0,15838.804,28.6975193868327
2024-05-03,3,12569.0,15139.987,20.454986909758137
2024-05-04,3,12602.0,13692.062,8.64990893062609
2024-05-05,3,12535.0,13692.062,9.230646377642602
2024-05-06,3,13025.0,13861.497,6.422242382437619
2024-05-07,3,15045.0,14458.88,3.895780107593885
2024-05-08,3,15286.0,15838.804,3.6164052789317025
2024-05-09,3,15392.0,15838.804,2.9028307623278327
2024-05-10,3,15431.0,15838.804,2.6427562111172316
2024-05-11,3,15348.0,15218.536,0.8435227207942403
2024-05-12,3,13369.0,13692.062,2.4164972955157453
2024-05-13,3,13840.0,14390.87,3.9802754132044793
2024-05-14,3,15375.0,15115.769,1.686058180894309
2024-05-15,3,15056.0,15838.804,5.199280758086477
2024-05-16,3,14951.0,15838.804,5.9380891641863425
2024-05-17,3,15044.0,15838.804,5.283194037074581
2024-05-18,3,14905.0,14541.515,2.4386806545622273
2024-05-19,3,13267.0,13692.062,3.203900832422552
2024-05-20,3,13858.0,14390.87,3.8452166054805885
2024-05-21,3,15351.0,15112.36,1.5545544162432414
2024-05-22,3,15168.0,15838.804,4.4224928199993405
2024-05-23,3,15711.0,15838.804,0.8134664307650691
2024-05-24,3,15872.0,15838.804,0.2091500066941784
2024-05-25,3,15174.0,15139.991,0.22412540571042575
2024-05-26,3,13502.0,13692.062,1.4076545951525699
2024-05-27,3,13653.0,14390.87,5.404454092049367
2024-05-28,3,15217.0,15112.393,0.6874378778668594
2024-05-29,3,15692.0,15838.804,0.9355321879779506
2024-05-30,3,14605.0,15838.804,8.447817260783978
2024-05-31,3,13048.0,15812.476,21.186968009944053
2024-06-01,3,13753.0,13692.062,0.4430922457827383
2024-06-02,3,13010.0,13692.062,5.242594338489623
2024-06-03,3,13234.0,13698.589,3.510570252285779
2024-06-04,3,15218.0,15112.333,0.694355317305165
2024-06-05,3,15258.0,15838.804,3.806552044419321
2024-06-06,3,15636.0,15838.804,1.2970306404291378
2024-06-07,3,15663.0,15838.804,1.1224140390570134
2024-06-08,3,15106.0,15139.995,0.22504380502780352
2024-06-09,3,12934.0,13692.062,5.860998325633988
2024-06-10,3,13934.0,14390.364,3.2751848558382375
2024-06-11,3,15162.0,15615.438,2.9906244332047227
2024-06-12,3,14947.0,15838.804,5.96643949245668
2024-06-13,3,15438.0,15838.804,2.5962152541618084
2024-06-14,3,14992.25,15838.804,5.646608820807417
2024-06-15,3,14082.0,15134.696,7.475474286766795
2024-06-16,3,12450.25,13692.062,9.974189461556996
2024-06-17,3,12781.5,13692.062,7.1240583925008805
2024-06-18,3,14847.5,15112.332,1.7836809648088905
2024-06-19,3,14830.25,15838.804,6.8006521194012235
2024-06-20,3,14680.5,15838.804,7.890083518527979
2024-06-21,3,14893.75,15838.804,6.345303976080571
2024-06-22,3,14679.25,15129.709,3.0686784704600027
2024-06-23,3,12643.25,13692.062,8.295426598679137
2024-06-24,3,13273.5,13692.063,3.153376852845896
2024-06-25,3,14744.25,15113.146,2.501968458042966
2024-06-26,3,14743.0,15838.804,7.432705086736078
2024-06-27,3,14943.25,15838.804,5.993031709551135
2024-06-28,3,15221.25,15838.804,4.057181315184364
2024-06-29,3,15744.5,15139.995,3.839467006335546
2024-06-30,3,13067.0,13692.062,4.7835120795706745
2024-07-01,3,13265.25,13692.062,3.2175158661728953
2024-07-02,3,14471.25,15112.339,4.430086324177248
2024-07-03,3,14489.75,15838.804,9.310400185907278
2024-07-04,3,14712.0,15838.804,7.6590790574870855
2024-07-05,3,14388.5,15838.804,10.079603231313202
2024-07-06,3,14094.25,14527.477,3.0737823048406265
2024-07-07,3,12530.75,13692.062,9.267693661093709
2024-07-08,3,13113.25,13692.062,4.413944090423808
2024-07-09,3,14921.5,15113.64,1.2876697948430116
2024-07-10,3,15053.0,15838.804,5.220246535159104
2024-07-11,3,15492.0,15838.804,2.238598702152724
2024-07-12,3,15416.5,15838.804,2.7392969282100346
2024-07-13,3,14478.0,15139.992,4.572400797762121
2024-07-14,3,12708.0,13692.062,7.7436380503423035
2024-07-15,3,13294.75,13692.062,2.988484352375938
2024-07-16,3,14987.25,15122.534,0.9026617937747086
2024-07-17,3,14735.25,15838.804,7.4892092834359785
2024-07-18,3,14577.25,15838.804,8.654264082302904
2024-07-19,3,14559.25,15373.8955,5.595380997046552
2024-07-20,3,14281.75,15121.175,5.8776046681078995
2024-07-21,3,12627.0,13692.062,8.43479467361606
2024-07-22,3,12961.0,13692.062,5.640471595073683
2024-07-23,3,14753.25,15112.327,2.433885065578771
2024-07-24,3,14542.5,15838.804,8.913898648358261
2024-07-25,3,14266.0,15838.804,11.02484025611594
2024-07-26,3,14387.5,15201.243,5.655903833622936
2024-07-27,3,13857.0,14707.981,6.14116652459046
2024-07-28,3,12631.25,13692.062,8.398309933201386
2024-07-29,3,12024.5,13692.062,13.868032129714333
2024-07-30,3,13571.5,14390.866,6.037403462679144
2024-07-31,3,13956.75,15838.804,13.484899499794006
2024-08-01,3,14178.25,15838.804,11.711979341156349
2024-08-02,3,14191.25,15139.997,6.685436943979566
2024-08-03,3,13731.0,13705.335,0.1869131094785522
2024-08-04,3,12239.0,13692.062,11.87238764145355
2024-08-05,3,12533.5,13692.061,9.24371122890653
2024-08-06,3,13637.25,14390.921,5.526560695429797
2024-08-07,3,13925.75,15838.803,13.737520308600972
2024-08-08,3,14120.75,15838.804,12.166872941858612
2024-08-09,3,14276.0,15139.995,6.052081235552676
2024-08-10,3,13750.5,13725.413,0.18244364977637176
2024-08-11,3,12311.0,13692.062,11.218110010864269
2024-08-12,3,12682.5,13692.061,7.960264513108614
2024-08-13,3,13891.5,14392.257,3.604771521703919
2024-08-14,3,13623.0,15838.802,16.265152740310505
2024-08-15,3,13107.75,15838.804,20.835411958097307
2024-08-16,3,12557.75,15139.995,20.562960062013495
2024-08-17,3,13273.5,13692.062,3.1533621383772177
2024-08-18,3,12376.5,13692.062,10.62951176372561
2024-08-19,3,12829.25,13692.06,6.725331335132608
2024-08-20,3,14458.25,14933.75,3.2887797624193795
2024-08-21,3,14587.0,15838.803,8.58163251096867
2024-08-22,3,14220.75,15838.804,11.37811796802208
2024-08-23,3,14087.0,15139.995,7.474942267249947
2024-08-24,3,14252.5,13716.038,3.76398466277846
2024-08-25,3,12483.75,13692.062,9.679074984980476
2024-08-26,3,13048.75,13692.06,4.930047478206725
2024-08-27,3,14530.0,15077.373,3.7671923391259465
2024-08-28,3,14410.25,15838.803,9.913448652001179
2024-08-29,3,14579.5,15838.804,8.63749587391543
2024-08-30,3,15038.75,15139.995,0.6732282748732441
2024-08-31,3,14524.0,15139.716,4.239299231014184
2024-09-01,3,12582.0,13692.062,8.82261582767048
2024-09-02,3,12805.25,13692.059,6.925351662404092
2024-09-03,3,14352.5,14393.464,0.2854127656331649
2024-09-04,3,14592.75,15838.801,8.538834566822565
2024-09-05,3,14650.5,15838.804,8.111011302941879
2024-09-06,3,14392.75,15139.995,5.1918161378992895
2024-09-07,3,14132.25,13700.159,3.0574807289179007
2024-09-08,3,12370.75,13692.062,10.680933035082756
2024-09-09,3,12925.0,13692.055,5.934659090909091
2024-09-10,3,14456.25,14394.58,0.4265969520103761
2024-09-11,3,14172.75,15838.8,11.755303696794906
2024-09-12,3,14559.5,15838.804,8.78672832815344
2024-09-13,3,14465.5,15139.995,4.662784675175417
2024-09-14,3,13964.25,13699.544,1.8955980785756485
2024-09-15,3,12782.5,13692.062,7.115677867690201
2024-09-16,3,12702.25,13692.057,7.792372537345746
2024-09-17,3,14166.0,14390.836,1.5871518953833121
2024-09-18,3,14315.75,15838.797,10.63895971220509
2024-09-19,3,14227.0,15838.804,11.329188943118718
2024-09-20,3,14121.75,15139.995,7.210474036061394
2024-09-21,3,13866.0,13694.569,1.236338266713544
2024-09-22,3,12194.0,13692.062,12.285234733783009
2024-09-23,3,12391.25,13692.053,10.497752320185615
2024-09-24,3,14053.75,14390.831,2.398513241572534
2024-09-25,3,14449.25,15838.796,9.616733729691852
2024-09-26,3,14191.5,15838.804,11.607678617041891
2024-09-27,3,14492.25,15139.995,4.469596627076541
2024-09-28,3,13924.25,13692.065,1.667483493276119
2024-09-29,3,12206.0,13692.062,12.174844530865968
2024-09-30,3,13296.75,13692.058,2.9729641994284317
2024-10-01,3,14523.5,14397.035,0.8707601043136984
2024-10-02,3,14998.0,15838.803,5.606099042372317
2024-10-03,3,15163.75,15839.862,4.458740777759459
2024-10-04,3,15189.0,15855.5,4.38804397919547
2024-10-05,3,14821.5,14726.19,0.6430494235569949
2024-10-06,3,13013.75,13692.062,5.2122679737777355
2024-10-07,3,13608.0,13692.061,0.6177288865005879
2024-10-08,3,15038.5,14395.16,4.277952214316588
2024-10-09,3,14848.0,15838.802,6.672964424922548
2024-10-10,3,14722.25,15838.871,7.584581797958871
2024-10-11,3,14795.75,15856.477,7.169130071135292
2024-10-12,3,14659.25,15122.542,3.1604071981001756
2024-10-13,3,12778.25,13692.0625,7.151311799346546
2024-10-14,3,13374.25,13692.06,2.3762795694151073
2024-10-15,3,14878.0,14390.866,3.274188661530448
2024-10-16,3,15626.0,16462.826,5.355344757935492
2024-10-17,3,15441.75,16555.443,7.212222444833001
2024-10-18,3,15282.25,16555.127,8.329120078031703
2024-10-19,3,14607.25,15135.064,3.6133731751356346
2024-10-20,3,12961.75,13714.1455,5.804737074951299
2024-10-21,3,13615.0,13692.061,0.5659974063532868
2024-10-22,3,15161.75,14390.893,5.0842245906640064
2024-10-23,3,14936.75,16530.838,10.672253941620498
2024-10-24,3,15538.75,16555.443,6.542954609444132
2024-10-25,3,15253.0,16555.44,8.538906792925982
2024-10-26,3,14897.25,15134.938,1.595519149927
2024-10-27,3,12708.5,14408.3545,13.375728781425817
2024-10-28,3,13669.5,13692.061,0.16504295603350524
2024-10-29,3,15110.25,14390.868,4.760886391274135
2024-10-30,3,15132.5,16555.434,9.403162687923345
2024-10-31,3,15167.75,16555.443,9.148973047254866
2024-11-01,3,13916.0,15856.634,13.945341973717303
2024-11-02,3,12265.75,14408.701,17.471016218942992
2024-11-03,3,13190.75,14408.434,9.23134464492163
2024-11-04,3,13616.0,13719.814,0.7624445734797297
2024-11-05,3,15876.5,15864.74,0.07407026501432935
2024-11-06,3,16221.75,17302.85,6.664506661580901
2024-11-07,3,16191.75,16592.473,2.4748569873546713
2024-11-08,3,16147.25,16555.443,2.5279435159237638
2024-11-09,3,15451.25,15146.235,1.9740451318663539
2024-11-10,3,13775.0,15136.415,9.883230773593468
2024-11-11,3,13696.0,15155.7295,10.658071642724153
2024-11-12,3,14384.75,15853.859,10.212964250334554
2024-11-13,3,16497.25,17302.85,4.883235747624604
2024-11-14,3,16268.25,17237.451,5.95762403377745
2024-11-15,3,15949.25,16555.443,3.8007640445475492
2024-11-16,3,15414.75,15135.243,1.8132427443682189
2024-11-17,3,13595.5,14408.702,5.981406703964547
2024-11-18,3,14360.75,14408.954,0.33566562723047194
2024-11-19,3,16168.75,16152.832,0.09844897564746811
2024-11-20,3,15854.5,17302.51,9.133115302437794
2024-11-21,3,16213.0,16555.443,2.1121529598161968
2024-11-22,3,16925.75,17253.334,1.9354178359895426
2024-11-23,3,16241.0,16603.322,2.2309110622806476
2024-11-24,3,14522.75,15156.107,4.361139741956585
2024-11-25,3,14643.75,15448.505,5.495551909944515
2024-11-26,3,15954.25,15885.286,0.4322601638278202
2024-11-27,3,16209.75,17302.834,6.743373490491833
2024-11-28,3,16127.0,16555.443,2.656683570254852
2024-11-29,3,16040.5,16555.443,3.2102700001558557
2024-11-30,3,15975.25,15146.157,5.189857895416347
2024-12-01,3,14389.0,15156.107,5.331207324171242
2024-12-02,3,14845.25,15854.886,6.801069312995739
2024-12-03,3,16320.5,16656.68,2.0598614472595815
2024-12-04,3,16709.75,17302.85,3.5494223993476863
2024-12-05,3,16195.5,16622.383,2.635811259300423
2024-12-06,3,16722.75,16581.404,0.8452300197335965
2024-12-07,3,16220.5,16386.475,1.0232397853025492
2024-12-08,3,14403.75,15156.107,5.2233440727241165
2024-12-09,3,14875.5,15854.376,6.580457642180095
2024-12-10,3,16754.25,16806.918,0.3143558723905875
2024-12-11,3,16834.75,17302.85,2.7805557514961614
2024-12-12,3,16655.0,17302.848,3.8898088036625635
2024-12-13,3,16987.25,17302.656,1.8567234249216322
2024-12-14,3,16340.75,16584.053,1.4889324809142785
2024-12-15,3,14697.5,15156.107,3.1203090449055964
2024-12-16,3,14860.0,15854.795,6.69444765730148
2024-12-17,3,15780.5,15854.931,0.47166226711764525
2024-12-18,3,15624.75,16555.445,5.956545304724876
2024-12-19,3,16011.0,16555.443,3.400433198269939
2024-12-20,3,15255.5,16548.113,8.473096792959916
2024-12-21,3,15001.5,14408.701,3.9515970277972206
2024-12-22,3,14575.25,15150.0205,3.943469290835492
2024-12-23,3,13639.25,15378.825,12.754185129772534
2024-12-24,3,13303.5,15109.044,13.571946820855413
2024-12-25,3,12008.25,16555.441,37.867227999500344
2024-12-26,3,12344.5,16555.443,34.11189889728219
2024-12-27,3,12957.25,15547.068,19.98740750834475
2024-12-28,3,13749.75,14408.701,4.792459294714449
2024-12-29,3,13123.5,14408.701,9.793128143216368
2024-12-30,3,13266.5,14431.593,8.782216661798516
2024-12-31,3,13775.75,15687.767,13.879582611200842
2024-01-01,4,12708.0,14539.507,14.412235095510702
2024-01-02,4,13510.0,15423.872,14.166336567820133
2024-01-03,4,15769.0,17116.166,8.543129022924726
2024-01-04,4,16399.0,17119.531,4.3937511433624
2024-01-05,4,17568.0,17119.531,2.552759278233151
2024-01-06,4,16333.0,17119.531,4.815595726443397
2024-01-07,4,15476.0,15367.426,0.7015651250323082
2024-01-08,4,17598.0,16250.649,7.656271087268439
2024-01-09,4,20348.0,17119.531,15.866270640849223
2024-01-10,4,20592.0,17119.531,16.86319323038073
2024-01-11,4,20182.0,17119.531,15.17425800218016
2024-01-12,4,19514.0,17119.531,12.270517320897817
2024-01-13,4,18266.0,17119.531,6.276517847366692
2024-01-14,4,16142.0,16250.637,0.6730065589765829
2024-01-15,4,16930.0,16250.637,4.012777798287064
2024-01-16,4,18952.0,17119.531,9.668999314056565
2024-01-17,4,19347.0,17119.531,11.513251408487104
2024-01-18,4,18615.0,17119.531,8.033675799086758
2024-01-19,4,18829.0,17119.531,9.078914174942907
2024-01-20,4,17921.0,17119.531,4.472232297304838
2024-01-21,4,15973.0,16250.631,1.7381259586489701
2024-01-22,4,16820.0,16250.637,3.3850373439357906
2024-01-23,4,17925.0,17119.531,4.493549511854951
2024-01-24,4,18088.0,17119.531,5.354205827067669
2024-01-25,4,17587.0,17119.531,2.6580357650537327
2024-01-26,4,18001.0,17119.531,4.8967765679684465
2024-01-27,4,17026.0,17119.531,0.5493436508868789
2024-01-28,4,15205.0,15366.271,1.0606477104570866
2024-01-29,4,16258.0,15366.271,5.484859857454792
2024-01-30,4,17741.0,17119.531,3.5030085677244798
2024-01-31,4,17418.0,17119.531,1.7135649902399817
2024-02-01,4,17653.0,17119.531,3.0219721860307027
2024-02-02,4,17592.0,17119.531,2.6857023078672126
2024-02-03,4,16438.0,17118.15,4.137671192511254
2024-02-04,4,14575.0,15366.271,5.428963872212693
2024-02-05,4,15519.0,15366.271,0.984138898285972
2024-02-06,4,16820.0,17119.498,1.7806066996135552
2024-02-07,4,16925.0,17119.531,1.1493722304283605
2024-02-08,4,17959.0,17119.531,4.674362436661284
2024-02-09,4,17837.0,17119.531,4.022362224589337
2024-02-10,4,17029.0,17119.531,0.5316298666979858
2024-02-11,4,14441.0,15366.271,6.40725354459525
2024-02-12,4,15514.0,15366.271,0.9522271214709295
2024-02-13,4,17049.0,17062.19,0.07736203369699102
2024-02-14,4,17692.0,17119.531,3.23574920868189
2024-02-15,4,17250.0,17119.531,0.756340579710145
2024-02-16,4,17121.0,17119.531,0.008578646107119912
2024-02-17,4,16159.0,16250.637,0.5670939956061638
2024-02-18,4,14919.0,15366.271,2.997999090924325
2024-02-19,4,15690.0,15366.271,2.063279258285532
2024-02-20,4,17298.0,17119.432,1.0323063901896172
2024-02-21,4,17339.0,17119.531,1.2657520618259415
2024-02-22,4,17116.0,17119.531,0.02063128067305445
2024-02-23,4,16793.0,17119.531,1.9444485797653783
2024-02-24,4,16357.0,16250.592,0.650536180992847
2024-02-25,4,14801.0,15366.271,3.8191438711911356
2024-02-26,4,15687.0,15366.271,2.0445497266845156
2024-02-27,4,16640.0,16250.637,2.339923565204327
2024-02-28,4,16931.0,17119.531,1.1135269623767055
2024-02-29,4,17264.0,17119.531,0.8368208410565339
2024-03-01,4,16670.0,17119.531,2.696648170365927
2024-03-02,4,16083.0,16246.922,1.0192244916993098
2024-03-03,4,14154.0,15366.271,8.564868477992087
2024-03-04,4,15103.0,15366.237,1.7429471276402038
2024-03-05,4,17008.0,16250.637,4.452982603774695
2024-03-06,4,17368.0,17119.531,1.4306123330262552
2024-03-07,4,17541.0,17119.531,2.402763525454649
2024-03-08,4,18196.0,17119.531,5.915963673334799
2024-03-09,4,16864.0,16250.801,3.636143374940702
2024-03-10,4,14376.0,15366.271,6.888365918023094
2024-03-11,4,15412.0,15366.271,0.29670721272385153
2024-03-12,4,17097.0,16250.637,4.950361357255659
2024-03-13,4,17303.0,17119.531,1.060329133676241
2024-03-14,4,17174.0,17119.531,0.31715820426225694
2024-03-15,4,17168.0,17119.531,0.2823203052190121
2024-03-16,4,15829.0,16250.336,2.661797570914145
2024-03-17,4,14099.0,15366.271,8.988378497588482
2024-03-18,4,16021.0,15366.271,4.086689442762624
2024-03-19,4,17790.0,16250.637,8.652969540472176
2024-03-20,4,17925.0,17119.531,4.493549511854951
2024-03-21,4,17215.0,17119.531,0.5545672378739471
2024-03-22,4,16970.0,17119.531,0.881150559811432
2024-03-23,4,16131.0,15976.295,0.959054479728473
2024-03-24,4,14479.0,15366.271,6.12798870346709
2024-03-25,4,15894.0,15366.271,3.320300211557821
2024-03-26,4,17539.0,16250.637,7.3457054635384
2024-03-27,4,16599.0,17119.531,3.135919332489909
2024-03-28,4,16244.0,17119.531,5.389874722974636
2024-03-29,4,15763.0,16250.651,3.0936456714299307
2024-03-30,4,13852.0,14539.644,4.964218558240687
2024-03-31,4,12044.0,14539.507,20.719917269491035
2024-04-01,4,11514.0,14539.507,26.276765988687682
2024-04-02,4,12629.0,14539.507,15.127934404446117
2024-04-03,4,15749.0,15423.872,2.0644353907390944
2024-04-04,4,16496.0,17119.531,3.7798936105722603
2024-04-05,4,16210.0,16250.65,0.25077353871067243
2024-04-06,4,15398.0,15366.271,0.20605608277048967
2024-04-07,4,13403.0,14539.508,8.47950318958442
2024-04-08,4,14264.0,14539.507,1.9314837067968313
2024-04-09,4,15870.0,16250.55,2.3979193742123504
2024-04-10,4,15550.0,16250.637,4.505702371382637
2024-04-11,4,16092.0,17115.703,6.36156552945563
2024-04-12,4,15858.0,16250.627,2.4758919985180983
2024-04-13,4,15171.0,15365.922,1.284832080943906
2024-04-14,4,13679.0,14539.507,6.290714496216829
2024-04-15,4,14683.0,14539.507,0.9772741542089491
2024-04-16,4,15738.0,16250.637,3.257318075676706
2024-04-17,4,16413.0,16883.012,2.8636551437884603
2024-04-18,4,16795.0,17119.531,1.9323087228341769
2024-04-19,4,17007.0,16527.854,2.8173486468806965
2024-04-20,4,15989.0,16250.637,1.6363544858965537
2024-04-21,4,14288.0,15366.271,7.546692919757839
2024-04-22,4,15588.0,15335.883,1.617379955735181
2024-04-23,4,17641.0,16250.637,7.88143121846834
2024-04-24,4,16835.0,17119.531,1.6901173151173152
2024-04-25,4,17130.0,17119.531,0.06111354349095155
2024-04-26,4,17154.0,16252.559,5.254992458027282
2024-04-27,4,15708.0,16250.637,3.4545245655080214
2024-04-28,4,13508.0,14539.508,7.636273412052118
2024-04-29,4,14543.0,14539.507,0.02401955622980128
2024-04-30,4,15267.0,15424.415,1.0310803632835528
2024-05-01,4,13760.0,15423.872,12.09209353424782
2024-05-02,4,12543.0,15423.869,22.967943399705014
2024-05-03,4,12485.0,14539.304,16.454174697136565
2024-05-04,4,12520.0,14539.359,16.129068490415335
2024-05-05,4,12297.0,14539.507,18.236210750081323
2024-05-06,4,13357.0,14539.507,8.853087040035188
2024-05-07,4,15202.0,15423.865,1.4594476672477306
2024-05-08,4,15470.0,15438.06,0.20646690166451195
2024-05-09,4,15664.0,15560.075,0.6634627469835291
2024-05-10,4,15533.0,15423.872,0.7025553961726647
2024-05-11,4,15190.0,14539.58,4.281895469881501
2024-05-12,4,13151.0,14539.507,10.55818444177249
2024-05-13,4,14002.0,14539.507,3.838786144390087
2024-05-14,4,15418.0,15428.727,0.06957168569204826
2024-05-15,4,15153.0,15423.914,1.7878576024549595
2024-05-16,4,15055.0,15423.872,2.4501632036698773
2024-05-17,4,15056.0,15423.871,2.443352110454304
2024-05-18,4,14554.0,14539.507,0.09958199850556548
2024-05-19,4,12920.0,14539.507,12.5348826310952
2024-05-20,4,13996.0,14539.507,3.883301199896399
2024-05-21,4,15319.0,15423.872,0.6845882258143482
2024-05-22,4,15116.0,15423.872,2.0367297586166977
2024-05-23,4,15757.0,15423.871,2.1141645379831187
2024-05-24,4,15763.0,15423.872,2.1514174312472245
2024-05-25,4,14962.0,14539.507,2.8237746562124046
2024-05-26,4,13139.0,14539.507,10.659158504737803
2024-05-27,4,13718.0,14539.507,5.988532117928998
2024-05-28,4,15075.0,15423.872,2.314242589137645
2024-05-29,4,15766.0,15423.872,2.1700363420493467
2024-05-30,4,14129.0,15423.871,9.164633687805225
2024-05-31,4,12973.0,15423.841,18.891858631870036
2024-06-01,4,13367.0,14539.505,8.771638234551506
2024-06-02,4,12607.0,14539.507,15.328839818652337
2024-06-03,4,13320.0,14539.507,9.155456726257508
2024-06-04,4,15238.0,15423.872,1.2197930851325633
2024-06-05,4,15259.0,15423.872,1.0804906632970708
2024-06-06,4,15577.0,15423.871,0.9830449139757333
2024-06-07,4,15559.0,15423.871,0.8684935166141782
2024-06-08,4,14745.0,14539.507,1.3936464161580195
2024-06-09,4,12581.0,14539.507,15.567179365213418
2024-06-10,4,13886.0,14539.507,4.706228114197753
2024-06-11,4,15107.0,15423.872,2.0975181724531673
2024-06-12,4,14831.0,15423.872,3.997519184899872
2024-06-13,4,15493.0,15423.871,0.44619445071967984
2024-06-14,4,14857.25,15423.871,3.8137683201803836
2024-06-15,4,13823.0,14539.507,5.1834394555270205
2024-06-16,4,11962.75,14539.507,21.539836876449815
2024-06-17,4,12939.25,14539.507,12.367462070347973
2024-06-18,4,14836.0,15423.872,3.9624701423058775
2024-06-19,4,14982.5,15423.872,2.9459173723510763
2024-06-20,4,14734.25,15423.869,4.680381699950795
2024-06-21,4,14934.0,15423.87,3.280233810014062
2024-06-22,4,14360.5,14539.507,1.246522307283869
2024-06-23,4,12198.0,14539.507,19.19582583978931
2024-06-24,4,13381.0,14539.507,8.657849457719902
2024-06-25,4,14825.0,15423.872,4.039609243254637
2024-06-26,4,14727.0,15423.872,4.731935019437088
2024-06-27,4,14916.0,15423.867,3.404848401045857
2024-06-28,4,15199.5,15423.867,1.4761484752787921
2024-06-29,4,15526.5,14539.507,6.356829704456897
2024-06-30,4,12710.5,14539.507,14.389731607234177
2024-07-01,4,13304.5,14539.507,9.282624945976925
2024-07-02,4,14511.0,15423.872,6.290897045775619
2024-07-03,4,14290.5,15423.872,7.930947624733214
2024-07-04,4,14679.25,15423.863,5.072556712706712
2024-07-05,4,14312.25,15423.862,7.766859191863613
2024-07-06,4,13893.75,14539.507,4.6478224808816915
2024-07-07,4,12248.25,14539.507,18.706809837629866
2024-07-08,4,13252.0,14539.507,9.715566223494566
2024-07-09,4,14844.75,15423.872,3.9011911302817497
2024-07-10,4,14894.0,15423.872,3.5576209904156038
2024-07-11,4,15715.0,15423.859,1.8526288577791916
2024-07-12,4,15482.25,15423.865,0.3771077564630464
2024-07-13,4,14151.5,14539.507,2.741807129544571
2024-07-14,4,12441.25,14539.507,16.86532169948759
2024-07-15,4,13540.0,14539.507,7.381882097027326
2024-07-16,4,14897.0,15423.872,3.5367662637611597
2024-07-17,4,14741.25,15423.872,4.630693260832698
2024-07-18,4,14435.0,15423.84,6.85029334083824
2024-07-19,4,14522.75,15423.832,6.204623995111119
2024-07-20,4,13959.0,14539.507,4.15865632163837
2024-07-21,4,12366.75,14539.507,17.569343893403683
2024-07-22,4,13043.5,14539.507,11.469366626576456
2024-07-23,4,14805.5,15423.872,4.176637535459796
2024-07-24,4,14543.75,15423.872,6.051548399226472
2024-07-25,4,14315.25,15423.813,7.743933752903372
2024-07-26,4,14424.5,15423.806,6.9278357243751945
2024-07-27,4,13758.25,14539.507,5.678460821234532
2024-07-28,4,12417.25,14539.507,17.09119842104733
2024-07-29,4,12095.0,14539.507,20.210887440574616
2024-07-30,4,13774.75,15423.872,11.972065339207608
2024-07-31,4,14093.5,15423.871,9.439607576187605
2024-08-01,4,14311.75,15423.743,7.769791703058676
2024-08-02,4,14258.75,15423.748,8.170407973174367
2024-08-03,4,13487.25,14539.506,7.801856267029973
2024-08-04,4,12157.5,14539.507,19.592900151655357
2024-08-05,4,12665.25,14539.507,14.798419580643888
2024-08-06,4,13815.25,15423.872,11.643814410253164
2024-08-07,4,14047.5,15423.871,9.79797895533013
2024-08-08,4,14298.0,15423.6045,7.872461128741783
2024-08-09,4,14439.75,15423.63,6.81369056121124
2024-08-10,4,13728.0,14539.506,5.911318905703671
2024-08-11,4,12066.75,14539.507,20.492318444796652
2024-08-12,4,13027.25,14539.507,11.608411874628183
2024-08-13,4,14035.25,15423.872,9.89381785370763
2024-08-14,4,13847.75,15423.871,11.381784721344623
2024-08-15,4,13025.25,15423.149,18.40962295589336
2024-08-16,4,12727.0,15414.9,21.119669919266126
2024-08-17,4,13355.0,14539.503,8.86935926385249
2024-08-18,4,12265.75,14539.507,18.53744643366692
2024-08-19,4,13201.0,14539.507,10.139435163529278
2024-08-20,4,14765.5,15423.872,4.458853884477329
2024-08-21,4,14774.0,15423.871,4.398748434750237
2024-08-22,4,14486.5,15423.661,6.469203277620543
2024-08-23,4,14452.75,15423.589,6.717329692878518
2024-08-24,4,14287.75,15423.053,7.945986837500656
2024-08-25,4,12454.5,14539.507,16.740991898008755
2024-08-26,4,13402.0,14539.507,8.487590180103716
2024-08-27,4,14929.75,15423.872,3.3096473170180345
2024-08-28,4,14586.25,15423.871,5.74253899220156
2024-08-29,4,14812.25,15423.58,4.127192547553546
2024-08-30,4,15260.5,15423.616,1.0688785487860817
2024-08-31,4,14665.5,15423.871,5.171123342197674
2024-09-01,4,12603.0,14539.507,15.365443433607078
2024-09-02,4,13258.5,14539.507,9.661777998548102
2024-09-03,4,14717.5,15423.872,4.799538442755223
2024-09-04,4,14817.0,15423.871,4.095775755888507
2024-09-05,4,14991.75,15423.587,2.8804970337852485
2024-09-06,4,14827.5,15423.554,4.019920491906929
2024-09-07,4,14072.25,15423.871,9.604868402352148
2024-09-08,4,12385.25,14539.507,17.393729120829214
2024-09-09,4,13337.25,14539.507,9.014278325273201
2024-09-10,4,14828.25,15423.872,4.016806233456409
2024-09-11,4,14584.0,15423.871,5.758852809585847
2024-09-12,4,14971.75,16292.538,8.821868425117305
2024-09-13,4,14802.0,15423.685,4.20000385294217
2024-09-14,4,13948.5,15423.871,10.5772742140732
2024-09-15,4,12848.5,14539.507,13.161122589699186
2024-09-16,4,13079.25,14539.507,11.164683264999905
2024-09-17,4,14490.5,15423.872,6.4412689024705845
2024-09-18,4,14687.75,15423.871,5.011802990587394
2024-09-19,4,14602.75,16292.5,11.571450582938144
2024-09-20,4,14540.0,15423.572,6.076838140474553
2024-09-21,4,14008.0,15423.871,10.107589190105653
2024-09-22,4,12234.25,14539.507,18.842649414042544
2024-09-23,4,12921.5,14539.507,12.521818952424255
2024-09-24,4,14503.0,15423.872,6.34952816874095
2024-09-25,4,14601.25,15733.1455,7.752045255115145
2024-09-26,4,14509.5,16292.4795,12.288359296926151
2024-09-27,4,14924.25,15423.472,3.3450369679380874
2024-09-28,4,13986.5,15423.871,10.276846199907052
2024-09-29,4,12298.5,14539.507,18.221789941354636
2024-09-30,4,13736.25,14539.507,5.847715613340614
2024-10-01,4,14943.25,15423.872,3.2163155291686882
2024-10-02,4,15351.0,16292.767,6.134887639648883
2024-10-03,4,15490.75,16292.73,5.177157134096154
2024-10-04,4,15553.75,16292.722,4.75108369163385
2024-10-05,4,14855.0,15423.872,3.8294989586839447
2024-10-06,4,13078.75,14539.507,11.168933085635095
2024-10-07,4,14131.5,14539.507,2.887215341170435
2024-10-08,4,15448.75,15423.872,0.16103522736467352
2024-10-09,4,15182.75,16292.767,7.311037865752251
2024-10-10,4,15067.25,16292.655,8.132905961190662
2024-10-11,4,15315.75,16292.655,6.3784357503713505
2024-10-12,4,14822.25,15423.872,4.058911908195449
2024-10-13,4,12768.25,14539.507,13.872353971276407
2024-10-14,4,13896.5,14539.507,4.627113560518835
2024-10-15,4,15362.25,15423.872,0.4011265948184673
2024-10-16,4,16063.25,16396.922,2.0772376387094766
2024-10-17,4,15806.75,16293.002,3.0762297950242776
2024-10-18,4,15784.75,16292.755,3.21832707399547
2024-10-19,4,14789.25,15423.872,4.29110381062258
2024-10-20,4,13106.5,14539.507,10.933558432361805
2024-10-21,4,14072.25,14539.507,3.320413124678001
2024-10-22,4,15630.5,15423.873,1.3219471745945426
2024-10-23,4,15493.0,16292.767,5.162115804314852
2024-10-24,4,15831.25,16292.753,2.9151389163047767
2024-10-25,4,15701.25,16292.777,3.767390136135658
2024-10-26,4,15027.0,15424.321,2.644049305000998
2024-10-27,4,12811.75,14539.507,13.485720810486468
2024-10-28,4,14404.75,14539.507,0.9355027746923757
2024-10-29,4,15641.0,15423.874,1.3881847488172112
2024-10-30,4,15526.75,16292.769,4.9335408548955835
2024-10-31,4,15551.25,16292.742,4.768055220641427
2024-11-01,4,13884.5,16292.718,17.344648877795382
2024-11-02,4,12648.75,14539.505,14.948156006028263
2024-11-03,4,13373.75,14539.507,8.71675361015048
2024-11-04,4,14092.25,14539.67,3.174936024233178
2024-11-05,4,16429.75,17114.05,4.165010309043047
2024-11-06,4,16662.0,17119.531,2.7459563677829792
2024-11-07,4,16675.5,17119.53,2.66276451605649
2024-11-08,4,16563.75,17119.53,3.355395347520942
2024-11-09,4,15651.5,16317.717,4.256568360061336
2024-11-10,4,13837.75,14603.074,5.530698406532854
2024-11-11,4,13879.5,15423.544,11.124636660632587
2024-11-12,4,14967.0,15441.541,3.170582051346295
2024-11-13,4,16983.0,17119.531,0.8039289289289289
2024-11-14,4,16728.0,17119.531,2.34057418699187
2024-11-15,4,16449.25,17119.53,4.074831964223293
2024-11-16,4,15563.0,16253.316,4.435625562230933
2024-11-17,4,13715.5,14539.537,6.008071957821444
2024-11-18,4,14916.0,14539.833,2.521902602490614
2024-11-19,4,16716.0,17119.531,2.4140419358698253
2024-11-20,4,16313.25,17119.531,4.942493065452929
2024-11-21,4,16505.75,17119.53,3.718578658194872
2024-11-22,4,17367.0,17119.531,1.4249366614844243
2024-11-23,4,16382.75,17119.531,4.497298988265095
2024-11-24,4,14607.25,16250.637,11.250486701809033
2024-11-25,4,15210.75,15771.215,3.684662779613103
2024-11-26,4,16353.75,17119.531,4.682603378430024
2024-11-27,4,16497.5,17119.531,3.770457645097742
2024-11-28,4,16363.25,17119.531,4.621827876491529
2024-11-29,4,16529.75,17119.53,3.5679867927524618
2024-11-30,4,16109.25,17119.531,6.271435665844158
2024-12-01,4,14437.75,15404.862,6.6984973745043375
2024-12-02,4,15387.0,16250.629,5.612717919347501
2024-12-03,4,16808.5,17119.531,1.8504402534431985
2024-12-04,4,17159.5,17119.531,0.23292491039948715
2024-12-05,4,16749.0,17119.531,2.2122589408322884
2024-12-06,4,17274.75,17119.531,0.8985296458704177
2024-12-07,4,16262.75,17119.531,5.2683663587031715
2024-12-08,4,14405.25,15385.472,6.8046141489214005
2024-12-09,4,15509.5,16240.365,4.712371349011896
2024-12-10,4,17268.75,17119.531,0.8640969960188202
2024-12-11,4,17339.75,17119.531,1.2700226358511513
2024-12-12,4,17213.25,17119.531,0.5444570316471323
2024-12-13,4,17440.25,17119.531,1.838957297057095
2024-12-14,4,16523.5,17119.531,3.6071731170756802
2024-12-15,4,14653.25,16250.262,10.898686084998209
2024-12-16,4,15249.5,15451.802,1.3266123991770222
2024-12-17,4,16246.5,17119.531,5.373657403132983
2024-12-18,4,15991.0,17119.531,7.057290038146458
2024-12-19,4,16449.0,17119.531,4.076425618578637
2024-12-20,4,15623.0,17119.531,9.579026115342764
2024-12-21,4,15222.75,17106.418,12.374032081916868
2024-12-22,4,14654.75,15366.271,4.855227720534297
2024-12-23,4,14010.5,15365.824,9.673632052746155
2024-12-24,4,13449.25,17082.203,27.012310165994386
2024-12-25,4,12046.25,16292.768,35.25178024800249
2024-12-26,4,12542.25,16291.567,29.893499035759135
2024-12-27,4,13253.5,16291.6455,22.92334483579809
2024-12-28,4,13966.5,14539.517,4.102793123277127
2024-12-29,4,13206.5,14539.518,10.09364765929656
2024-12-30,4,13699.0,14539.507,6.135534242919191
2024-12-31,4,14009.0,17119.332,22.202384404668425
2024-01-01,5,12811.0,15671.839,22.331112849797048
2024-01-02,5,14636.0,17367.695,18.664220500819898
2024-01-03,5,16800.0,17367.703,3.3791852678571423
2024-01-04,5,17352.0,18249.463,5.172100568378285
2024-01-05,5,18418.0,18249.463,0.9150673763437941
2024-01-06,5,16207.0,16598.695,2.416827990991547
2024-01-07,5,15633.0,16553.607,5.888872397332566
2024-01-08,5,18830.0,17433.47,7.416512463489113
2024-01-09,5,21300.0,18249.463,14.321770466549296
2024-01-10,5,21543.0,18249.463,15.288200851204566
2024-01-11,5,21080.0,18249.463,13.427595395517077
2024-01-12,5,20517.0,18249.463,11.051991564921773
2024-01-13,5,18437.0,17433.47,5.443018369989694
2024-01-14,5,16224.0,16553.613,2.031640047152367
2024-01-15,5,18302.0,17433.47,4.745543092967982
2024-01-16,5,19999.0,18249.463,8.748122953022651
2024-01-17,5,20335.0,18249.463,10.255899234693878
2024-01-18,5,19552.0,18249.463,6.661912384282938
2024-01-19,5,19699.0,18249.463,7.358429917127774
2024-01-20,5,18107.0,17433.47,3.7197177714419842
2024-01-21,5,16178.0,16553.607,2.3217172819569787
2024-01-22,5,18092.0,17433.47,3.6398922002818925
2024-01-23,5,18899.0,18249.463,3.436886128234298
2024-01-24,5,19039.0,18249.463,4.1469463174273855
2024-01-25,5,18518.0,18249.463,1.450140994572848
2024-01-26,5,19086.0,18249.463,4.38298810319082
2024-01-27,5,17137.0,17423.523,1.6719579710567776
2024-01-28,5,15540.0,16553.604,6.522545145592021
2024-01-29,5,17721.0,17429.629,1.64421360955928
2024-01-30,5,18809.0,18249.463,2.9748370959381147
2024-01-31,5,18425.0,18249.463,0.9527115841248305
2024-02-01,5,18716.0,18249.463,2.492718045388972
2024-02-02,5,18464.0,18249.463,1.1619210863030762
2024-02-03,5,16726.0,16553.607,1.030686225786201
2024-02-04,5,14761.0,15671.839,6.1705769743750425
2024-02-05,5,16768.0,16317.972,2.6838521011003103
2024-02-06,5,17789.0,18249.463,2.588469788211816
2024-02-07,5,17908.0,18249.463,1.906761730092696
2024-02-08,5,19002.0,18249.463,3.9603047541048313
2024-02-09,5,18772.0,18249.463,2.7835984944331984
2024-02-10,5,17097.0,17204.889,0.6310386142305667
2024-02-11,5,14631.0,15671.873,7.114162031816007
2024-02-12,5,16725.0,15737.884,5.902040125186846
2024-02-13,5,18080.0,18249.463,0.9372947490320795
2024-02-14,5,18696.0,18249.463,2.388409870426829
2024-02-15,5,18083.0,18249.463,0.9205490827019852
2024-02-16,5,18083.0,18249.463,0.9205490827019852
2024-02-17,5,16400.0,16553.607,0.9366306211890244
2024-02-18,5,15104.0,15671.84,3.7595328638109113
2024-02-19,5,17062.0,16551.707,2.99081566492791
2024-02-20,5,18322.0,18249.463,0.39590169945966597
2024-02-21,5,18273.0,18249.463,0.12880812879658513
2024-02-22,5,18196.0,18249.463,0.293816721394812
2024-02-23,5,17712.0,18249.463,3.0344562478827912
2024-02-24,5,16427.0,16553.607,0.7707275940524746
2024-02-25,5,14935.0,15671.839,4.933638213508537
2024-02-26,5,17013.0,16551.701,2.711449057338506
2024-02-27,5,17696.0,18249.463,3.1276157924107144
2024-02-28,5,17971.0,18249.463,1.5495124958266095
2024-02-29,5,18285.0,18249.463,0.19435115873666942
2024-03-01,5,17725.0,18249.463,2.9588879583921015
2024-03-02,5,16283.0,16553.605,1.6618895089971137
2024-03-03,5,14203.0,15671.839,10.341750807487855
2024-03-04,5,16348.0,15678.005,4.098330787787497
2024-03-05,5,17975.0,18249.463,1.5269145514603617
2024-03-06,5,18362.0,18249.463,0.6128804562411502
2024-03-07,5,18517.0,18249.463,1.4448188657719934
2024-03-08,5,19307.0,18249.463,5.477480237090174
2024-03-09,5,16962.0,17433.47,2.7795702341999764
2024-03-10,5,14496.0,16550.244,14.17111024161838
2024-03-11,5,16638.0,16551.701,0.518685107134271
2024-03-12,5,18078.0,18248.521,0.9432541452317734
2024-03-13,5,18260.0,18249.463,0.05770596590909091
2024-03-14,5,18089.0,18249.463,0.8870744133174858
2024-03-15,5,17889.0,18249.463,2.0149974320811674
2024-03-16,5,15892.0,16553.605,4.163135343254468
2024-03-17,5,14072.0,14867.955,5.656303852508528
2024-03-18,5,16985.0,16550.746,2.556690646158375
2024-03-19,5,18490.0,18249.463,1.300903782449973
2024-03-20,5,18621.0,18249.463,1.9952586293700658
2024-03-21,5,18083.0,18249.463,0.9205490827019852
2024-03-22,5,17634.0,18249.463,3.4902057991663833
2024-03-23,5,16099.0,14919.834,7.324467455276726
2024-03-24,5,14307.0,14867.955,3.920843490074789
2024-03-25,5,16816.0,15747.818,6.352174361471217
2024-03-26,5,18129.0,18249.463,0.6644762018037399
2024-03-27,5,17221.0,18249.463,5.972143839643459
2024-03-28,5,16659.0,17367.695,4.254128774236149
2024-03-29,5,15937.0,16563.81,3.933052311445065
2024-03-30,5,13565.0,14867.955,9.605271493733875
2024-03-31,5,12123.0,14122.309,16.491863348593583
2024-04-01,5,11574.0,14122.309,22.017527162173838
2024-04-02,5,13698.0,15818.164,15.477909640093443
2024-04-03,5,16563.0,16563.81,0.004893720189579182
2024-04-04,5,17337.0,17172.277,0.9501220294745342
2024-04-05,5,16961.0,16563.81,2.3417808686103414
2024-04-06,5,15476.0,14867.955,3.9289540053954513
2024-04-07,5,13443.0,14122.309,5.05325145986759
2024-04-08,5,15190.0,14122.309,7.0289098502304155
2024-04-09,5,16646.0,16546.291,0.5989966621110177
2024-04-10,5,16313.0,16563.81,1.5374887934469441
2024-04-11,5,16900.0,16563.81,1.9892867048816567
2024-04-12,5,16559.0,16563.81,0.029050950389516272
2024-04-13,5,15085.0,14867.955,1.4388128728869738
2024-04-14,5,13618.0,14122.309,3.703250064253194
2024-04-15,5,15509.0,14123.139,8.93585226723193
2024-04-16,5,16140.0,16537.217,2.4610706126084265
2024-04-17,5,17162.0,16563.81,3.485546283212912
2024-04-18,5,17445.0,17367.982,0.44148798008025225
2024-04-19,5,17638.0,17445.562,1.0910392334731829
2024-04-20,5,16031.0,15718.412,1.9498963921464663
2024-04-21,5,14130.0,14122.309,0.054433165251238494
2024-04-22,5,16439.0,15002.172,8.740362096234563
2024-04-23,5,18186.0,16617.965,8.622210251017266
2024-04-24,5,17460.0,17480.248,0.11596819516036655
2024-04-25,5,17724.0,16658.963,6.009010998504852
2024-04-26,5,17756.0,17444.973,1.751674609990989
2024-04-27,5,15498.0,15700.383,1.3058640631049168
2024-04-28,5,13228.0,14122.309,6.760724174100393
2024-04-29,5,15117.0,14942.24,1.1560479303102467
2024-04-30,5,15507.0,15818.164,2.0066038724447024
2024-05-01,5,13143.0,15818.164,20.354287928935555
2024-05-02,5,12615.0,15818.164,25.391708779231077
2024-05-03,5,12138.0,14223.827,17.184273755458065
2024-05-04,5,12452.0,14122.309,13.413978427160295
2024-05-05,5,11786.0,14122.309,19.822743880451384
2024-05-06,5,13917.0,14122.309,1.4752359973413811
2024-05-07,5,15612.0,15818.164,1.3205486965155009
2024-05-08,5,15981.0,15818.164,1.0189345942056192
2024-05-09,5,16125.0,16507.215,2.3703246124031008
2024-05-10,5,15861.0,15822.613,0.24201953691444425
2024-05-11,5,15043.0,14122.309,6.120397568636575
2024-05-12,5,12773.0,14122.309,10.5637563121428
2024-05-13,5,14793.0,15002.161,1.4139196431589265
2024-05-14,5,15930.0,15818.164,0.7020460608913999
2024-05-15,5,15600.0,15818.164,1.3984875801282053
2024-05-16,5,15579.0,15818.164,1.5351695391231788
2024-05-17,5,15668.0,15818.164,0.9584124489405157
2024-05-18,5,14315.0,14122.309,1.346080378973105
2024-05-19,5,12761.0,14122.309,10.667726618211738
2024-05-20,5,14678.0,14213.459,3.1648795178157787
2024-05-21,5,15899.0,15818.164,0.5084340996289074
2024-05-22,5,15641.0,15818.164,1.132690125311681
2024-05-23,5,16365.0,15818.164,3.341496715551482
2024-05-24,5,16452.0,15818.164,3.8526375972526137
2024-05-25,5,14856.0,14122.309,4.938687441101239
2024-05-26,5,12969.0,14122.309,8.892810500038554
2024-05-27,5,14492.0,14151.016,2.3529145390560307
2024-05-28,5,15722.0,15818.164,0.6116528590510113
2024-05-29,5,16484.0,15818.164,4.039286201771414
2024-05-30,5,13692.0,15818.164,15.528513456763074
2024-05-31,5,13345.0,14123.369,5.832664972836269
2024-06-01,5,13443.0,14122.309,5.05325145986759
2024-06-02,5,12486.0,14122.309,13.105146514095786
2024-06-03,5,14350.0,14122.309,1.586699695121951
2024-06-04,5,15934.0,15818.164,0.7269733745449981
2024-06-05,5,15858.0,15818.164,0.2512040452768319
2024-06-06,5,16265.0,15818.164,2.7472237165693207
2024-06-07,5,16115.0,15818.164,1.8419853397455788
2024-06-08,5,14517.0,14122.309,2.718822113728732
2024-06-09,5,12553.0,14122.309,12.501462548793116
2024-06-10,5,14640.0,14846.242,1.4087581113387977
2024-06-11,5,15717.0,15818.164,0.6436601291595089
2024-06-12,5,15498.0,15818.164,2.065841156923474
2024-06-13,5,16153.0,15818.164,2.0729024794155886
2024-06-14,5,15569.5,15818.164,1.5971229808279006
2024-06-15,5,13688.5,14122.309,3.169146318077218
2024-06-16,5,11974.25,14122.309,17.938982347537426
2024-06-17,5,14167.25,14122.309,0.31722039386613493
2024-06-18,5,15600.25,15818.164,1.396862630406564
2024-06-19,5,15739.75,15818.164,0.49819128321606126
2024-06-20,5,15484.75,15818.164,2.153176915997998
2024-06-21,5,15654.5,15818.164,1.0454761410457056
2024-06-22,5,14370.0,14122.309,1.7236701896311761
2024-06-23,5,12136.25,14122.309,16.364680966113916
2024-06-24,5,14590.25,14122.445,3.206282877263926
2024-06-25,5,15467.75,15818.164,2.2654494836029806
2024-06-26,5,15329.0,15818.164,3.1911022408506753
2024-06-27,5,15647.75,15818.164,1.0890643223466632
2024-06-28,5,16008.0,15818.164,1.1858816685407296
2024-06-29,5,15721.25,14122.309,10.170574262542736
2024-06-30,5,12760.5,14122.309,10.672062957956193
2024-07-01,5,14326.25,14122.34,1.4233323880987696
2024-07-02,5,15100.0,15818.164,4.756053394039736
2024-07-03,5,14867.0,15818.164,6.3978210970606035
2024-07-04,5,15289.25,15818.164,3.4593852706967314
2024-07-05,5,14982.0,15818.105,5.580733338339341
2024-07-06,5,13716.5,14122.309,2.958543314621077
2024-07-07,5,12267.25,14122.309,15.122041156330882
2024-07-08,5,14171.25,14122.309,0.3453570168474905
2024-07-09,5,15792.5,15818.164,0.16250791514959634
2024-07-10,5,15439.75,15818.164,2.450907964831037
2024-07-11,5,16545.75,15818.16,4.397442507894777
2024-07-12,5,16141.0,15818.164,2.0000987392354874
2024-07-13,5,14139.75,14122.309,0.1233501741544228
2024-07-14,5,12379.0,14122.309,14.082790158736568
2024-07-15,5,14428.25,14122.758,2.1173197546479994
2024-07-16,5,15427.75,15818.164,2.5305962470224106
2024-07-17,5,15397.75,15818.164,2.730360361091718
2024-07-18,5,15049.0,15818.132,5.110850129161406
2024-07-19,5,14950.25,15814.867,5.78329584789552
2024-07-20,5,13822.25,14122.309,2.170837553582087
2024-07-21,5,12191.75,14122.309,15.834958834867841
2024-07-22,5,13824.25,14122.309,2.1560561603703636
2024-07-23,5,15344.0,15818.164,3.0902245991918664
2024-07-24,5,15207.75,15818.164,4.013835462182111
2024-07-25,5,14853.75,15818.085,6.492198676680973
2024-07-26,5,14797.0,15765.479,6.545100463776442
2024-07-27,5,13600.75,14122.309,3.8347781831884276
2024-07-28,5,12198.0,14122.309,15.775607425397606
2024-07-29,5,12859.0,14122.309,9.824314439303212
2024-07-30,5,14120.0,15818.164,12.026657666430594
2024-07-31,5,14464.25,15818.164,9.360416630658348
2024-08-01,5,14808.5,15817.729,6.815197458385387
2024-08-02,5,14671.75,15635.26,6.567108665462539
2024-08-03,5,13458.75,14122.309,4.930313689978638
2024-08-04,5,11738.25,14122.309,20.31017054288331
2024-08-05,5,13385.0,14122.309,5.508469135225999
2024-08-06,5,14367.75,15818.164,10.094928311670234
2024-08-07,5,14404.75,15818.164,9.812138791023795
2024-08-08,5,14710.5,15815.621,7.512464523639577
2024-08-09,5,14932.0,15434.323,3.3640720746551027
2024-08-10,5,13539.75,14122.309,4.302580134419025
2024-08-11,5,11908.75,14122.309,18.587665319617926
2024-08-12,5,13504.5,14122.309,4.574835008700803
2024-08-13,5,14404.25,15818.164,9.815950587500218
2024-08-14,5,14192.25,15818.164,11.456351617960507
2024-08-15,5,12330.5,15778.34,27.961881868131865
2024-08-16,5,13109.25,13504.24,3.0130650828613383
2024-08-17,5,13276.0,14122.309,6.374725773952998
2024-08-18,5,12087.25,14122.309,16.836406906037354
2024-08-19,5,13915.5,14122.309,1.4861743649168193
2024-08-20,5,15235.25,15818.172,3.826139216619353
2024-08-21,5,15344.75,16622.049,8.324011978852702
2024-08-22,5,14943.25,15826.925,5.913538250966155
2024-08-23,5,14900.5,15746.834,5.679903254085433
2024-08-24,5,14151.75,14122.309,0.20804074584415355
2024-08-25,5,12412.5,14122.309,13.77489300100705
2024-08-26,5,14228.75,14122.309,0.7480727839761048
2024-08-27,5,15453.0,16622.049,7.565190112761276
2024-08-28,5,15240.0,16622.049,9.06856186433727
2024-08-29,5,15433.75,16621.77,7.697542925406982
2024-08-30,5,15901.75,15818.418,0.5240431477667552
2024-08-31,5,14532.25,14122.309,2.8209080235338644
2024-09-01,5,12490.25,14122.309,13.066660745381398
2024-09-02,5,14231.75,14122.309,0.7689947213097476
2024-09-03,5,15416.25,16622.049,7.821609198897267
2024-09-04,5,15580.25,16622.049,6.686663103127357
2024-09-05,5,15704.25,16622.871,5.84950630402598
2024-09-06,5,15591.5,16621.898,6.608719093736973
2024-09-07,5,14118.25,14124.265,0.042601940307757685
2024-09-08,5,12360.25,14122.309,14.255849143423474
2024-09-09,5,14306.0,14122.309,1.2840165402628267
2024-09-10,5,15703.75,16622.049,5.847640392422193
2024-09-11,5,15366.0,16622.355,8.176203753416635
2024-09-12,5,15613.25,17367.693,11.236887639504909
2024-09-13,5,15661.0,17367.686,10.897679247014878
2024-09-14,5,14049.25,14926.193,6.241922945175009
2024-09-15,5,12941.0,14203.436,9.75531679835407
2024-09-16,5,14222.25,14926.193,4.949592078433441
2024-09-17,5,15279.5,16622.049,8.786601839883504
2024-09-18,5,15663.5,17367.504,10.878819588533853
2024-09-19,5,15556.25,17367.693,11.644473182000803
2024-09-20,5,15460.25,17367.617,12.337233793114601
2024-09-21,5,14118.25,15669.825,10.989854941742072
2024-09-22,5,12362.75,14926.193,20.735219586054882
2024-09-23,5,14208.25,14926.193,5.053003426706315
2024-09-24,5,15448.25,16622.049,7.598264063081579
2024-09-25,5,15725.75,17367.695,10.441125621989412
2024-09-26,5,15493.5,17367.695,12.096655452286441
2024-09-27,5,15904.0,17367.693,9.20330331598969
2024-09-28,5,14257.25,15671.839,9.921891439004717
2024-09-29,5,12447.0,14926.193,19.917999191572267
2024-09-30,5,14973.0,14926.396,0.3112503548053162
2024-10-01,5,16153.5,17367.695,7.516608242795679
2024-10-02,5,16458.5,17367.695,5.524168742595012
2024-10-03,5,16496.0,17367.695,5.284282932225994
2024-10-04,5,16638.0,17367.695,4.385715305325159
2024-10-05,5,15234.5,15671.839,2.8707136249138467
2024-10-06,5,13327.5,14969.399,12.319635445976365
2024-10-07,5,15430.75,15771.813,2.2102845069909107
2024-10-08,5,16398.75,17367.695,5.908653479685952
2024-10-09,5,16241.25,17367.695,6.9357057646425
2024-10-10,5,16297.25,17367.695,6.5682572980104
2024-10-11,5,16262.25,17367.695,6.7976160279174165
2024-10-12,5,15169.5,15671.839,3.311505766093147
2024-10-13,5,13040.0,15671.839,20.182813398677148
2024-10-14,5,15101.0,14926.365,1.1564450408913316
2024-10-15,5,16525.5,17367.695,5.09633785664579
2024-10-16,5,17173.0,17367.695,1.1337291824375473
2024-10-17,5,16969.75,17367.695,2.345027549021052
2024-10-18,5,16879.5,17367.695,2.8922379957937143
2024-10-19,5,14982.5,15671.839,4.600960234857333
2024-10-20,5,13317.75,15671.839,17.67632570957932
2024-10-21,5,15379.75,15855.107,3.090800707911377
2024-10-22,5,16629.5,17367.695,4.4390710033374425
2024-10-23,5,16525.25,17367.695,5.097927792317817
2024-10-24,5,17035.75,17367.695,1.9485218584447412
2024-10-25,5,16846.0,17367.695,3.0968497714591003
2024-10-26,5,15275.0,15671.839,2.5979631239770864
2024-10-27,5,12949.25,15671.839,21.025069924416474
2024-10-28,5,15734.75,15671.839,0.399822893992596
2024-10-29,5,16750.25,17367.695,3.686185653945463
2024-10-30,5,16588.25,17367.695,4.698779633174084
2024-10-31,5,16593.75,17367.695,4.664077212806026
2024-11-01,5,13828.75,17367.695,25.591216216216218
2024-11-02,5,13234.25,15671.839,18.41879114560704
2024-11-03,5,13654.0,15671.839,14.778371665354475
2024-11-04,5,15584.0,15868.071,1.8228393805345227
2024-11-05,5,17730.5,17367.695,2.0462180282563946
2024-11-06,5,17938.0,17367.701,3.1792776682183077
2024-11-07,5,17799.75,17543.373,1.4403401908734674
2024-11-08,5,17733.75,17367.695,2.0641696623669556
2024-11-09,5,15951.5,15671.839,1.753196456837915
2024-11-10,5,14200.75,15671.839,10.359233612221185
2024-11-11,5,14268.5,16551.69,16.001608109647126
2024-11-12,5,16478.25,17367.695,5.397692792013715
2024-11-13,5,18241.25,17367.725,4.78873646611389
2024-11-14,5,17738.25,18249.396,2.8816060455512806
2024-11-15,5,17546.75,17367.725,1.0202766359867212
2024-11-16,5,15925.5,15671.839,1.592798548318734
2024-11-17,5,13843.0,15671.839,13.211289945730694
2024-11-18,5,16192.0,16450.602,1.5970946300642292
2024-11-19,5,17764.5,17367.695,2.233694657885108
2024-11-20,5,17480.25,17367.695,0.6438963258534632
2024-11-21,5,17698.25,17734.994,0.20761454169197519
2024-11-22,5,18326.0,18249.463,0.4176421989250246
2024-11-23,5,16745.0,17433.432,4.111266889369961
2024-11-24,5,14703.75,15671.839,6.583958970925783
2024-11-25,5,16670.5,16551.701,0.712629064065265
2024-11-26,5,17626.5,17367.695,1.4682704308853147
2024-11-27,5,17769.0,17368.025,2.2565963721931452
2024-11-28,5,17554.25,17910.363,2.028644238574704
2024-11-29,5,17759.5,17384.457,2.111787881134041
2024-11-30,5,16336.0,15674.334,4.050355139722086
2024-12-01,5,14633.25,15671.839,7.097458645123264
2024-12-02,5,16802.5,16551.701,1.492628050141348
2024-12-03,5,17942.5,18210.43,1.4932684269193257
2024-12-04,5,18172.25,18249.463,0.424894499167687
2024-12-05,5,18041.75,18249.463,1.1512901499300234
2024-12-06,5,18362.75,18249.463,0.6169397795809451
2024-12-07,5,16645.25,16554.316,0.5463035625779126
2024-12-08,5,14544.5,15671.839,7.750963368885146
2024-12-09,5,16880.75,16551.701,1.9492547909601174
2024-12-10,5,18368.25,18249.463,0.6466980217222653
2024-12-11,5,18464.75,18249.463,1.1659356848860667
2024-12-12,5,18372.75,18249.463,0.6710324223374291
2024-12-13,5,18642.75,18249.463,2.109598151426158
2024-12-14,5,16876.5,17433.307,3.2993016361508607
2024-12-15,5,14920.25,15719.521,5.35695772105025
2024-12-16,5,16485.75,16551.701,0.4000495693250231
2024-12-17,5,17298.5,17367.695,0.40000758736306613
2024-12-18,5,17187.75,17367.695,1.0469393172462946
2024-12-19,5,17277.0,17371.67,0.5479534749956589
2024-12-20,5,16752.5,17367.7,3.672283054767945
2024-12-21,5,15497.25,15683.578,1.202330252141509
2024-12-22,5,14806.25,15671.839,5.846104632756437
2024-12-23,5,14902.75,15673.441,5.171471079163242
2024-12-24,5,14049.0,17367.695,23.622288508078867
2024-12-25,5,12273.75,17367.695,41.50276250127305
2024-12-26,5,12761.0,17367.695,36.09979870307969
2024-12-27,5,14202.25,16487.828,16.09307064021546
2024-12-28,5,14389.25,15671.839,8.913521324513091
2024-12-29,5,13589.75,15671.839,15.321024059953272
2024-12-30,5,14773.5,15671.839,6.080745031221444
2024-12-31,5,14749.75,17367.695,17.74908261156969
2024-01-01,6,13031.0,16477.459,26.44815428113729
2024-01-02,6,17229.0,20428.34,18.56950399762029
2024-01-03,6,19404.0,20428.586,5.280282093898165
2024-01-04,6,19854.0,20428.586,2.894056298478896
2024-01-05,6,20980.0,19374.502,7.652516905981887
2024-01-06,6,16462.0,17307.473,5.135904849046288
2024-01-07,6,16279.0,17307.473,6.317787678911481
2024-01-08,6,22135.0,19888.438,10.149367517506212
2024-01-09,6,24176.0,20428.586,15.500554527217075
2024-01-10,6,24494.0,20428.586,16.59759150200049
2024-01-11,6,23843.0,20428.586,14.320404573669421
2024-01-12,6,23333.0,19374.502,16.96523398994986
2024-01-13,6,19302.0,18264.678,5.374169856102994
2024-01-14,6,16679.0,17307.473,3.768047582289106
2024-01-15,6,21544.0,19467.635,9.637788871031377
2024-01-16,6,22626.0,20428.586,9.711898092901972
2024-01-17,6,23091.0,20428.586,11.530094246676194
2024-01-18,6,22305.0,20428.586,8.41252661959202
2024-01-19,6,22442.0,19374.502,13.668559160836825
2024-01-20,6,18964.0,17307.482,8.735064217069183
2024-01-21,6,16691.0,17307.473,3.693443509975436
2024-01-22,6,21327.0,19462.082,8.744398971960425
2024-01-23,6,21640.0,20428.586,5.598031712107209
2024-01-24,6,21631.0,20428.586,5.55875392954556
2024-01-25,6,21241.0,20428.586,3.8247448919542397
2024-01-26,6,21695.0,19374.502,10.696003903549204
2024-01-27,6,18004.0,17307.473,3.868736634914464
2024-01-28,6,16123.0,17307.473,7.346478051541276
2024-01-29,6,20816.0,18633.846,10.483062533027478
2024-01-30,6,21534.0,20428.586,5.133342911210179
2024-01-31,6,21111.0,20428.586,3.2325046776561983
2024-02-01,6,21105.0,20428.586,3.2049943733712394
2024-02-02,6,21150.0,19374.502,8.394789819739952
2024-02-03,6,17394.0,17307.473,0.4974551210187421
2024-02-04,6,15275.0,16469.943,7.82286978314239
2024-02-05,6,19863.0,18633.846,6.18816038299854
2024-02-06,6,20540.0,20428.586,0.5424248417721519
2024-02-07,6,20688.0,20428.586,1.2539349502126838
2024-02-08,6,21555.0,20428.586,5.22576693342612
2024-02-09,6,21245.0,19374.502,8.804415377147565
2024-02-10,6,17818.0,17307.473,2.8652337173083398
2024-02-11,6,14945.0,16469.943,10.203702638842422
2024-02-12,6,19681.0,18633.8,5.32086387251664
2024-02-13,6,20676.0,20428.586,1.1966244075256336
2024-02-14,6,21149.0,20428.586,3.406374119343704
2024-02-15,6,20626.0,20428.586,0.9571126854455542
2024-02-16,6,20484.0,19374.502,5.416413038835188
2024-02-17,6,17000.0,17307.473,1.8086626838235296
2024-02-18,6,15464.0,16469.943,6.505065696941283
2024-02-19,6,19962.0,18632.76,6.658852992560865
2024-02-20,6,20817.0,20428.586,1.8658503266560984
2024-02-21,6,20590.0,20428.586,0.7839439655172413
2024-02-22,6,20460.0,20428.586,0.1535389173998045
2024-02-23,6,20078.0,19374.502,3.5038253156439887
2024-02-24,6,17055.0,17307.473,1.480343924069188
2024-02-25,6,15035.0,16469.943,9.544019683239108
2024-02-26,6,19825.0,17878.96,9.81608606557377
2024-02-27,6,20180.0,20428.586,1.2318430996035679
2024-02-28,6,20393.0,20428.586,0.17450074780561958
2024-02-29,6,20580.0,20428.586,0.7357340257531584
2024-03-01,6,20038.0,19374.502,3.31119895635792
2024-03-02,6,16811.0,17307.473,2.9532606998393907
2024-03-03,6,14368.0,16469.943,14.62933852571687
2024-03-04,6,19157.0,17871.66,6.709504848097302
2024-03-05,6,20389.0,20418.549,0.14492534270930404
2024-03-06,6,20809.0,20428.586,1.828122747368927
2024-03-07,6,20966.0,20428.586,2.563264630830869
2024-03-08,6,21602.0,19374.502,10.311536185885565
2024-03-09,6,17735.0,17307.473,2.4106419157034114
2024-03-10,6,14788.0,16469.943,11.373704080166352
2024-03-11,6,19465.0,17871.66,8.185665778320061
2024-03-12,6,20477.0,19579.426,4.383328704155883
2024-03-13,6,20559.0,20428.586,0.6343404956466754
2024-03-14,6,20317.0,20428.586,0.5492244794999263
2024-03-15,6,20108.0,19374.502,3.647792156728665
2024-03-16,6,16438.0,16150.061,1.7516696260189806
2024-03-17,6,14297.0,14666.735,2.5861044384311396
2024-03-18,6,19810.0,17871.66,9.784653426299847
2024-03-19,6,21033.0,20361.752,3.1914042070793514
2024-03-20,6,21100.0,20428.586,3.182057168246445
2024-03-21,6,20505.0,20428.586,0.37266063155327966
2024-03-22,6,20082.0,19374.502,3.5230457468130667
2024-03-23,6,16911.0,16150.061,4.4996715340606706
2024-03-24,6,14827.0,14550.72,1.8633592327342012
2024-03-25,6,19571.0,17871.66,8.682948463287516
2024-03-26,6,20610.0,18828.936,8.641748923459486
2024-03-27,6,19573.0,20428.586,4.3712560031676295
2024-03-28,6,18981.0,20428.521,7.626160288578052
2024-03-29,6,17554.0,18217.092,3.777439881935741
2024-03-30,6,13974.0,15312.5625,9.578950193215972
2024-03-31,6,11923.0,14550.348,22.035961219911098
2024-04-01,6,11588.0,15660.152,35.14111446108043
2024-04-02,6,16200.0,17671.428,9.082887249228396
2024-04-03,6,18698.0,19666.402,5.179176081666488
2024-04-04,6,19507.0,20427.32,4.717897741836264
2024-04-05,6,19166.0,18217.092,4.950997616221434
2024-04-06,6,15883.0,15312.553,3.5915586830258763
2024-04-07,6,13403.0,14550.348,8.560379439304633
2024-04-08,6,17820.0,16714.248,6.205117582070708
2024-04-09,6,18796.0,17671.46,5.982863707703767
2024-04-10,6,18532.0,18508.08,0.12907361253507446
2024-04-11,6,19129.0,19271.176,0.7432473273563699
2024-04-12,6,18724.0,18217.092,2.707264490092929
2024-04-13,6,15707.0,15312.532,2.511413850114599
2024-04-14,6,13742.0,14550.348,5.8823144829719105
2024-04-15,6,18337.0,16714.248,8.849604368898948
2024-04-16,6,18627.0,18828.873,1.083765753341923
2024-04-17,6,19610.0,19666.416,0.28769003378378377
2024-04-18,6,19922.0,19271.479,3.2653422566760364
2024-04-19,6,19980.0,18217.092,8.823364380005005
2024-04-20,6,16848.0,16150.061,4.142565604967949
2024-04-21,6,14446.0,14550.348,0.7223290616779732
2024-04-22,6,19407.0,16714.25,13.87514814242284
2024-04-23,6,20573.0,18828.873,8.477747305327371
2024-04-24,6,20033.0,19751.445,1.4054544376778315
2024-04-25,6,20188.0,19271.176,4.54143163636814
2024-04-26,6,20024.0,18217.092,9.023712560552337
2024-04-27,6,16241.0,15313.287,5.712166065051413
2024-04-28,6,13617.0,14550.348,6.854282560402439
2024-04-29,6,17448.0,16714.25,4.205353049060064
2024-04-30,6,17665.0,17671.46,0.036574794791961504
2024-05-01,6,13379.0,17671.46,32.0835708012557
2024-05-02,6,13737.0,17722.852,29.01544414719371
2024-05-03,6,12478.0,15660.164,25.502196365603464
2024-05-04,6,13213.0,14550.348,10.12145354007417
2024-05-05,6,12192.0,14550.348,19.34340269233924
2024-05-06,6,16608.0,16714.248,0.6397401666365607
2024-05-07,6,17979.0,17671.46,1.7105459842037933
2024-05-08,6,18267.0,17671.463,3.2601801575244975
2024-05-09,6,18336.0,19252.184,4.9966382730693715
2024-05-10,6,18303.0,18217.092,0.4693667875484893
2024-05-11,6,15717.0,14577.834,7.247986356333906
2024-05-12,6,13135.0,14550.348,10.775391368481158
2024-05-13,6,17440.0,16714.25,4.161410550458715
2024-05-14,6,18315.0,17671.46,3.513726794976795
2024-05-15,6,17881.0,17671.46,1.1718531541860076
2024-05-16,6,17961.0,18541.338,3.2311001092645175
2024-05-17,6,17939.0,18217.014,1.54977240579185
2024-05-18,6,15512.0,14550.408,6.199018803990459
2024-05-19,6,13293.0,14550.348,9.45872005002633
2024-05-20,6,17828.0,16714.25,6.247195422930222
2024-05-21,6,18633.0,17671.46,5.160409287285998
2024-05-22,6,18174.0,17671.46,2.7651538599097614
2024-05-23,6,18870.0,18536.773,1.7659065315315314
2024-05-24,6,18845.0,18217.09,3.3319721743167947
2024-05-25,6,15693.0,14553.597,7.26058319194864
2024-05-26,6,13204.0,14550.348,10.196513603832171
2024-05-27,6,17461.0,16714.25,4.276673730026917
2024-05-28,6,18256.0,17671.46,3.2019010873137597
2024-05-29,6,18817.0,17671.46,6.087787970983685
2024-05-30,6,13748.0,18549.521,34.92523628436864
2024-05-31,6,15083.0,15689.055,4.018130925545316
2024-06-01,6,14418.0,14550.348,0.9179335292689694
2024-06-02,6,12860.0,14550.348,13.144227498055988
2024-06-03,6,17374.0,16714.25,3.797340854149879
2024-06-04,6,18481.0,17671.46,4.380385598723013
2024-06-05,6,18200.0,17671.46,2.904060782967033
2024-06-06,6,18599.0,18691.95,0.49975385101349534
2024-06-07,6,18409.0,18217.09,1.042480070889239
2024-06-08,6,15093.0,14554.794,3.565931588733188
2024-06-09,6,12934.0,14550.348,12.496889255064172
2024-06-10,6,17499.0,16714.25,4.484541973827076
2024-06-11,6,18202.0,17671.46,2.914729494011647
2024-06-12,6,18016.0,17671.46,1.9124059863454705
2024-06-13,6,18629.0,19139.574,2.740749469912502
2024-06-14,6,17980.25,18217.092,1.31723305779953
2024-06-15,6,14662.5,14552.031,0.7534100596760444
2024-06-16,6,12696.5,14550.348,14.601249606190683
2024-06-17,6,17167.25,16714.232,2.6388476787196553
2024-06-18,6,18154.5,17671.46,2.660712564377978
2024-06-19,6,18304.75,17671.46,3.4596979609117855
2024-06-20,6,17865.25,18739.762,4.89504327535299
2024-06-21,6,18199.0,18216.58,0.09659914349689544
2024-06-22,6,15236.25,14615.122,4.0766456948888345
2024-06-23,6,12808.5,14550.348,13.59915412616622
2024-06-24,6,16962.0,16493.18,2.7639447736116023
2024-06-25,6,17865.0,17671.46,1.0833420794850266
2024-06-26,6,17996.0,17671.46,1.803395546232496
2024-06-27,6,18239.5,18522.361,1.550817336686861
2024-06-28,6,18489.0,17379.562,6.000527340580886
2024-06-29,6,16877.5,15270.856,9.519440406976743
2024-06-30,6,13537.25,14550.348,7.483777401244714
2024-07-01,6,17155.5,15604.43,9.041242240097928
2024-07-02,6,17591.0,17671.46,0.4573983144789949
2024-07-03,6,17340.5,17671.46,1.908600890977769
2024-07-04,6,17497.5,19270.186,10.131078993427632
2024-07-05,6,17106.25,17104.88,0.00800374497625137
2024-07-06,6,14492.25,15161.193,4.615869581155445
2024-07-07,6,12883.0,14550.347,12.942223703232944
2024-07-08,6,17019.0,15604.425,8.311740967815382
2024-07-09,6,17983.0,17671.46,1.7324087332480678
2024-07-10,6,18010.5,17671.46,1.8824522500763445
2024-07-11,6,18958.75,19188.025,1.2093381189424408
2024-07-12,6,18352.0,16828.586,8.301079242044464
2024-07-13,6,14864.5,15312.529,3.0140892520770963
2024-07-14,6,12802.75,14550.347,13.650166407119565
2024-07-15,6,16979.25,15604.424,8.097095995847873
2024-07-16,6,17685.75,17671.46,0.08079421285498212
2024-07-17,6,17634.25,17671.463,0.21102621673731517
2024-07-18,6,17277.0,19271.174,11.542361683886092
2024-07-19,6,17134.0,16929.512,1.1934649308392669
2024-07-20,6,14656.5,15312.529,4.476029726571829
2024-07-21,6,12800.0,14550.346,13.674575805664062
2024-07-22,6,16646.5,15604.416,6.260078601357642
2024-07-23,6,17445.5,17671.46,1.2952391017740965
2024-07-24,6,17103.25,17671.719,3.3237469486793443
2024-07-25,6,16967.25,19271.176,13.578663491432025
2024-07-26,6,16870.5,17107.273,1.4034761121484247
2024-07-27,6,14411.0,15312.532,6.25586167901256
2024-07-28,6,12649.75,14550.342,15.024738013597105
2024-07-29,6,15154.0,15604.348,2.9718071548766005
2024-07-30,6,16290.25,17671.46,8.478758383081905
2024-07-31,6,16628.25,17672.432,6.279564239321636
2024-08-01,6,17093.0,19271.176,12.74308653396127
2024-08-02,6,16852.75,17107.273,1.5102783670320867
2024-08-03,6,14262.25,15312.532,7.364071072674368
2024-08-04,6,12279.5,14550.34,18.492934107659107
2024-08-05,6,15800.75,15604.371,1.2428454741072417
2024-08-06,6,16481.0,17671.46,7.223232434318307
2024-08-07,6,16522.25,18380.182,11.245028011469383
2024-08-08,6,16824.75,19271.176,14.540636747945735
2024-08-09,6,16992.0,17107.273,0.6783982903719397
2024-08-10,6,14316.25,15312.532,6.959100508600367
2024-08-11,6,12299.75,14550.342,18.297866191386003
2024-08-12,6,15940.0,15604.389,2.105466299404015
2024-08-13,6,16393.75,17671.46,7.793890583301563
2024-08-14,6,16253.25,18433.623,13.414997289003738
2024-08-15,6,12569.75,19271.176,53.31391460649575
2024-08-16,6,14780.5,15312.561,3.599746604478874
2024-08-17,6,14064.75,15312.53,8.871684697115128
2024-08-18,6,12432.5,14551.131,17.041068645686707
2024-08-19,6,16570.0,15598.634,5.86219801410682
2024-08-20,6,17451.75,17671.525,1.2593315319380578
2024-08-21,6,17631.0,18433.646,4.552472828398843
2024-08-22,6,16999.75,19271.176,13.361524618009089
2024-08-23,6,17109.0,17107.273,0.010091545385469636
2024-08-24,6,14876.75,15312.532,2.9292837922429293
2024-08-25,6,12739.5,15312.289,20.1953692256368
2024-08-26,6,16999.5,15604.351,8.207002641621813
2024-08-27,6,17620.25,18393.426,4.3879955236162935
2024-08-28,6,17335.5,18434.154,6.337597974532029
2024-08-29,6,17697.75,19271.176,8.890541347063891
2024-08-30,6,18044.5,17107.273,5.19397357920696
2024-08-31,6,15166.75,15312.532,0.9611962125208102
2024-09-01,6,12582.75,15312.529,21.694616016967675
2024-09-02,6,16661.5,15604.41,6.344505859316388
2024-09-03,6,17814.75,19591.041,9.970900605537546
2024-09-04,6,17890.5,19899.943,11.23190162027333
2024-09-05,6,17940.25,19271.176,7.418657940942852
2024-09-06,6,18048.25,17107.273,5.213672031914451
2024-09-07,6,14603.0,15312.532,4.858811385074985
2024-09-08,6,12408.5,15312.526,23.403524738586455
2024-09-09,6,17007.75,15367.562,9.643771084138114
2024-09-10,6,18188.0,19591.057,7.714188699279745
2024-09-11,6,17798.5,20428.586,14.777008947383209
2024-09-12,6,17964.25,20428.586,13.718000681909903
2024-09-13,6,17980.25,17107.273,4.855197021732178
2024-09-14,6,14742.0,15450.056,4.802982390873016
2024-09-15,6,13077.0,15312.53,17.095130943163568
2024-09-16,6,16872.5,16338.38,3.16562523151578
2024-09-17,6,17754.0,19591.057,10.347283094654726
2024-09-18,6,17856.75,20428.586,14.402598107158356
2024-09-19,6,17890.0,20428.586,14.189971702068194
2024-09-20,6,17687.25,17107.273,3.2790657818485065
2024-09-21,6,14736.75,16150.061,9.590381507964782
2024-09-22,6,12534.0,15312.53,22.16794537607707
2024-09-23,6,16990.75,17523.635,3.1363227969630536
2024-09-24,6,17737.25,19591.057,10.451488481162526
2024-09-25,6,18072.25,20428.586,13.038420437410947
2024-09-26,6,17836.25,20428.586,14.534086130773005
2024-09-27,6,18290.5,17107.273,6.469077184877395
2024-09-28,6,14908.25,16150.061,8.329686897355492
2024-09-29,6,12662.25,15312.531,20.930571186005647
2024-09-30,6,17887.75,17524.023,2.0333835306285026
2024-10-01,6,18720.5,19591.057,4.650285198712641
2024-10-02,6,19102.5,20428.586,6.941949679361341
2024-10-03,6,19154.5,20428.586,6.651627228588581
2024-10-04,6,19243.25,18264.686,5.085234838839593
2024-10-05,6,15988.5,17307.473,8.249508435750696
2024-10-06,6,13805.75,16469.943,19.29770826919943
2024-10-07,6,18487.75,17524.027,5.212763350056118
2024-10-08,6,19062.5,19591.057,2.7727561475409837
2024-10-09,6,18817.25,20428.586,8.563078757523018
2024-10-10,6,18802.5,20428.586,8.648243252227097
2024-10-11,6,18934.75,18264.686,3.5388080282285217
2024-10-12,6,16179.25,17307.473,6.973269195111022
2024-10-13,6,13684.75,16469.943,20.35253372823764
2024-10-14,6,17965.25,17524.027,2.455978381876122
2024-10-15,6,19425.25,19680.629,1.3146750041827004
2024-10-16,6,19920.5,20428.586,2.550568196079416
2024-10-17,6,19620.25,20428.586,4.119906410468776
2024-10-18,6,19603.25,18264.686,6.828278235114076
2024-10-19,6,15961.75,17307.473,8.430921773928297
2024-10-20,6,13568.5,16469.943,21.38367070328334
2024-10-21,6,18615.75,17524.027,5.864510730161288
2024-10-22,6,19469.0,20428.586,4.928789036416868
2024-10-23,6,19308.25,20428.586,5.802369129776132
2024-10-24,6,19925.25,20428.586,2.526121064980364
2024-10-25,6,19776.75,18264.686,7.645667023777921
2024-10-26,6,16328.25,17307.473,5.997107199179337
2024-10-27,6,13230.25,16469.943,24.487015433381835
2024-10-28,6,18774.75,17524.027,6.661727353227073
2024-10-29,6,19426.25,20428.586,5.1596985393475325
2024-10-30,6,19210.75,20428.586,6.339346134325834
2024-10-31,6,19025.5,20428.586,7.374765117868125
2024-11-01,6,13872.5,18264.686,31.661096030816367
2024-11-02,6,14044.75,17307.473,23.230905899001407
2024-11-03,6,13815.0,16469.943,19.21783104867897
2024-11-04,6,18623.5,17524.027,5.903684357129433
2024-11-05,6,20343.25,20428.586,0.4194803558920035
2024-11-06,6,20497.0,20428.586,0.3337759794116212
2024-11-07,6,20339.25,20428.586,0.43922926115761396
2024-11-08,6,20275.0,18264.686,9.915237746609124
2024-11-09,6,16754.5,17307.473,3.3004426049717983
2024-11-10,6,14537.75,17307.47,19.051921398600197
2024-11-11,6,14648.5,17524.027,19.630182911219578
2024-11-12,6,19762.75,20428.586,3.369146184108993
2024-11-13,6,20854.5,20428.586,2.0423125104893427
2024-11-14,6,20520.5,20428.586,0.44791336712068414
2024-11-15,6,20163.0,18264.686,9.414841308957001
2024-11-16,6,16758.25,17307.473,3.2773270254949054
2024-11-17,6,14246.0,16551.986,16.186903889688335
2024-11-18,6,19455.25,17524.027,9.92648594209789
2024-11-19,6,20628.75,20428.586,0.9703160031509422
2024-11-20,6,20109.75,20428.586,1.585479369460088
2024-11-21,6,20570.75,20428.586,0.6910981004581749
2024-11-22,6,21078.5,18264.686,13.34921580342529
2024-11-23,6,17770.0,17307.473,2.6028550576814857
2024-11-24,6,15189.75,17307.473,13.941787430668706
2024-11-25,6,19917.25,17524.027,12.015828772797448
2024-11-26,6,20594.25,20428.586,0.8044190125884653
2024-11-27,6,20618.5,20428.586,0.9210857361107744
2024-11-28,6,20386.75,20428.586,0.20521141182385622
2024-11-29,6,20325.75,18264.686,10.140164338954282
2024-11-30,6,17380.5,17307.473,0.4201682560915969
2024-12-01,6,15186.5,17307.473,13.96617164093109
2024-12-02,6,20100.5,17524.906,12.813580507947563
2024-12-03,6,20852.5,20428.586,2.032917216161132
2024-12-04,6,21188.0,20428.586,3.5841705800453085
2024-12-05,6,21022.0,20428.586,2.822824005803444
2024-12-06,6,20971.75,18264.686,12.908147642066112
2024-12-07,6,17757.5,17307.473,2.5342944882444036
2024-12-08,6,15206.25,17307.473,13.818151459103985
2024-12-09,6,20196.5,17524.027,13.232355389547692
2024-12-10,6,21412.5,20428.586,4.595045242265032
2024-12-11,6,21441.75,20428.586,4.725192964660067
2024-12-12,6,21316.25,20428.586,4.164259954260247
2024-12-13,6,21573.75,18264.686,15.338383234834
2024-12-14,6,18082.75,17307.473,4.287386286654408
2024-12-15,6,15744.75,17307.473,9.925357063465599
2024-12-16,6,19736.0,17524.027,11.207806324736522
2024-12-17,6,20235.0,20428.586,0.9566885964912281
2024-12-18,6,19963.25,20428.586,2.3309628317032547
2024-12-19,6,19842.5,20428.586,2.9536899962202345
2024-12-20,6,19547.5,18264.686,6.562549958434582
2024-12-21,6,16638.25,17307.473,4.022193777891305
2024-12-22,6,15497.5,17307.473,11.679126673657041
2024-12-23,6,17170.0,17524.027,2.061894838380897
2024-12-24,6,15154.25,20428.586,34.80433500503159
2024-12-25,6,12722.25,20428.586,60.57368733911061
2024-12-26,6,13300.75,20428.586,53.58972943255079
2024-12-27,6,15834.0,17307.473,9.305751270999115
2024-12-28,6,15410.0,17307.473,12.31325539422453
2024-12-29,6,14035.0,17307.473,23.316513403990026
2024-12-30,6,16707.0,17524.027,4.89032946519423
2024-12-31,6,16209.5,20428.586,26.02847674203399
2024-01-01,7,13043.0,17434.742,33.67125805029518
2024-01-02,7,19191.0,21364.98,11.328125
2024-01-03,7,21485.0,21364.98,0.5586201128694438
2024-01-04,7,21717.0,21364.98,1.620939960629921
2024-01-05,7,22927.0,20164.107,12.05082469631875
2024-01-06,7,16823.0,17434.1,3.6325245757296556
2024-01-07,7,16819.0,17434.1,3.6571711122837267
2024-01-08,7,24658.0,20164.107,18.224886763423637
2024-01-09,7,26406.0,21364.98,19.090432217109747
2024-01-10,7,26538.0,21364.98,19.49287637067601
2024-01-11,7,25810.0,21364.98,17.222082647229755
2024-01-12,7,25282.0,20164.107,20.243226715153074
2024-01-13,7,20308.0,18601.107,8.40502549795647
2024-01-14,7,17254.0,17434.1,1.0438136627738495
2024-01-15,7,23666.0,20164.107,14.797146024359842
2024-01-16,7,24783.0,21364.98,13.791790869749427
2024-01-17,7,25121.0,21364.98,14.951711839695871
2024-01-18,7,24184.0,21364.98,11.656547846716837
2024-01-19,7,24291.0,20164.107,16.98938939576386
2024-01-20,7,19876.0,18601.078,6.414378521835379
2024-01-21,7,17225.0,17434.1,1.2139309687953557
2024-01-22,7,23366.0,20164.107,13.703212266220149
2024-01-23,7,23613.0,21364.98,9.520262276076737
2024-01-24,7,23511.0,21364.98,9.127725452979456
2024-01-25,7,23055.0,21364.98,7.330381831489915
2024-01-26,7,23563.0,20164.107,14.42470219464839
2024-01-27,7,18876.0,17434.1,7.638802662772832
2024-01-28,7,16486.0,17434.1,5.750937822243116
2024-01-29,7,22882.0,20164.107,11.877862853443755
2024-01-30,7,23336.0,21364.98,8.446261275497086
2024-01-31,7,23023.0,21364.98,7.201578991660513
2024-02-01,7,23125.0,21364.98,7.610895270270271
2024-02-02,7,22921.0,20164.107,12.027802356463505
2024-02-03,7,18264.0,17434.1,4.543913658700175
2024-02-04,7,15605.0,17434.1,11.721240688080742
2024-02-05,7,22004.0,20164.107,8.361627786425196
2024-02-06,7,22268.0,21364.98,4.055234108361775
2024-02-07,7,22282.0,21364.98,4.115517149492865
2024-02-08,7,23297.0,21364.98,8.292997086534747
2024-02-09,7,22926.0,20164.107,12.046988476511384
2024-02-10,7,18595.0,17434.1,6.24307819642377
2024-02-11,7,15287.0,17434.1,14.045264665238438
2024-02-12,7,21727.0,20164.107,7.193319731785336
2024-02-13,7,22289.0,21364.98,4.145630271658666
2024-02-14,7,22716.0,21364.98,5.947435865689382
2024-02-15,7,22403.0,21364.98,4.633395220506182
2024-02-16,7,21999.0,20164.107,8.340799936928951
2024-02-17,7,17867.0,17434.1,2.422904744081267
2024-02-18,7,16028.0,17434.1,8.772770210724982
2024-02-19,7,22118.0,20164.107,8.833947816823402
2024-02-20,7,22421.0,21364.98,4.709957322376344
2024-02-21,7,22197.0,21364.98,3.748342259089066
2024-02-22,7,22094.0,21364.98,3.299626736896895
2024-02-23,7,21804.0,20164.107,7.521063007361034
2024-02-24,7,18060.0,17434.1,3.4656721518549283
2024-02-25,7,15509.0,17434.1,12.412790053356115
2024-02-26,7,21713.0,20164.107,7.133480302698844
2024-02-27,7,22004.0,21364.98,2.904106213642974
2024-02-28,7,22244.0,21364.98,3.951715209719475
2024-02-29,7,22560.0,21364.98,5.297072390292553
2024-03-01,7,21686.0,20164.107,7.017857503112607
2024-03-02,7,17849.0,17434.1,2.3245021604851814
2024-03-03,7,14982.0,17434.1,16.366971094480043
2024-03-04,7,21231.0,20164.107,5.025164043733221
2024-03-05,7,22500.0,21364.98,5.0445312499999995
2024-03-06,7,22904.0,21364.98,6.719435606225986
2024-03-07,7,23031.0,21364.98,7.233813257131692
2024-03-08,7,23464.0,20164.107,14.06364037728009
2024-03-09,7,18871.0,17434.1,7.614330934370198
2024-03-10,7,15277.0,17434.1,14.119916275283106
2024-03-11,7,21590.0,20164.107,6.604412126563224
2024-03-12,7,22543.0,21364.98,5.225655552721466
2024-03-13,7,22667.0,21364.98,5.7441193419949705
2024-03-14,7,22280.0,21364.98,4.106909924820467
2024-03-15,7,21915.0,20164.107,7.989471038672143
2024-03-16,7,17704.0,17434.1,1.5245164404936737
2024-03-17,7,14969.0,17434.1,16.46803132724297
2024-03-18,7,22201.0,20164.107,9.174778515044366
2024-03-19,7,23077.0,21364.98,7.418726572994756
2024-03-20,7,22882.0,21364.98,6.629750595446201
2024-03-21,7,22216.0,21364.98,3.8306604755581564
2024-03-22,7,22180.0,20164.107,9.08878529362038
2024-03-23,7,18062.0,17434.1,3.4763613698649096
2024-03-24,7,15700.0,17434.1,11.04522044187898
2024-03-25,7,21917.0,20164.107,7.997867309052334
2024-03-26,7,22193.0,21364.98,3.7309941479295277
2024-03-27,7,21484.0,21364.98,0.5539914878514243
2024-03-28,7,20882.0,21364.98,2.312903307872809
2024-03-29,7,19206.0,20164.107,4.988583889800062
2024-03-30,7,15007.0,17434.1,16.173116608082893
2024-03-31,7,12560.0,17434.1,38.806525552348724
2024-04-01,7,12070.0,18996.97,57.3899809703811
2024-04-02,7,18434.0,21364.98,15.89986149913204
2024-04-03,7,20413.0,21364.98,4.663599023906334
2024-04-04,7,21296.0,21364.98,0.3239127946562735
2024-04-05,7,20740.0,20164.107,2.776724098963356
2024-04-06,7,16856.0,17434.1,3.4296369801554345
2024-04-07,7,14139.0,17434.1,23.3050400266992
2024-04-08,7,19744.0,20164.107,2.1277725986375606
2024-04-09,7,20671.0,21364.98,3.357266067195588
2024-04-10,7,20508.0,21364.98,4.178761794177882
2024-04-11,7,20857.0,21364.98,2.435539477153953
2024-04-12,7,20550.0,20164.107,1.8778227645985401
2024-04-13,7,16877.0,17434.1,3.300939796024175
2024-04-14,7,14432.0,17434.1,20.801687980702603
2024-04-15,7,20613.0,20164.107,2.177715898340853
2024-04-16,7,20727.0,21364.98,3.078016445940078
2024-04-17,7,21587.0,21364.98,1.0284871971556955
2024-04-18,7,22005.0,21364.98,2.9085186605316973
2024-04-19,7,21725.0,20164.107,7.184775963751439
2024-04-20,7,17826.0,17434.1,2.1984763302199033
2024-04-21,7,15378.0,17434.1,13.370396731532058
2024-04-22,7,21749.0,20164.107,7.287197471722838
2024-04-23,7,22267.0,21364.98,4.05092527619347
2024-04-24,7,22217.0,21364.98,3.8349891130665705
2024-04-25,7,21994.0,21364.98,2.8599596765026822
2024-04-26,7,21727.0,20164.107,7.193319731785336
2024-04-27,7,17346.0,17434.1,0.5078958225239248
2024-04-28,7,14624.0,17434.1,19.215670195397976
2024-04-29,7,19448.0,20161.824,3.6704248187474287
2024-04-30,7,19384.0,21364.98,10.219668121904665
2024-05-01,7,14431.0,21364.98,48.04920288788026
2024-05-02,7,15259.0,21364.98,40.01560042433973
2024-05-03,7,13338.0,17481.098,31.062360595666515
2024-05-04,7,14492.0,17434.1,20.301542984922715
2024-05-05,7,13086.0,17434.1,33.22710996007183
2024-05-06,7,18792.0,18997.1,1.0914198029746702
2024-05-07,7,19717.0,21364.98,8.35817045569813
2024-05-08,7,20069.0,21364.98,6.457623542528277
2024-05-09,7,20096.0,21364.98,6.314592300706607
2024-05-10,7,19968.0,20164.107,0.9821084829477164
2024-05-11,7,16789.0,17434.1,3.8423944807612123
2024-05-12,7,13991.0,17434.1,24.609388959867058
2024-05-13,7,19461.0,18997.203,2.3832119366939004
2024-05-14,7,20164.0,21364.98,5.956062630182504
2024-05-15,7,19864.0,21364.98,7.5562850823097065
2024-05-16,7,19981.0,21364.98,6.926482502127021
2024-05-17,7,19754.0,20164.107,2.076072804874962
2024-05-18,7,17019.0,17434.1,2.439036426200129
2024-05-19,7,14131.0,17434.1,23.374846857087256
2024-05-20,7,19821.0,18997.66,4.153876412643156
2024-05-21,7,20749.0,21364.98,2.968723643308111
2024-05-22,7,20203.0,21364.98,5.751524371380488
2024-05-23,7,20843.0,21364.98,2.5043442342752966
2024-05-24,7,20570.0,20164.107,1.9732259510209045
2024-05-25,7,16964.0,17434.1,2.7711601590132044
2024-05-26,7,14191.0,17434.1,22.853214074941864
2024-05-27,7,19722.0,18997.102,3.675582788256769
2024-05-28,7,20347.0,21364.98,5.003098583329238
2024-05-29,7,20426.0,21364.98,4.596986530647214
2024-05-30,7,14596.0,21364.98,46.375585562825435
2024-05-31,7,16869.0,19964.258,18.348792533641593
2024-06-01,7,15784.0,17434.1,10.454255001108717
2024-06-02,7,13764.0,17434.1,26.664484229693404
2024-06-03,7,19359.0,18997.1,1.8694167602923706
2024-06-04,7,20541.0,21364.98,4.011394132466774
2024-06-05,7,20054.0,21364.98,6.537251763987234
2024-06-06,7,20290.0,21364.98,5.298080181123707
2024-06-07,7,20330.0,20164.107,0.8159989086325626
2024-06-08,7,16335.0,17434.1,6.728494700795837
2024-06-09,7,13703.0,17434.1,27.228341307560388
2024-06-10,7,19543.0,18997.1,2.7933295329529755
2024-06-11,7,20038.0,21364.98,6.622319935871844
2024-06-12,7,20084.0,21364.98,6.378114263841864
2024-06-13,7,20500.0,21364.98,4.219416920731707
2024-06-14,7,19567.75,20164.107,3.047654543189687
2024-06-15,7,16114.5,17434.1,8.188895773216668
2024-06-16,7,13700.0,17434.1,27.256201528284674
2024-06-17,7,19116.5,18997.1,0.6245933650249784
2024-06-18,7,20056.0,21364.98,6.526627785949342
2024-06-19,7,19980.75,21364.98,6.927820370856949
2024-06-20,7,19611.75,21364.98,8.939694156564304
2024-06-21,7,20037.0,20164.107,0.634363536831861
2024-06-22,7,16640.5,17434.1,4.769085119888224
2024-06-23,7,13678.75,17434.1,27.453894612994606
2024-06-24,7,18927.25,18997.1,0.36904256759434145
2024-06-25,7,19746.5,21364.98,8.196290323601652
2024-06-26,7,20032.75,21364.98,6.650262538842646
2024-06-27,7,20363.25,21364.98,4.919305458362492
2024-06-28,7,20213.0,20164.107,0.24188679624499082
2024-06-29,7,17773.0,17434.1,1.9068271570640858
2024-06-30,7,14503.0,17434.1,20.210298623560643
2024-07-01,7,19087.75,18997.1,0.4749139664182525
2024-07-02,7,19205.5,21364.98,11.244073149618599
2024-07-03,7,19009.0,21364.98,12.394026349360828
2024-07-04,7,19046.25,21364.98,12.174209982279976
2024-07-05,7,18758.5,20164.107,7.493176010208705
2024-07-06,7,15942.75,17434.1,9.354406293613083
2024-07-07,7,13364.5,17434.1,30.450818282576975
2024-07-08,7,19056.5,18997.1,0.3117067175242043
2024-07-09,7,19691.5,21364.98,8.498491576314654
2024-07-10,7,20077.5,21364.98,6.412553698169593
2024-07-11,7,20695.0,21364.98,3.237402603285818
2024-07-12,7,20127.25,20164.107,0.18312199567750187
2024-07-13,7,16034.75,17434.1,8.726981146416376
2024-07-14,7,13530.5,17434.1,28.850372191530248
2024-07-15,7,19049.5,18997.1,0.2750748871361453
2024-07-16,7,19836.0,21364.98,7.708108836206897
2024-07-17,7,19457.5,21364.98,9.803317326223821
2024-07-18,7,19052.0,21364.98,12.140355179246272
2024-07-19,7,18864.75,20164.107,6.88775320041347
2024-07-20,7,16017.0,17434.1,8.847472119466817
2024-07-21,7,13721.0,17434.1,27.061435823737334
2024-07-22,7,18715.5,18997.1,1.504633108252518
2024-07-23,7,18941.75,21364.98,12.793065417662042
2024-07-24,7,18932.5,21364.98,12.848173610194111
2024-07-25,7,18613.25,21364.98,14.783718419674157
2024-07-26,7,18384.25,20164.107,9.681425251914003
2024-07-27,7,15555.0,17434.1,12.0803575016072
2024-07-28,7,13154.5,17434.1,32.533350635714015
2024-07-29,7,17060.5,18997.1,11.35136490357844
2024-07-30,7,17959.25,21364.98,18.96365643749043
2024-07-31,7,18297.25,21364.98,16.766073966033147
2024-08-01,7,18754.5,21364.98,13.919221886747179
2024-08-02,7,18424.5,20164.107,9.441816178865098
2024-08-03,7,15213.5,17434.1,14.596244186906365
2024-08-04,7,13021.0,17434.1,33.89217118020889
2024-08-05,7,17608.0,18997.1,7.889025496223308
2024-08-06,7,18084.75,21364.98,18.13810237216439
2024-08-07,7,18150.25,21364.98,17.711769638159254
2024-08-08,7,18578.5,21364.98,14.99841466614635
2024-08-09,7,18636.75,20164.105,8.195396025326303
2024-08-10,7,15497.25,17434.1,12.498021322331383
2024-08-11,7,13251.25,17434.1,31.565698401094238
2024-08-12,7,17879.75,18997.1,6.249246266726324
2024-08-13,7,18168.0,21364.98,17.596766120376486
2024-08-14,7,18123.25,21364.98,17.887136516629194
2024-08-15,7,13708.5,21364.98,55.852066008316
2024-08-16,7,16280.75,17434.084,7.0840347304331805
2024-08-17,7,15359.25,17434.1,13.508795086836923
2024-08-18,7,13331.5,17434.1,30.77372845797547
2024-08-19,7,18579.25,18997.1,2.2490122549349407
2024-08-20,7,19275.0,21364.98,10.842959630350196
2024-08-21,7,19337.0,21364.98,10.487565127734396
2024-08-22,7,18801.75,21364.98,13.63293559775021
2024-08-23,7,18863.5,20164.105,6.8948258210300315
2024-08-24,7,16031.75,17434.1,8.747327081416564
2024-08-25,7,13718.75,17434.1,27.08227505694761
2024-08-26,7,18834.0,18997.1,0.8659849706647552
2024-08-27,7,19437.0,21364.98,9.91912573313783
2024-08-28,7,19183.0,21364.98,11.374552826721576
2024-08-29,7,19664.5,21364.98,8.647463544712553
2024-08-30,7,19820.75,20164.105,1.7323031103767519
2024-08-31,7,16163.25,17434.1,7.862587099593213
2024-09-01,7,13421.0,17434.1,29.901643762573578
2024-09-02,7,18644.0,18997.1,1.8939047917560607
2024-09-03,7,19327.75,21364.98,10.540442983534037
2024-09-04,7,19528.25,21364.98,9.405504685519697
2024-09-05,7,19556.0,21364.98,9.250258072969933
2024-09-06,7,19486.75,20164.105,3.475979672084878
2024-09-07,7,15743.5,17434.1,10.738397493409979
2024-09-08,7,13364.75,17434.1,30.448378079462767
2024-09-09,7,18781.5,18997.1,1.147936050768043
2024-09-10,7,19824.75,21364.98,7.769230223584156
2024-09-11,7,19201.5,21364.98,11.26724718771971
2024-09-12,7,19408.0,21364.98,10.08337009867065
2024-09-13,7,19579.0,20161.484,2.9750466060575107
2024-09-14,7,15879.25,17434.1,9.791706846198656
2024-09-15,7,13764.25,17434.1,26.662183623335817
2024-09-16,7,18697.75,18997.016,1.600543514594002
2024-09-17,7,19293.75,21364.98,10.735240524781341
2024-09-18,7,19317.25,21364.98,10.600527863696954
2024-09-19,7,19402.0,21364.98,10.117412992217298
2024-09-20,7,19154.0,18601.105,2.886574768977759
2024-09-21,7,15573.75,17434.1,11.945418472590095
2024-09-22,7,12958.25,17434.1,34.54054065460228
2024-09-23,7,18656.5,17434.1,6.552142098598343
2024-09-24,7,19040.5,21364.98,12.208085232793255
2024-09-25,7,19459.5,21364.98,9.792032008787482
2024-09-26,7,19360.25,21364.98,10.354879036944254
2024-09-27,7,19775.5,18888.98,4.482918415463579
2024-09-28,7,15878.75,17434.1,9.795164036054475
2024-09-29,7,13328.0,17434.1,30.808070298431872
2024-09-30,7,19470.75,18112.707,6.974785094308129
2024-10-01,7,20348.25,21364.98,4.9966482068482545
2024-10-02,7,20590.25,21364.98,3.7626083643957697
2024-10-03,7,20841.0,21364.98,2.5141810313804522
2024-10-04,7,20964.0,20164.105,3.8155625417382177
2024-10-05,7,17022.0,17434.1,2.4209823133298087
2024-10-06,7,14395.5,17434.1,21.10798242072175
2024-10-07,7,20453.25,20164.105,1.4136850194956792
2024-10-08,7,20614.25,21364.98,3.641803455134191
2024-10-09,7,20602.0,21364.98,3.703429127026502
2024-10-10,7,20208.75,21364.98,5.721434867322324
2024-10-11,7,20547.0,18601.164,9.470170523677423
2024-10-12,7,17334.5,17434.1,0.5745744577288067
2024-10-13,7,14463.5,17434.1,20.538594457600166
2024-10-14,7,19906.75,18603.27,6.547932077059289
2024-10-15,7,20815.25,21364.98,2.640998636816757
2024-10-16,7,21445.0,21364.98,0.37313840638843554
2024-10-17,7,21065.0,21364.98,1.4240705850937574
2024-10-18,7,20938.0,19344.713,7.609547757068488
2024-10-19,7,16903.5,17434.1,3.138992571804656
2024-10-20,7,14213.75,17434.1,22.65657978629848
2024-10-21,7,20319.5,18602.215,8.45141443564064
2024-10-22,7,20949.25,21364.98,1.9844646884733343
2024-10-23,7,20804.25,21364.98,2.6952688453080498
2024-10-24,7,21541.25,21364.98,0.8182883131201765
2024-10-25,7,21395.5,18618.332,12.980149885489938
2024-10-26,7,17415.5,17434.1,0.10679916956159742
2024-10-27,7,14057.0,17434.1,24.024326736679235
2024-10-28,7,20547.75,18881.658,8.108390441167526
2024-10-29,7,21029.0,21364.98,1.5977006455371152
2024-10-30,7,20744.75,21364.98,2.9898189602188507
2024-10-31,7,20512.5,21364.98,4.155907221206581
2024-11-01,7,14314.25,18601.105,29.948166818030984
2024-11-02,7,15027.25,17434.07,16.016372340248548
2024-11-03,7,14455.75,17434.1,20.60321746969199
2024-11-04,7,20518.5,18601.111,9.344682466432731
2024-11-05,7,21765.75,21364.98,1.8412851900348022
2024-11-06,7,21921.75,21364.98,2.5398042184132197
2024-11-07,7,21980.0,21364.98,2.798087039353958
2024-11-08,7,21977.0,20164.105,8.249053698184465
2024-11-09,7,17888.5,17434.1,2.5401816285602483
2024-11-10,7,15222.75,17434.1,14.52661056231627
2024-11-11,7,15232.0,18601.104,22.118589256991857
2024-11-12,7,21836.0,21364.98,2.1570779046070707
2024-11-13,7,22638.5,21364.98,5.625458980276962
2024-11-14,7,22184.75,21364.98,3.6951939113580274
2024-11-15,7,21668.5,20164.082,6.942880073609156
2024-11-16,7,17552.0,17434.1,0.6717205482281221
2024-11-17,7,14695.75,17434.1,18.63361590510862
2024-11-18,7,21185.0,20159.791,4.83931547970262
2024-11-19,7,22038.25,21364.98,3.0550045092055855
2024-11-20,7,21871.0,21364.98,2.3136552112386264
2024-11-21,7,22376.0,21364.98,4.518321108553808
2024-11-22,7,22626.25,20164.107,10.881796931108777
2024-11-23,7,18858.0,17434.1,7.550643708903383
2024-11-24,7,15706.0,17434.1,11.002798990035654
2024-11-25,7,21493.25,20164.107,6.183999991276331
2024-11-26,7,21947.5,21364.98,2.654149817746896
2024-11-27,7,22119.5,21364.98,3.411105726847352
2024-11-28,7,22007.25,21364.98,2.918445199877313
2024-11-29,7,22095.5,20164.107,8.741112797289041
2024-11-30,7,18275.75,17434.1,4.605285094318975
2024-12-01,7,15683.75,17434.1,11.160274866501952
2024-12-02,7,21956.5,20164.107,8.163380220549724
2024-12-03,7,22440.0,21364.98,4.790639622326203
2024-12-04,7,22572.5,21364.98,5.349516142429947
2024-12-05,7,22744.0,21364.98,6.063223405073866
2024-12-06,7,22588.75,20164.107,10.733850160478115
2024-12-07,7,18582.75,17434.1,6.181272366172929
2024-12-08,7,15728.25,17434.1,10.84576866069016
2024-12-09,7,22019.5,20164.107,8.426134009060151
2024-12-10,7,23182.0,21364.98,7.83806199314123
2024-12-11,7,23060.0,21364.98,7.350474983738074
2024-12-12,7,22969.25,21364.98,6.984422788075362
2024-12-13,7,23158.5,20164.107,12.92999364434225
2024-12-14,7,19087.5,17434.1,8.662215537000655
2024-12-15,7,16256.0,17434.1,7.2471678726316435
2024-12-16,7,21604.5,20164.107,6.667095179823648
2024-12-17,7,21690.75,21364.98,1.5018822827703053
2024-12-18,7,21443.0,21364.98,0.3638461560882339
2024-12-19,7,21275.0,21364.98,0.42293992361927146
2024-12-20,7,20982.75,18867.547,10.080676388938532
2024-12-21,7,17639.25,17434.1,1.1630335225420583
2024-12-22,7,15992.0,17434.1,9.01763137428089
2024-12-23,7,18765.25,18601.107,0.8747156479396757
2024-12-24,7,16072.75,21364.98,32.926726719136425
2024-12-25,7,12935.5,21976.898,69.89601049437594
2024-12-26,7,13588.0,22156.059,63.05606854393583
2024-12-27,7,16896.5,18601.055,10.0882116858521
2024-12-28,7,16012.25,17434.1,8.879761491202048
2024-12-29,7,14366.75,17434.1,21.35033747629074
2024-12-30,7,18087.5,18601.107,2.8395710953697306
2024-12-31,7,16967.75,21364.98,25.915224285777434
2024-01-01,8,13265.0,19258.957,45.18625730305315
2024-01-02,8,20307.0,23029.516,13.406783990742108
2024-01-03,8,22722.0,23029.512,1.353365543306047
2024-01-04,8,22639.0,23029.512,1.7249512732452847
2024-01-05,8,23810.0,23029.512,3.277985221545569
2024-01-06,8,17794.0,20580.703,15.660914493649544
2024-01-07,8,17612.0,18075.27,2.6304197777083806
2024-01-08,8,25977.0,21854.58,15.869499641509796
2024-01-09,8,27562.0,23029.512,16.444700243995356
2024-01-10,8,27583.0,23029.512,16.50831411104666
2024-01-11,8,26795.0,23029.512,14.052951226908005
2024-01-12,8,26278.0,23029.512,12.362007311248952
2024-01-13,8,21531.0,20580.707,4.413603496121871
2024-01-14,8,18014.0,18075.27,0.34012174558676583
2024-01-15,8,24882.0,21854.58,12.167108439333655
2024-01-16,8,25977.0,23029.512,11.34653070504677
2024-01-17,8,26149.0,23029.512,11.92966568989254
2024-01-18,8,25183.0,23029.512,8.551357190366517
2024-01-19,8,25495.0,23029.512,9.670477667189644
2024-01-20,8,21233.0,20580.707,3.0720716278905478
2024-01-21,8,18274.0,18075.27,1.0875039331837584
2024-01-22,8,24313.0,21854.58,10.111544942520462
2024-01-23,8,24309.0,23029.512,5.263434453288905
2024-01-24,8,24545.0,23029.512,6.1743258555714
2024-01-25,8,24133.0,23029.512,4.572528410268097
2024-01-26,8,24526.0,23029.512,6.101640223640219
2024-01-27,8,20058.0,19397.023,3.295326366038488
2024-01-28,8,17475.0,18075.27,3.4350187768240343
2024-01-29,8,23759.0,21854.58,8.015572717180858
2024-01-30,8,23718.0,23029.512,2.9028091797369084
2024-01-31,8,24070.0,23029.512,4.322759789156627
2024-02-01,8,23979.0,23029.512,3.9596658795195796
2024-02-02,8,23660.0,23029.512,2.664785635038039
2024-02-03,8,19749.0,19397.021,1.7822599403767279
2024-02-04,8,16479.0,16748.918,1.6379511423630075
2024-02-05,8,23019.0,21854.58,5.058516537968635
2024-02-06,8,23251.0,23029.512,0.9525967969119608
2024-02-07,8,23286.0,23029.512,1.1014699014429272
2024-02-08,8,24265.0,23029.512,5.091647563362868
2024-02-09,8,23836.0,23029.512,3.3834883422134587
2024-02-10,8,19763.0,19397.021,1.8518368447351112
2024-02-11,8,16284.0,16748.918,2.8550599898673545
2024-02-12,8,22686.0,21854.58,3.664903120316495
2024-02-13,8,23197.0,23029.512,0.7220256121481226
2024-02-14,8,23149.0,23029.512,0.5161703799300186
2024-02-15,8,23192.0,23029.512,0.7006221164625733
2024-02-16,8,22566.0,23029.512,2.054026937649561
2024-02-17,8,19155.0,19397.01,1.2634286902897416
2024-02-18,8,17091.0,16748.918,2.0015331534140777
2024-02-19,8,23345.0,21854.58,6.384321789997858
2024-02-20,8,23532.0,23029.512,2.1353403078786335
2024-02-21,8,22881.0,23029.512,0.6490613117870723
2024-02-22,8,22944.0,23029.512,0.37269751895920505
2024-02-23,8,22880.0,23029.512,0.653460309222028
2024-02-24,8,19145.0,18070.672,5.611533690258553
2024-02-25,8,16411.0,16748.918,2.0590943193589664
2024-02-26,8,22640.0,21854.58,3.4691692662323326
2024-02-27,8,22662.0,23029.512,1.6217091110669843
2024-02-28,8,23109.0,23029.512,0.3439710989224977
2024-02-29,8,23503.0,23029.512,2.014586568735906
2024-03-01,8,22539.0,23029.512,2.1762798649008386
2024-03-02,8,19117.0,18070.672,5.473286211225611
2024-03-03,8,15943.0,16748.918,5.054995726964813
2024-03-04,8,22364.0,21854.58,2.277856921279735
2024-03-05,8,23475.0,23029.512,1.897713658146965
2024-03-06,8,23755.0,23029.512,3.0540445432540517
2024-03-07,8,23631.0,23029.512,2.54533570839152
2024-03-08,8,23958.0,23029.512,3.875483267593288
2024-03-09,8,19669.0,19397.021,1.3827775465199044
2024-03-10,8,15210.0,16748.918,10.117803870808679
2024-03-11,8,22685.0,21840.809,3.721363924399383
2024-03-12,8,23582.0,23029.512,2.342838950258672
2024-03-13,8,23714.0,23029.512,2.886431142995699
2024-03-14,8,23021.0,23029.512,0.03697371421745363
2024-03-15,8,22347.0,23029.512,3.054153661565311
2024-03-16,8,18808.0,18070.672,3.920289903232667
2024-03-17,8,15729.0,16748.918,6.484315396719436
2024-03-18,8,23138.0,21854.555,5.546915517762987
2024-03-19,8,23470.0,23029.512,1.8768141510438856
2024-03-20,8,23173.0,23029.512,0.6192045969447202
2024-03-21,8,22670.0,23029.512,1.5858478992059992
2024-03-22,8,23088.0,23029.512,0.25332762149168403
2024-03-23,8,19071.0,18070.672,5.245284070054009
2024-03-24,8,16669.0,16748.918,0.47944069080328755
2024-03-25,8,22876.0,20670.895,9.63938393403567
2024-03-26,8,22209.0,23029.512,3.6945009624476564
2024-03-27,8,21768.0,23029.512,5.795257803886439
2024-03-28,8,21798.0,23029.512,5.649654641480869
2024-03-29,8,19817.0,23029.508,16.210868509360647
2024-03-30,8,15981.0,16748.918,4.805193471935423
2024-03-31,8,13946.0,16748.92,20.098378903449017
2024-04-01,8,12891.0,16748.924,29.927265752269022
2024-04-02,8,19946.0,22034.254,10.46953728191116
2024-04-03,8,21304.0,23029.512,8.09947295695644
2024-04-04,8,22069.0,23029.512,4.3523119250985545
2024-04-05,8,21260.0,23029.512,8.323197171919098
2024-04-06,8,17860.0,18070.67,1.1795628324468086
2024-04-07,8,15015.0,16748.92,11.547918227605727
2024-04-08,8,20540.0,19344.545,5.820131831183057
2024-04-09,8,21333.0,21703.16,1.7351528441850654
2024-04-10,8,21270.0,23029.512,8.272269481664315
2024-04-11,8,21476.0,23029.512,7.233710741059787
2024-04-12,8,21162.0,20519.475,3.0362224299451848
2024-04-13,8,17933.0,18070.672,0.7677013048569676
2024-04-14,8,15406.0,16748.92,8.716863052544463
2024-04-15,8,21707.0,19344.545,10.883378993527433
2024-04-16,8,21381.0,23029.512,7.710171267714326
2024-04-17,8,22454.0,23029.512,2.5630699151598826
2024-04-18,8,22617.0,23029.512,1.8239011307865765
2024-04-19,8,22323.0,23029.512,3.164949687541997
2024-04-20,8,18807.0,18070.672,3.9151811825384164
2024-04-21,8,16498.0,16748.918,1.5208993135531579
2024-04-22,8,22699.0,20670.5,8.936517027181814
2024-04-23,8,22680.0,23029.512,1.541056960978836
2024-04-24,8,23113.0,23029.512,0.36121784818067754
2024-04-25,8,22491.0,23029.512,2.394343153928238
2024-04-26,8,22002.0,23029.512,4.670083259476411
2024-04-27,8,18371.0,18070.672,1.6347946491753307
2024-04-28,8,15607.0,16748.918,7.316703842826937
2024-04-29,8,20270.0,19344.545,4.565639260606808
2024-04-30,8,19878.0,21703.16,9.18180982115907
2024-05-01,8,15165.0,21703.16,43.11348602868447
2024-05-02,8,16073.0,21703.164,35.02870691532384
2024-05-03,8,14093.0,20519.477,45.60048650039026
2024-05-04,8,15253.0,16748.922,9.807394446994033
2024-05-05,8,14276.0,16748.92,17.32221856174699
2024-05-06,8,19640.0,19344.545,1.5043537582739308
2024-05-07,8,20547.0,21703.16,5.626904931376844
2024-05-08,8,20570.0,23029.512,11.956790076567819
2024-05-09,8,20440.0,23029.488,12.668729360322898
2024-05-10,8,20405.0,20519.475,0.5610125428816466
2024-05-11,8,17807.0,18070.672,1.4807203627786825
2024-05-12,8,14899.0,16748.92,12.416403261124907
2024-05-13,8,20139.0,19344.545,3.944858623193803
2024-05-14,8,20580.0,21703.16,5.457532343294461
2024-05-15,8,20402.0,21703.16,6.377610804087834
2024-05-16,8,20302.0,21703.16,6.901586820264013
2024-05-17,8,20203.0,20519.475,1.566473342449141
2024-05-18,8,17750.0,18070.672,1.8066021126760563
2024-05-19,8,15065.0,16748.92,11.17769612927315
2024-05-20,8,20557.0,19344.545,5.898015654643187
2024-05-21,8,21150.0,21703.16,2.61541445035461
2024-05-22,8,20981.0,21703.16,3.4419720520947523
2024-05-23,8,21433.0,21703.16,1.2604868952083237
2024-05-24,8,21352.0,20519.475,3.8990510988431994
2024-05-25,8,18139.0,18070.672,0.3766917966811842
2024-05-26,8,15126.0,16748.918,10.7293267800476
2024-05-27,8,20647.0,19344.545,6.308204960163705
2024-05-28,8,21112.0,21703.16,2.8001144195244407
2024-05-29,8,21088.0,21703.16,2.9171099973918815
2024-05-30,8,15510.0,21703.16,39.930110614119926
2024-05-31,8,17867.0,20519.477,14.84567393798623
2024-06-01,8,17141.0,16748.92,2.287381588734613
2024-06-02,8,14709.0,16748.92,13.86851534349718
2024-06-03,8,20266.0,19344.545,4.546802911896773
2024-06-04,8,21292.0,21703.16,1.931054650807815
2024-06-05,8,20571.0,21703.16,5.503670974916145
2024-06-06,8,20879.0,21703.16,3.9473162328176636
2024-06-07,8,20874.0,20519.475,1.6984065853454058
2024-06-08,8,17281.0,18070.672,4.5695959435217866
2024-06-09,8,14235.0,16748.92,17.66013292500878
2024-06-10,8,20566.0,19344.545,5.9391961398667705
2024-06-11,8,20376.0,21703.16,6.513349804917549
2024-06-12,8,20701.0,21703.16,4.841119541326506
2024-06-13,8,21214.0,21703.16,2.3058365053738097
2024-06-14,8,20076.75,20519.475,2.205160742525558
2024-06-15,8,17048.75,18070.672,5.994116137546741
2024-06-16,8,14503.75,16748.92,15.479927066275964
2024-06-17,8,20017.75,19344.545,3.36304069201084
2024-06-18,8,20788.25,21703.16,4.401092714634469
2024-06-19,8,20889.25,21703.16,3.8963110511387433
2024-06-20,8,20164.25,21703.16,7.631874015894467
2024-06-21,8,20706.0,20519.475,0.9008277341108857
2024-06-22,8,17742.75,18070.672,1.848202082540756
2024-06-23,8,14419.25,16748.92,16.156665026787106
2024-06-24,8,19634.75,19344.545,1.4780176886642304
2024-06-25,8,20543.75,21703.16,5.643614998478856
2024-06-26,8,20733.5,21703.16,4.676779879181035
2024-06-27,8,21423.0,21703.16,1.3077540785604258
2024-06-28,8,21092.5,20519.475,2.7167258059736876
2024-06-29,8,19281.5,19187.402,0.48802041464616347
2024-06-30,8,15365.0,16748.918,9.00695065896518
2024-07-01,8,20341.75,19344.545,4.902258056091536
2024-07-02,8,19806.25,21703.16,9.577331177027453
2024-07-03,8,19643.75,21703.16,10.483793350302259
2024-07-04,8,19662.0,21703.16,10.38124380149527
2024-07-05,8,19125.25,20519.475,7.289968023293813
2024-07-06,8,16779.25,18070.672,7.696541114769731
2024-07-07,8,14024.75,16748.92,19.424017696393875
2024-07-08,8,19896.0,19344.545,2.7716881691043427
2024-07-09,8,20659.25,21703.16,5.052991547369822
2024-07-10,8,21153.25,21703.16,2.599648546913595
2024-07-11,8,21308.25,21703.16,1.8533204568652988
2024-07-12,8,21046.5,20519.475,2.5040999245717814
2024-07-13,8,16927.25,18070.672,6.754918105421731
2024-07-14,8,14340.5,16748.92,16.794532421289354
2024-07-15,8,20240.0,19344.545,4.424185168601779
2024-07-16,8,21033.5,21703.16,3.1837790013549814
2024-07-17,8,20368.5,21703.16,6.552569684807423
2024-07-18,8,19926.5,21703.16,8.91606732868291
2024-07-19,8,19739.25,20519.475,3.9526557968261202
2024-07-20,8,16902.75,18070.672,6.909655973140465
2024-07-21,8,14474.75,16748.92,15.711289810704848
2024-07-22,8,19805.5,19344.545,2.327409447501956
2024-07-23,8,19769.25,21703.16,9.782415398914981
2024-07-24,8,20034.0,21703.16,8.3316369983528
2024-07-25,8,19550.0,21703.16,11.013606937340153
2024-07-26,8,19260.75,20519.475,6.535179623716626
2024-07-27,8,16626.0,18066.213,8.662413633014555
2024-07-28,8,13754.5,16748.92,21.77047454923843
2024-07-29,8,17996.25,19344.547,7.492099048412864
2024-07-30,8,18722.25,21703.16,15.921751692504907
2024-07-31,8,19253.25,21703.162,12.72466783205433
2024-08-01,8,19806.0,21703.16,9.578714310057558
2024-08-02,8,19443.25,20519.475,5.535209439651293
2024-08-03,8,16427.0,16925.168,3.032616842697997
2024-08-04,8,13574.0,16748.92,23.38971505727862
2024-08-05,8,18632.0,19344.547,3.824317706097037
2024-08-06,8,18939.25,21703.16,14.593556536029674
2024-08-07,8,19104.5,21703.16,13.60234581512209
2024-08-08,8,19682.25,21703.16,10.267678523796823
2024-08-09,8,19739.0,20519.475,3.953972386519074
2024-08-10,8,16825.25,17983.355,6.88313973789394
2024-08-11,8,13929.75,16748.92,20.23848182397387
2024-08-12,8,18568.75,19344.547,4.177970380343319
2024-08-13,8,18991.75,21703.16,14.276778897415983
2024-08-14,8,19053.5,21703.16,13.906422212454405
2024-08-15,8,14485.0,21703.16,49.83196517949603
2024-08-16,8,17403.5,20519.477,17.90430983710173
2024-08-17,8,16573.75,16748.92,1.0569118146164869
2024-08-18,8,14296.25,16748.92,17.156036875929
2024-08-19,8,19791.75,19344.545,2.2595529860926904
2024-08-20,8,20267.0,21703.16,7.086200011101791
2024-08-21,8,20185.25,21703.16,7.519897728539404
2024-08-22,8,19599.25,21703.16,10.734646255596516
2024-08-23,8,19597.5,21703.156,10.744514606454905
2024-08-24,8,16860.75,18070.666,7.17593236140148
2024-08-25,8,14668.25,16748.92,14.184854511444787
2024-08-26,8,19759.0,19344.545,2.0975508787134975
2024-08-27,8,20338.0,21703.16,6.712361865719344
2024-08-28,8,20182.75,21703.16,7.533216019868452
2024-08-29,8,20850.5,21703.16,4.089399085153833
2024-08-30,8,20902.0,21703.16,3.8329353949382834
2024-08-31,8,17166.0,18070.672,5.270137917977397
2024-09-01,8,14414.25,16748.92,16.196957329552355
2024-09-02,8,19491.25,19344.545,0.7526714711729623
2024-09-03,8,20203.5,21703.16,7.422774055237953
2024-09-04,8,20509.75,21703.16,5.818745505186557
2024-09-05,8,20408.25,21703.16,6.345032799235603
2024-09-06,8,20183.25,21703.16,7.530552097655234
2024-09-07,8,16537.5,17605.918,6.460577286470144
2024-09-08,8,14252.0,16748.92,17.51978614843531
2024-09-09,8,19707.0,19344.545,1.8392199630841832
2024-09-10,8,20631.25,21703.16,5.195565737655256
2024-09-11,8,19715.25,21703.16,10.083109046296649
2024-09-12,8,19980.75,21703.16,8.620347866071093
2024-09-13,8,20400.0,21703.16,6.388039981617647
2024-09-14,8,17086.75,18069.96,5.754230251510673
2024-09-15,8,14294.25,16748.92,17.172428926841214
2024-09-16,8,19349.5,19344.545,0.02560830060208274
2024-09-17,8,19946.0,21703.16,8.809586665246165
2024-09-18,8,19755.25,21703.16,9.860215164323408
2024-09-19,8,20036.5,21703.16,8.318120211863349
2024-09-20,8,19775.75,21703.16,9.746331523456758
2024-09-21,8,16344.5,16748.92,2.4743486914558415
2024-09-22,8,13575.25,16748.92,23.37835341430176
2024-09-23,8,19314.5,19344.572,0.15569787271221103
2024-09-24,8,19581.5,21703.16,10.83502365115032
2024-09-25,8,19892.5,21703.16,9.10222524192535
2024-09-26,8,19927.0,21703.16,8.913334451999798
2024-09-27,8,20313.25,21703.16,6.842381973588668
2024-09-28,8,16770.25,16750.092,0.12020216231123568
2024-09-29,8,14090.75,16748.92,18.86464469155297
2024-09-30,8,19795.0,20528.232,3.704129436094974
2024-10-01,8,20945.75,22323.984,6.5800192163087985
2024-10-02,8,21318.0,23029.512,8.028481652828596
2024-10-03,8,21682.0,23029.512,6.214886628309197
2024-10-04,8,21705.0,21703.16,0.008476589495507949
2024-10-05,8,18170.0,18070.672,0.5466600165107319
2024-10-06,8,15309.5,16748.92,9.40213541836768
2024-10-07,8,21456.5,20528.23,4.326285886561182
2024-10-08,8,21327.25,21703.16,1.7625814685437644
2024-10-09,8,21296.75,23029.512,8.136272993531877
2024-10-10,8,20708.25,21703.738,4.807206216121594
2024-10-11,8,21253.75,21703.16,2.1144981767923308
2024-10-12,8,18401.5,18070.672,1.7978323777952883
2024-10-13,8,15361.5,16748.92,9.031799771343945
2024-10-14,8,20888.25,20528.23,1.7235504709585532
2024-10-15,8,21568.0,23029.512,6.776296915569362
2024-10-16,8,21950.25,23029.512,4.916853879796357
2024-10-17,8,21621.75,23029.512,6.510859290991709
2024-10-18,8,21567.25,23029.512,6.780010055755834
2024-10-19,8,18055.0,18070.672,0.08680074771531432
2024-10-20,8,15082.0,16748.92,11.052379802910755
2024-10-21,8,21067.75,20528.23,2.5608787423906207
2024-10-22,8,21327.75,23029.512,7.97909633575975
2024-10-23,8,21405.0,23029.512,7.5894030308339175
2024-10-24,8,22123.0,23029.512,4.097598511729874
2024-10-25,8,21876.0,23029.512,5.272955379182666
2024-10-26,8,18418.75,18070.672,1.8898031896844247
2024-10-27,8,14909.25,16748.92,12.339117808575214
2024-10-28,8,21052.25,20528.23,2.4891378890617393
2024-10-29,8,21620.75,23029.512,6.515785616826427
2024-10-30,8,21409.0,23029.512,7.569301316035312
2024-10-31,8,21153.75,23029.512,8.867277521716007
2024-11-01,8,15033.75,21703.16,44.36291780992766
2024-11-02,8,16358.0,15680.58,4.141214829899743
2024-11-03,8,15390.25,16748.92,8.828121192800637
2024-11-04,8,21625.5,21854.582,1.0593143800143348
2024-11-05,8,22228.25,23029.512,3.6046999595109828
2024-11-06,8,22295.5,23029.512,3.2921967157049625
2024-11-07,8,22622.25,23029.512,1.8002706130026853
2024-11-08,8,22907.5,23029.512,0.5326278238568154
2024-11-09,8,19041.25,19254.357,1.1191881933959167
2024-11-10,8,16230.0,16748.918,3.1972764556377076
2024-11-11,8,16248.5,17934.172,10.374323014432102
2024-11-12,8,23073.0,23029.512,0.18848126056429593
2024-11-13,8,23513.5,23029.512,2.0583421491908904
2024-11-14,8,22897.5,23029.512,0.5765333278742221
2024-11-15,8,22577.5,23029.512,2.0020450393090465
2024-11-16,8,18571.75,19254.078,3.6740109305800477
2024-11-17,8,15489.0,16748.918,8.134275736006199
2024-11-18,8,21965.25,21854.582,0.5038320472109354
2024-11-19,8,22697.75,23029.512,1.4616502461697747
2024-11-20,8,22805.25,23029.512,0.9833775939750716
2024-11-21,8,23128.5,23029.512,0.4279926551657046
2024-11-22,8,23548.75,23029.512,2.2049505016189817
2024-11-23,8,20115.75,20580.707,2.311407883126406
2024-11-24,8,16803.5,16748.918,0.32482537120242805
2024-11-25,8,22287.25,21854.58,1.9413338203457136
2024-11-26,8,22253.5,23029.512,3.4871445783809287
2024-11-27,8,22695.5,23029.512,1.4717090116983542
2024-11-28,8,22997.0,23029.512,0.14137373896595207
2024-11-29,8,23096.25,23029.512,0.28895721708069494
2024-11-30,8,19518.5,20580.693,5.441982526193099
2024-12-01,8,16487.25,16748.918,1.5870928672155757
2024-12-02,8,22659.25,21854.58,3.5511763269967007
2024-12-03,8,23165.75,23029.512,0.5881021821007306
2024-12-04,8,23353.75,23029.512,1.3883778033506398
2024-12-05,8,23580.25,23029.512,2.3355913582341152
2024-12-06,8,23508.5,23029.512,2.037511033243295
2024-12-07,8,19749.0,20580.707,4.211388076611474
2024-12-08,8,16668.5,16748.918,0.48245474247832737
2024-12-09,8,23191.75,21854.58,5.765713764054028
2024-12-10,8,24207.75,23029.512,4.86719451931716
2024-12-11,8,23966.5,23029.512,3.90957495358104
2024-12-12,8,23854.0,23029.512,3.4563942368156284
2024-12-13,8,23768.5,23029.512,3.109107773944506
2024-12-14,8,20223.25,20580.707,1.7675548255102418
2024-12-15,8,17195.75,18075.27,5.114749465711004
2024-12-16,8,22746.25,21854.58,3.9200743941309004
2024-12-17,8,22326.75,23029.512,3.1476221068897177
2024-12-18,8,21952.75,23029.512,4.904905848925533
2024-12-19,8,21924.25,23029.512,5.041274929587101
2024-12-20,8,21742.25,23029.512,5.920554306706988
2024-12-21,8,18690.75,19881.055,6.368415860786753
2024-12-22,8,16873.25,18050.158,6.9749941660616654
2024-12-23,8,20107.25,20580.725,2.354745722935757
2024-12-24,8,17386.75,23029.512,32.454378873279936
2024-12-25,8,13533.75,23029.512,70.16356677750069
2024-12-26,8,13978.5,23846.334,70.59293904478307
2024-12-27,8,18178.5,21843.121,20.159095050471713
2024-12-28,8,17061.5,18075.27,5.941854650822026
2024-12-29,8,15028.5,18075.268,20.273264651329143
2024-12-30,8,19047.5,19258.955,1.110146098569366
2024-12-31,8,17657.75,23029.512,30.421552682250002
2024-01-01,9,13970.0,19066.033,36.47840517627058
2024-01-02,9,21046.0,22184.912,5.411537153734677
2024-01-03,9,22945.0,22184.912,3.3126515172150794
2024-01-04,9,23017.0,22184.912,3.6151014060259805
2024-01-05,9,24293.0,22184.912,8.677758575001029
2024-01-06,9,18938.0,20646.06,9.019223502349773
2024-01-07,9,18909.0,19066.031,0.8304577185467238
2024-01-08,9,26662.0,22184.912,16.79201819302753
2024-01-09,9,28272.0,22184.912,21.530446698588708
2024-01-10,9,28118.0,22184.912,21.100675334749983
2024-01-11,9,27366.0,22184.912,18.932572866421836
2024-01-12,9,26765.0,22184.912,17.11222824817859
2024-01-13,9,22797.0,20646.06,9.43518644174672
2024-01-14,9,19215.0,19066.031,0.7752732240437158
2024-01-15,9,25519.0,22184.912,13.065119677985033
2024-01-16,9,26565.0,22184.912,16.48819081733484
2024-01-17,9,26695.0,22184.912,16.89487878113879
2024-01-18,9,25607.0,22184.912,13.363876637735775
2024-01-19,9,26182.0,22184.912,15.266549120101597
2024-01-20,9,22619.0,20646.06,8.72248752431584
2024-01-21,9,19291.0,19066.031,1.1661850085532115
2024-01-22,9,24590.0,22184.912,9.780755960248069
2024-01-23,9,24640.0,22184.912,9.963830724939124
2024-01-24,9,25134.0,22184.912,11.733460215743614
2024-01-25,9,24579.0,22184.912,9.740379554192604
2024-01-26,9,24898.0,22184.912,10.896810549542133
2024-01-27,9,21135.0,20646.06,2.313411181097705
2024-01-28,9,18492.0,19066.031,3.1042139844256975
2024-01-29,9,23834.0,22184.912,6.919056350696485
2024-01-30,9,23510.0,22184.912,5.6362734607613785
2024-01-31,9,24468.0,22184.912,9.330913399644434
2024-02-01,9,24281.0,22184.912,8.632625882891972
2024-02-02,9,23692.0,22184.912,6.361167865207665
2024-02-03,9,20753.0,20646.06,0.5152963577555052
2024-02-04,9,17254.0,19066.031,10.502093717398864
2024-02-05,9,23324.0,22184.912,4.883758749035329
2024-02-06,9,23398.0,22184.912,5.184579411167621
2024-02-07,9,23716.0,22184.912,6.455928025910778
2024-02-08,9,24384.0,22184.912,9.018569105253444
2024-02-09,9,24322.0,22184.912,8.786645385350711
2024-02-10,9,20757.0,20646.06,0.5344676645228116
2024-02-11,9,17329.0,19066.031,10.023840094639045
2024-02-12,9,23124.0,22184.912,4.061096223079917
2024-02-13,9,23312.0,22184.912,4.834797059990563
2024-02-14,9,22744.0,22184.912,2.458177500109919
2024-02-15,9,23371.0,22184.912,5.075041250374396
2024-02-16,9,22421.0,22184.912,1.052976631840685
2024-02-17,9,20102.0,20646.06,2.706499586483932
2024-02-18,9,17946.0,19066.031,6.241119190906051
2024-02-19,9,23908.0,22184.912,7.207160325518655
2024-02-20,9,23730.0,22184.912,6.511116268963338
2024-02-21,9,22785.0,22184.912,2.633697128044766
2024-02-22,9,23132.0,22184.912,4.094275854335985
2024-02-23,9,23282.0,22184.912,4.712172023988489
2024-02-24,9,19919.0,20646.06,3.650085580977961
2024-02-25,9,16960.0,19066.031,12.41763708726415
2024-02-26,9,22458.0,22184.912,1.2159938134517767
2024-02-27,9,22719.0,22184.912,2.350842425392843
2024-02-28,9,23363.0,22184.912,5.042536877220391
2024-02-29,9,23810.0,22184.912,6.825232635972281
2024-03-01,9,22725.0,22184.912,2.3766243811881185
2024-03-02,9,20128.0,20646.06,2.5738302209608506
2024-03-03,9,16524.0,19066.031,15.383873456790123
2024-03-04,9,22391.0,22184.912,0.9204050315975167
2024-03-05,9,23589.0,22184.912,5.952299337085082
2024-03-06,9,23732.0,22184.912,6.518994988306927
2024-03-07,9,23549.0,22184.912,5.79255123625207
2024-03-08,9,23637.0,22184.912,6.143283371938063
2024-03-09,9,19503.0,20646.06,5.860947274137312
2024-03-10,9,14954.0,19066.031,27.497868463287418
2024-03-11,9,22958.0,22184.912,3.3674008651668266
2024-03-12,9,23803.0,22184.912,6.797831746523547
2024-03-13,9,23929.0,22184.912,7.28859497106022
2024-03-14,9,22696.0,22184.912,2.2518853129406065
2024-03-15,9,22118.0,22184.912,0.3025233265892034
2024-03-16,9,19218.0,20646.06,7.430848927437819
2024-03-17,9,16321.0,19066.031,16.819013847190735
2024-03-18,9,23640.0,22184.912,6.155194122779188
2024-03-19,9,23218.0,22184.912,4.449512837561375
2024-03-20,9,22894.0,22184.912,3.097265181379401
2024-03-21,9,22305.0,22184.912,0.5383900050437121
2024-03-22,9,23056.0,22184.912,3.778139706041811
2024-03-23,9,19524.0,20646.06,5.747083317327392
2024-03-24,9,17139.0,19066.031,11.243545422720112
2024-03-25,9,22857.0,22184.912,2.940402899002494
2024-03-26,9,21795.0,22184.912,1.788997978320716
2024-03-27,9,21390.0,22184.912,3.716279146213184
2024-03-28,9,21875.0,22184.912,1.4167410714285713
2024-03-29,9,19848.0,22184.912,11.774043275770858
2024-03-30,9,16568.0,19066.031,15.0774459802028
2024-03-31,9,14376.0,19066.033,32.62404843576099
2024-04-01,9,13705.0,19066.037,39.1173813161255
2024-04-02,9,20766.0,22184.912,6.832861934773186
2024-04-03,9,21540.0,22184.912,2.9940209348885793
2024-04-04,9,21956.0,22184.912,1.0425947776234286
2024-04-05,9,21067.0,22184.912,5.306460859994304
2024-04-06,9,18411.0,19066.031,3.557825484764543
2024-04-07,9,15562.0,19066.031,22.51658687829328
2024-04-08,9,20508.0,22177.03,8.138430353398673
2024-04-09,9,21211.0,22184.912,4.591542640021687
2024-04-10,9,21605.0,22184.912,2.684156951515853
2024-04-11,9,21135.0,22184.912,4.9676466022001415
2024-04-12,9,21321.0,22184.912,4.05193053503588
2024-04-13,9,18072.0,19066.031,5.500394256308101
2024-04-14,9,16188.0,19066.033,17.778806542655055
2024-04-15,9,22111.0,22184.912,0.3342775513319162
2024-04-16,9,21396.0,22184.912,3.687194379206394
2024-04-17,9,22712.0,22184.912,2.3207462602368794
2024-04-18,9,22419.0,22184.912,1.044149563428342
2024-04-19,9,21966.0,22184.912,0.9965952352499317
2024-04-20,9,19560.0,20646.06,5.552456783614519
2024-04-21,9,17371.0,19066.031,9.757821944620344
2024-04-22,9,23098.0,22184.912,3.953103691336912
2024-04-23,9,22495.0,22184.912,1.3784747304956657
2024-04-24,9,22852.0,22184.912,2.9191663339095046
2024-04-25,9,22128.0,22184.912,0.2571949989831887
2024-04-26,9,21466.0,22184.912,3.3490734621028606
2024-04-27,9,18530.0,19584.271,5.689538501753912
2024-04-28,9,15711.0,19066.031,21.354663929730762
2024-04-29,9,19857.0,20646.062,3.973724631112454
2024-04-30,9,19440.0,22184.912,14.119918258101851
2024-05-01,9,15887.0,22184.912,39.64192175599547
2024-05-02,9,15941.0,22184.902,39.16882468947996
2024-05-03,9,14263.0,20646.066,44.752621511954004
2024-05-04,9,15592.0,19065.762,22.27912851943304
2024-05-05,9,14828.0,19066.033,28.58128677586323
2024-05-06,9,19481.0,20646.06,5.9804966217083315
2024-05-07,9,20900.0,22184.912,6.147904829545454
2024-05-08,9,20100.0,22184.912,10.372697061567164
2024-05-09,9,19926.0,22184.912,11.336505617660343
2024-05-10,9,20178.0,22184.912,9.946040783898304
2024-05-11,9,18305.0,19066.031,4.1575047801147225
2024-05-12,9,15023.0,19066.033,26.912289177427944
2024-05-13,9,19772.0,20646.062,4.420708577786769
2024-05-14,9,20195.0,22184.912,9.853489028843773
2024-05-15,9,19790.0,22184.912,12.101627637064173
2024-05-16,9,20054.0,22184.912,10.625870695995811
2024-05-17,9,19727.0,22184.908,12.459614757058853
2024-05-18,9,17807.0,19066.031,7.070428763969226
2024-05-19,9,15380.0,19066.033,23.96640574203511
2024-05-20,9,20581.0,20646.068,0.31615742371604877
2024-05-21,9,20866.0,22184.912,6.32086700553532
2024-05-22,9,20861.0,22184.912,6.346350171971622
2024-05-23,9,21627.0,22184.912,2.5797018050353726
2024-05-24,9,21160.0,22184.912,4.84363000649811
2024-05-25,9,18453.0,19066.031,3.3221224191188425
2024-05-26,9,15581.0,19066.033,22.367198531063476
2024-05-27,9,20583.0,20646.06,0.30637199084195693
2024-05-28,9,20870.0,22184.912,6.300489263895543
2024-05-29,9,21096.0,22184.912,5.161699418728669
2024-05-30,9,15828.0,22184.912,40.162446988722515
2024-05-31,9,18126.0,20646.064,13.903036815210196
2024-06-01,9,17854.0,19066.033,6.7885807277080765
2024-06-02,9,15545.0,19066.033,22.650583487455776
2024-06-03,9,20681.0,20646.06,0.16894469863642955
2024-06-04,9,21435.0,22184.912,3.4985402816655005
2024-06-05,9,20620.0,22184.912,7.589292479995151
2024-06-06,9,20642.0,22184.912,7.4746250817507995
2024-06-07,9,21064.0,22184.912,5.321458931708127
2024-06-08,9,17575.0,19066.031,8.48381934566145
2024-06-09,9,15328.0,19066.033,24.386959832496085
2024-06-10,9,20885.0,20646.062,1.1440627244433805
2024-06-11,9,20155.0,22184.912,10.071506372488216
2024-06-12,9,20593.0,22184.912,7.730355506118585
2024-06-13,9,21401.0,22184.912,3.662969531213495
2024-06-14,9,19792.0,22184.912,12.09029966337409
2024-06-15,9,17505.25,19066.031,8.916075177446766
2024-06-16,9,15291.0,19066.033,24.687941947060363
2024-06-17,9,19886.75,20646.062,3.8181829610167575
2024-06-18,9,20589.5,22184.912,7.748668541611016
2024-06-19,9,20622.75,22184.912,7.574945675891915
2024-06-20,9,20053.5,22184.912,10.628628964395242
2024-06-21,9,20242.25,22184.912,9.597066083933358
2024-06-22,9,18230.25,19066.031,4.584584687538569
2024-06-23,9,15077.0,19066.033,26.457738297572465
2024-06-24,9,19491.25,20646.062,5.924773937023023
2024-06-25,9,20561.75,22184.912,7.894085422568605
2024-06-26,9,20709.75,22184.912,7.123031950530548
2024-06-27,9,21584.25,22184.912,2.782872276660065
2024-06-28,9,21569.25,22184.912,2.8543510292430194
2024-06-29,9,18623.0,19066.031,2.3789467325350375
2024-06-30,9,16143.5,19066.031,18.103454950909033
2024-07-01,9,20498.25,20646.06,0.72108861427195
2024-07-02,9,19784.0,22184.912,12.135625300116255
2024-07-03,9,19967.0,22184.912,11.107888563003957
2024-07-04,9,19830.5,22184.912,11.872681522780566
2024-07-05,9,19007.0,20646.07,8.6235087730836
2024-07-06,9,17037.0,19066.033,11.909568604361096
2024-07-07,9,14776.25,19066.033,29.03160952965062
2024-07-08,9,20141.5,20646.062,2.505088995357843
2024-07-09,9,20671.5,22184.912,7.32124959182933
2024-07-10,9,21395.5,22184.912,3.6896174867378653
2024-07-11,9,21316.0,22184.912,4.076337536944079
2024-07-12,9,21123.0,22184.912,5.027278840008521
2024-07-13,9,17547.5,19066.031,8.653832454765636
2024-07-14,9,14928.25,19066.033,27.71780485405188
2024-07-15,9,20424.5,20646.062,1.0847878773042179
2024-07-16,9,21203.0,22184.912,4.631005562302504
2024-07-17,9,20753.5,22184.912,6.897208226925579
2024-07-18,9,19838.0,22184.912,11.830386678974696
2024-07-19,9,19856.0,22061.783,11.108900096318493
2024-07-20,9,17080.5,19066.031,11.624549925353474
2024-07-21,9,14736.75,19066.033,29.37746248748876
2024-07-22,9,20136.0,19559.562,2.8627209972189114
2024-07-23,9,19739.25,22184.912,12.38984312663855
2024-07-24,9,20409.75,22184.912,8.697618096130526
2024-07-25,9,19472.5,22184.912,13.929449784953137
2024-07-26,9,19384.75,20737.201,6.9768821979906885
2024-07-27,9,17088.5,19066.031,11.572292769991515
2024-07-28,9,14809.75,19066.033,28.739737018687013
2024-07-29,9,17936.5,19066.033,6.297400290608536
2024-07-30,9,18685.5,22184.912,18.72795541663322
2024-07-31,9,19377.75,22184.912,14.486522477454814
2024-08-01,9,20096.5,22184.912,10.391919535118054
2024-08-02,9,19824.25,22147.268,11.718060345914726
2024-08-03,9,17233.0,19066.031,10.63675071084547
2024-08-04,9,13991.5,19066.033,36.26868601025623
2024-08-05,9,19310.0,19066.033,1.2634220449249094
2024-08-06,9,19178.25,22184.912,15.677458106839778
2024-08-07,9,19153.75,22184.912,15.825423791033089
2024-08-08,9,19979.25,22184.912,11.039764302338677
2024-08-09,9,20082.25,22184.912,10.470251637017764
2024-08-10,9,17391.75,19066.031,9.626870498943465
2024-08-11,9,14588.5,19066.033,30.69221100952805
2024-08-12,9,18417.75,19066.033,3.5198827387981706
2024-08-13,9,18951.75,22184.912,17.059966015671378
2024-08-14,9,19141.75,22184.912,15.898034972638342
2024-08-15,9,14645.0,21191.264,44.6996495177535
2024-08-16,9,17995.0,19652.42,9.21044691233676
2024-08-17,9,17374.25,19066.033,9.737302059801141
2024-08-18,9,15030.5,19066.033,26.848961798509695
2024-08-19,9,20404.5,20366.213,0.18764051741037516
2024-08-20,9,20505.5,22184.912,8.190056859744946
2024-08-21,9,20486.25,22184.912,8.29171814936848
2024-08-22,9,19636.25,22184.912,12.979372891336178
2024-08-23,9,19577.25,22184.912,13.319859067923225
2024-08-24,9,17037.5,19066.031,11.906272927366105
2024-08-25,9,15568.5,19066.033,22.46544755837107
2024-08-26,9,20024.5,22183.7,10.782787179455168
2024-08-27,9,20279.75,22184.912,9.394406288908886
2024-08-28,9,20183.25,22184.912,9.917441984690276
2024-08-29,9,20808.0,22184.912,6.617224670198962
2024-08-30,9,20952.5,22184.912,5.881933465576901
2024-08-31,9,17543.5,19066.031,8.678606036423748
2024-09-01,9,14871.75,19066.033,28.203023874964277
2024-09-02,9,19324.75,22184.912,14.800512862391493
2024-09-03,9,20149.25,22184.912,10.102917524845838
2024-09-04,9,20428.5,22184.912,8.597851576841178
2024-09-05,9,20098.75,22184.912,10.379561462155607
2024-09-06,9,20078.5,22184.912,10.490883827850686
2024-09-07,9,17031.25,19066.031,11.947339449541285
2024-09-08,9,14774.5,19066.033,29.046892978611798
2024-09-09,9,20023.5,22184.385,10.791743529477865
2024-09-10,9,20713.5,22184.912,7.1036382522268084
2024-09-11,9,19500.75,22184.912,13.764404494057922
2024-09-12,9,19886.5,22184.912,11.557650211827118
2024-09-13,9,20608.0,22184.912,7.651941524529309
2024-09-14,9,17971.0,19066.031,6.093323966390296
2024-09-15,9,14776.0,19066.033,29.033792657857337
2024-09-16,9,19536.5,22184.912,13.55622608642797
2024-09-17,9,19663.25,22184.912,12.824238665403737
2024-09-18,9,19700.5,22184.912,12.61090890776884
2024-09-19,9,19791.25,22184.912,12.09454738520811
2024-09-20,9,19325.25,22184.912,14.797542641751077
2024-09-21,9,16333.5,19066.031,16.729612452934152
2024-09-22,9,13786.5,19066.033,38.29494942969572
2024-09-23,9,19149.75,22184.912,15.849617406885208
2024-09-24,9,19424.5,22184.912,14.210981540708897
2024-09-25,9,19427.5,22184.912,14.193345048899756
2024-09-26,9,19778.5,22184.912,12.166807944864374
2024-09-27,9,20430.5,22184.912,8.587220622965665
2024-09-28,9,17041.75,19066.031,11.87836489797116
2024-09-29,9,14148.0,19066.033,34.76133165906842
2024-09-30,9,19570.75,22184.912,13.357495800493083
2024-10-01,9,20381.75,22184.912,8.846944493848664
2024-10-02,9,21407.25,22184.912,3.6327043846126896
2024-10-03,9,22029.75,22184.912,0.7043298692676948
2024-10-04,9,21864.5,22184.912,1.4654444847812664
2024-10-05,9,18986.5,20616.885,8.587073792563137
2024-10-06,9,16096.25,19066.031,18.450143667003182
2024-10-07,9,21238.0,22184.912,4.458574768692909
2024-10-08,9,20899.25,22184.912,6.151714101582593
2024-10-09,9,21401.25,22184.912,3.6617585859470823
2024-10-10,9,20210.0,22184.912,9.771955019173676
2024-10-11,9,21325.0,22184.912,4.032413174091442
2024-10-12,9,18459.25,20640.795,11.81816662039357
2024-10-13,9,16145.25,19066.033,18.09066569501866
2024-10-14,9,20929.75,22184.912,5.997023898398213
2024-10-15,9,21555.5,22184.912,2.919960610401058
2024-10-16,9,21402.75,22184.912,3.654493508427655
2024-10-17,9,21189.25,22184.912,4.698902081833949
2024-10-18,9,21152.25,22184.912,4.882043798532071
2024-10-19,9,18302.25,19066.154,4.173827244601074
2024-10-20,9,15488.0,19066.033,23.10197057802815
2024-10-21,9,20802.75,22184.912,6.644131710350795
2024-10-22,9,20855.25,22184.912,6.375670919193009
2024-10-23,9,21150.25,22184.912,4.89196160506377
2024-10-24,9,21787.0,22184.912,1.826374027516409
2024-10-25,9,21601.25,22184.912,2.7019830304959207
2024-10-26,9,18805.25,20646.06,9.788811884314221
2024-10-27,9,15074.0,19066.031,26.4828927292026
2024-10-28,9,20639.0,22184.912,7.490247150419109
2024-10-29,9,21615.5,22184.912,2.6342768354884227
2024-10-30,9,21261.75,22184.912,4.34189146883488
2024-10-31,9,21242.25,22184.912,4.437675431628006
2024-11-01,9,14612.25,20646.06,41.29282312357782
2024-11-02,9,16795.0,19066.037,13.522102467252159
2024-11-03,9,15846.75,19066.033,20.315100592392763
2024-11-04,9,21841.0,22184.912,1.5746170476397603
2024-11-05,9,21884.5,22184.912,1.3727163488999063
2024-11-06,9,22022.5,22184.912,0.7374826172096719
2024-11-07,9,22819.5,22184.912,2.780901819167817
2024-11-08,9,23088.5,22184.912,3.913584211295667
2024-11-09,9,19814.0,20646.06,4.199356752170183
2024-11-10,9,17173.25,19066.031,11.021683432081872
2024-11-11,9,17180.75,20671.873,20.31996884230898
2024-11-12,9,23515.5,22184.912,5.658344031064617
2024-11-13,9,23792.75,22184.912,6.75767992613296
2024-11-14,9,22894.5,22184.912,3.099381469894516
2024-11-15,9,22691.25,22184.912,2.231423525037184
2024-11-16,9,19115.75,20646.06,8.00549571361312
2024-11-17,9,16251.0,19066.031,17.322203249030828
2024-11-18,9,22298.0,22184.912,0.5071660715086554
2024-11-19,9,22647.75,22184.912,2.043637406033712
2024-11-20,9,23186.75,22184.912,4.32073443076326
2024-11-21,9,23247.5,22184.912,4.570761977094311
2024-11-22,9,23925.0,22184.912,7.273094631661442
2024-11-23,9,20858.0,20646.06,1.0161063051347206
2024-11-24,9,17803.75,19066.031,7.089974022326757
2024-11-25,9,21909.75,22184.912,1.2558888594119058
2024-11-26,9,22211.0,22184.912,0.11745482249786142
2024-11-27,9,22484.0,22184.912,1.3302254519880805
2024-11-28,9,23317.0,22184.912,4.855203888257495
2024-11-29,9,23413.5,22184.912,5.247348284643475
2024-11-30,9,20149.25,20646.06,2.46565280035237
2024-12-01,9,17161.75,19066.031,11.096078488499133
2024-12-02,9,22789.75,22184.912,2.6539908977720246
2024-12-03,9,23050.0,22184.912,3.7530928009761393
2024-12-04,9,23487.25,22184.912,5.544871752227272
2024-12-05,9,23740.75,22184.912,6.5534487774185735
2024-12-06,9,23492.75,22184.912,5.566985093805536
2024-12-07,9,20648.75,20646.06,0.013024774502088506
2024-12-08,9,17484.5,19066.031,9.045333009236753
2024-12-09,9,23677.0,22184.912,6.301845211069815
2024-12-10,9,24363.75,22184.912,8.942949630598738
2024-12-11,9,24253.75,22184.912,8.529971202906767
2024-12-12,9,24185.0,22184.912,8.269951997622494
2024-12-13,9,23909.75,22184.912,7.213952009640419
2024-12-14,9,21047.25,20646.06,1.9061371586549314
2024-12-15,9,18087.0,19066.031,5.412900149278487
2024-12-16,9,22991.75,22184.912,3.509249581371579
2024-12-17,9,22426.25,22184.912,1.0761401956412686
2024-12-18,9,21954.5,22184.912,1.0494983232366941
2024-12-19,9,21812.0,22184.912,1.7096649063588851
2024-12-20,9,21837.5,22184.912,1.5908968946765882
2024-12-21,9,19233.5,20646.06,7.3442719571320865
2024-12-22,9,17771.0,19066.031,7.287329075460019
2024-12-23,9,20678.75,22184.912,7.283622604727075
2024-12-24,9,18425.5,22184.912,20.403311222897617
2024-12-25,9,14287.25,22184.912,55.277692413690524
2024-12-26,9,14602.25,22158.107,51.74447377544556
2024-12-27,9,18859.0,22184.914,17.63568621082772
2024-12-28,9,17873.25,19066.031,6.673555452981411
2024-12-29,9,15601.0,19066.031,22.210315043907443
2024-12-30,9,19616.5,22184.912,13.093121144827059
2024-12-31,9,18160.25,22184.912,22.161931192439532
2024-01-01,10,14833.0,20555.127,38.577003661599136
2024-01-02,10,21249.0,22203.818,4.4934743252623655
2024-01-03,10,22852.0,22203.814,2.8364499688211096
2024-01-04,10,22917.0,22203.814,3.112037120369158
2024-01-05,10,24179.0,22203.814,8.169012559969396
2024-01-06,10,19799.0,20555.13,3.8190356047022576
2024-01-07,10,19807.0,20555.13,3.7771033441460093
2024-01-08,10,26831.0,22203.814,17.24566936332973
2024-01-09,10,28304.0,22203.814,21.552379687941635
2024-01-10,10,27984.0,22203.814,20.655322851897512
2024-01-11,10,27464.0,22203.814,19.153020488184534
2024-01-12,10,26900.0,22203.814,17.457938835966544
2024-01-13,10,23507.0,20555.13,12.557404775705109
2024-01-14,10,20084.0,20555.13,2.3458019287741485
2024-01-15,10,25439.0,22203.814,12.717424218227919
2024-01-16,10,26503.0,22203.814,16.22150528949553
2024-01-17,10,26389.0,22203.814,15.859583716226458
2024-01-18,10,25548.0,22203.814,13.089813476103803
2024-01-19,10,25991.0,22203.814,14.571142114097189
2024-01-20,10,23008.0,20555.13,10.660940284357615
2024-01-21,10,19896.0,20555.13,3.3128812795285483
2024-01-22,10,24629.0,22203.814,9.846869734357872
2024-01-23,10,24436.0,22203.814,9.134823812714847
2024-01-24,10,25015.0,22203.814,11.23799938786728
2024-01-25,10,24394.0,22203.814,8.978378071964418
2024-01-26,10,24599.0,22203.814,9.73692242316761
2024-01-27,10,21687.0,20555.13,5.219113481002443
2024-01-28,10,19092.0,20555.13,7.663580868295621
2024-01-29,10,22944.0,22203.814,3.2260527670632846
2024-01-30,10,22849.0,22203.814,2.8236927081053875
2024-01-31,10,24547.0,22203.814,9.545710461054304
2024-02-01,10,24435.0,22203.814,9.131105164211172
2024-02-02,10,23394.0,22203.814,5.087567525327007
2024-02-03,10,21224.0,20555.13,3.1514754081464385
2024-02-04,10,18123.0,19229.166,6.103658420929206
2024-02-05,10,23323.0,22203.814,4.798634596214037
2024-02-06,10,23154.0,22203.814,4.1037641309277015
2024-02-07,10,23494.0,22203.814,5.491553362028603
2024-02-08,10,24236.0,22203.814,8.384987402521043
2024-02-09,10,24271.0,22203.814,8.517100848234518
2024-02-10,10,20997.0,20555.13,2.104439399080821
2024-02-11,10,18066.0,19229.166,6.438425858657146
2024-02-12,10,23010.0,22203.814,3.503631233702738
2024-02-13,10,23007.0,22203.814,3.4910485803233797
2024-02-14,10,22101.0,22203.814,0.46520271989955203
2024-02-15,10,23255.0,22203.814,4.520256060524618
2024-02-16,10,21687.0,22203.814,2.3830610648084107
2024-02-17,10,20596.0,20555.13,0.19843241709555254
2024-02-18,10,18124.0,19229.166,6.097804102984992
2024-02-19,10,23715.0,22203.814,6.372277237507906
2024-02-20,10,23567.0,22203.814,5.784298157911486
2024-02-21,10,22890.0,22203.814,2.99775249836173
2024-02-22,10,22740.0,22203.814,2.3578959844986804
2024-02-23,10,22957.0,22203.814,3.2808535386810127
2024-02-24,10,20119.0,20555.13,2.1677561477956164
2024-02-25,10,17021.0,19229.166,12.973186156071911
2024-02-26,10,22042.0,22203.814,0.7341187420606116
2024-02-27,10,21872.0,22203.814,1.5170741273088881
2024-02-28,10,23027.0,22203.814,3.5748710074043517
2024-02-29,10,23300.0,22203.814,4.704658999463519
2024-03-01,10,22289.0,22203.814,0.382186490533447
2024-03-02,10,20313.0,20555.13,1.1919995046275784
2024-03-03,10,16867.0,19229.166,14.00466007959329
2024-03-04,10,21793.0,22203.814,1.8850752678612397
2024-03-05,10,23455.0,22203.814,5.334408641547644
2024-03-06,10,23810.0,22203.814,6.745844379987401
2024-03-07,10,22848.0,22203.814,2.8194395433954833
2024-03-08,10,22572.0,22203.814,1.6311604947501328
2024-03-09,10,19136.0,20555.13,7.416026648071697
2024-03-10,10,14857.0,19229.168,29.428336600592313
2024-03-11,10,22529.0,22203.814,1.4434087037817924
2024-03-12,10,23566.0,22203.814,5.780300207396249
2024-03-13,10,23496.0,22203.814,5.4995980033835545
2024-03-14,10,21859.0,22203.814,1.5774484337115147
2024-03-15,10,21285.0,22203.814,4.316722824171952
2024-03-16,10,19203.0,20555.13,7.041248030906629
2024-03-17,10,16746.0,19229.166,14.828412848590707
2024-03-18,10,23534.0,22203.814,5.652186397871165
2024-03-19,10,22599.0,22203.814,1.7486859899774325
2024-03-20,10,22004.0,22203.814,0.9080824083121251
2024-03-21,10,21708.0,22203.814,2.2840171970011056
2024-03-22,10,22695.0,22203.814,2.164289697620621
2024-03-23,10,19352.0,20555.13,6.217087946336296
2024-03-24,10,17392.0,19229.166,10.563282058561407
2024-03-25,10,22610.0,22203.814,1.796486275431225
2024-03-26,10,20781.0,22203.814,6.846708306265338
2024-03-27,10,20378.0,22203.814,8.959733306138972
2024-03-28,10,21521.0,22203.814,3.1727821807769154
2024-03-29,10,19494.0,22203.814,13.900761532394581
2024-03-30,10,16822.0,19229.166,14.309630338990608
2024-03-31,10,14104.0,19229.17,36.33841408022547
2024-04-01,10,13964.0,19229.186,37.70542499910484
2024-04-02,10,20830.0,22203.818,6.5953833863418145
2024-04-03,10,20984.0,22203.814,5.813069258125238
2024-04-04,10,21181.0,22203.814,4.8289242865067745
2024-04-05,10,20812.0,22203.814,6.6875574338122235
2024-04-06,10,18497.0,19229.166,3.958296024355301
2024-04-07,10,15644.0,19229.168,22.917207675466635
2024-04-08,10,20036.0,20877.852,4.201694761928529
2024-04-09,10,20211.0,22203.814,9.860048751298796
2024-04-10,10,21809.0,22203.814,1.8103280898940803
2024-04-11,10,20284.0,22203.814,9.464673896297574
2024-04-12,10,20886.0,22203.814,6.309558810327492
2024-04-13,10,18107.0,19229.166,6.197415450516375
2024-04-14,10,16711.0,19229.168,15.068924473400754
2024-04-15,10,21607.0,22203.814,2.7621347393205906
2024-04-16,10,21613.0,22203.814,2.733606871443113
2024-04-17,10,22514.0,22203.814,1.3777451668961536
2024-04-18,10,22089.0,22203.814,0.5197811269183757
2024-04-19,10,21507.0,22203.814,3.239942591365602
2024-04-20,10,19839.0,19253.076,2.953393962019255
2024-04-21,10,17796.0,19229.166,8.053304201084513
2024-04-22,10,23089.0,22203.814,3.83379768233791
2024-04-23,10,22036.0,22203.814,0.7615468012570339
2024-04-24,10,22382.0,22203.814,0.7961109233982664
2024-04-25,10,21631.0,22203.814,2.6481182244232815
2024-04-26,10,20817.0,22203.814,6.661932329946678
2024-04-27,10,18160.0,19229.166,5.887478059609031
2024-04-28,10,16256.0,19229.166,18.289653147299457
2024-04-29,10,19671.0,20877.852,6.135181548980733
2024-04-30,10,19079.0,22203.814,16.37829264177892
2024-05-01,10,15879.0,22203.814,39.8313146490648
2024-05-02,10,16088.0,22203.816,38.01477129692939
2024-05-03,10,14610.0,19229.17,31.616495016255993
2024-05-04,10,15745.0,19229.17,22.12873878612258
2024-05-05,10,14765.0,19229.17,30.234811526413818
2024-05-06,10,19189.0,20877.854,8.801154388581999
2024-05-07,10,20485.0,22203.814,8.390600210519892
2024-05-08,10,19351.0,22203.814,14.74246526342308
2024-05-09,10,19306.0,22203.814,15.009916363436238
2024-05-10,10,19785.0,22203.814,12.225496351402578
2024-05-11,10,18302.0,19229.166,5.065927306441919
2024-05-12,10,15282.0,19229.168,25.828870362190813
2024-05-13,10,19256.0,20877.854,8.422587845996054
2024-05-14,10,19538.0,22203.814,13.644254545629032
2024-05-15,10,19434.0,22203.814,14.252415627894413
2024-05-16,10,19800.0,22203.814,12.140477035984848
2024-05-17,10,19299.0,22203.814,15.05163196603451
2024-05-18,10,17950.0,19229.166,7.1262730675487465
2024-05-19,10,15326.0,19229.168,25.46762344218974
2024-05-20,10,20168.0,20877.854,3.5197020806475603
2024-05-21,10,20247.0,22203.814,9.664713059342125
2024-05-22,10,20513.0,22203.814,8.242648335811436
2024-05-23,10,21252.0,22203.814,4.478705313029361
2024-05-24,10,20761.0,22203.814,6.949638519941235
2024-05-25,10,18269.0,19229.166,5.255711947150911
2024-05-26,10,15684.0,19229.166,22.603710887688088
2024-05-27,10,20072.0,20877.852,4.01480451624153
2024-05-28,10,20597.0,22203.814,7.801206258799826
2024-05-29,10,20796.0,22203.814,6.769640570903059
2024-05-30,10,15919.0,22203.814,39.479957617469694
2024-05-31,10,18014.0,20877.854,15.897932250610635
2024-06-01,10,17439.0,19229.166,10.265301999111188
2024-06-02,10,15845.0,19229.168,21.35795499368886
2024-06-03,10,20597.0,20877.854,1.3635651581541002
2024-06-04,10,21287.0,22203.814,4.306921844905341
2024-06-05,10,19888.0,22203.814,11.644280234940668
2024-06-06,10,20194.0,22203.814,9.952532698450035
2024-06-07,10,20178.0,22203.814,10.039718768584597
2024-06-08,10,17429.0,19229.166,10.328567419960985
2024-06-09,10,15309.0,19229.168,25.606949955908288
2024-06-10,10,20767.0,20877.854,0.533796483001878
2024-06-11,10,20065.0,22203.814,10.659429120981809
2024-06-12,10,20440.0,22203.814,8.62922922272505
2024-06-13,10,21287.0,22203.814,4.306921844905341
2024-06-14,10,19294.5,22203.814,15.078465122832933
2024-06-15,10,17619.0,19229.166,9.138804788154834
2024-06-16,10,15634.25,19229.168,22.993862633321076
2024-06-17,10,19507.75,20877.854,7.023380531455448
2024-06-18,10,20058.75,22203.814,10.693908908207142
2024-06-19,10,20755.0,22203.814,6.980556266562274
2024-06-20,10,19728.25,22203.814,12.548322598938071
2024-06-21,10,20020.25,22203.814,10.90677915173387
2024-06-22,10,18524.75,19229.166,3.802566920606216
2024-06-23,10,15564.5,19229.166,23.545028851713838
2024-06-24,10,19667.75,20877.854,6.152729801960062
2024-06-25,10,20423.5,22203.814,8.716990002325751
2024-06-26,10,20400.25,22203.814,8.840893876913274
2024-06-27,10,21227.5,22203.814,4.599290793192792
2024-06-28,10,21709.75,22203.814,2.2757721904904478
2024-06-29,10,19315.75,19229.166,0.4482558760338066
2024-06-30,10,16828.75,19229.166,14.26378082522469
2024-07-01,10,20958.25,20877.852,0.3836123602877149
2024-07-02,10,20078.75,22203.814,10.583649147108261
2024-07-03,10,19940.0,22203.814,11.35313166060682
2024-07-04,10,19679.75,22203.814,12.825693685768366
2024-07-05,10,18825.25,22203.814,17.94698319079428
2024-07-06,10,17350.75,19229.166,10.826137288733918
2024-07-07,10,15143.0,19229.168,26.98387353067424
2024-07-08,10,20151.5,20877.854,3.604463765104335
2024-07-09,10,20475.5,22203.814,8.440890103416278
2024-07-10,10,21289.25,22203.814,4.295897944385077
2024-07-11,10,21314.0,22203.814,4.1747886512386225
2024-07-12,10,20916.25,22203.814,6.1558092541684095
2024-07-13,10,17716.0,19229.166,8.54123964565929
2024-07-14,10,15006.5,19229.168,28.138926256955322
2024-07-15,10,20425.75,20877.854,2.2133998292596355
2024-07-16,10,21393.75,22203.814,3.7864537686240136
2024-07-17,10,20368.25,22203.814,9.01189082579505
2024-07-18,10,19763.0,22203.814,12.350424799499065
2024-07-19,10,19654.5,22203.814,12.970640072884073
2024-07-20,10,17449.0,19229.166,10.202109092927962
2024-07-21,10,15041.25,19229.168,27.842885190725504
2024-07-22,10,20330.75,20877.854,2.6910149189036314
2024-07-23,10,19528.5,22203.814,13.699538895076428
2024-07-24,10,20323.75,22203.814,9.25057852573959
2024-07-25,10,19344.75,22203.814,14.779536841391074
2024-07-26,10,19218.5,22203.814,15.533545558316206
2024-07-27,10,17210.0,19229.166,11.732516069872167
2024-07-28,10,15285.75,19229.168,25.798001202099996
2024-07-29,10,17294.0,20877.854,20.723103478807676
2024-07-30,10,18256.5,22203.814,21.62141951154383
2024-07-31,10,19024.75,22203.814,16.710151003955374
2024-08-01,10,20080.5,22203.814,10.574011867856877
2024-08-02,10,19848.5,22203.814,11.866460705468928
2024-08-03,10,17462.25,19229.166,10.118489974802788
2024-08-04,10,14356.25,19229.168,33.9428330430997
2024-08-05,10,19281.5,20877.854,8.27919775756554
2024-08-06,10,19006.25,22203.814,16.823752466293982
2024-08-07,10,19018.75,22203.814,16.746970506079524
2024-08-08,10,19933.25,22203.814,11.390839191426386
2024-08-09,10,19511.75,22203.814,13.797145069637526
2024-08-10,10,16597.0,19229.166,15.85928791724408
2024-08-11,10,14833.0,19229.168,29.637753446706665
2024-08-12,10,18362.0,20877.854,13.701413329838797
2024-08-13,10,18644.5,22203.814,19.09042587961597
2024-08-14,10,18927.5,22203.814,17.3098108737287
2024-08-15,10,14842.25,22203.814,49.59870944853375
2024-08-16,10,17939.5,20877.854,16.379238638897405
2024-08-17,10,17636.5,19229.166,9.03051067743033
2024-08-18,10,15280.5,19229.168,25.841222268577603
2024-08-19,10,20442.75,20877.854,2.128400120458353
2024-08-20,10,20332.0,22203.814,9.20624853986327
2024-08-21,10,20593.75,22203.814,7.818218892261002
2024-08-22,10,19478.75,22203.814,13.989934945132514
2024-08-23,10,19403.0,22203.814,14.434955693062928
2024-08-24,10,17176.25,19229.166,11.95206180408995
2024-08-25,10,15777.0,19229.168,21.881016471762692
2024-08-26,10,19933.5,20877.854,4.737519831564954
2024-08-27,10,20040.5,22203.814,10.79471297185699
2024-08-28,10,19925.25,22203.814,11.435562681145782
2024-08-29,10,20649.25,22203.814,7.528430587672676
2024-08-30,10,20899.5,22203.814,6.240888313715639
2024-08-31,10,17512.75,19229.166,9.800950825113132
2024-09-01,10,14664.0,19229.168,31.131805569762683
2024-09-02,10,19018.25,20877.854,9.777994902922194
2024-09-03,10,19807.75,22203.814,12.096600841211142
2024-09-04,10,20175.75,22203.814,10.051990399985131
2024-09-05,10,19824.25,22203.814,12.003301275584196
2024-09-06,10,19784.75,22203.814,12.22691443220157
2024-09-07,10,17142.5,19229.166,12.1724720176462
2024-09-08,10,15002.25,19229.168,28.175226840973856
2024-09-09,10,20124.75,20877.854,3.7421757568417
2024-09-10,10,20506.25,22203.814,8.278278345016764
2024-09-11,10,19108.25,22203.814,16.200146288252455
2024-09-12,10,19727.75,22203.814,12.55117513717986
2024-09-13,10,20515.0,22203.814,8.232095798805753
2024-09-14,10,18342.25,19229.166,4.835371972495196
2024-09-15,10,14924.25,19229.168,28.845120985979193
2024-09-16,10,19235.5,20877.854,8.538137899326765
2024-09-17,10,19170.75,22203.814,15.82131347560737
2024-09-18,10,19287.75,22203.814,15.118738334564686
2024-09-19,10,19328.5,22203.814,14.876035145639857
2024-09-20,10,18828.75,22203.814,17.925058504282017
2024-09-21,10,15975.75,19229.166,20.36471536938798
2024-09-22,10,13839.5,19229.17,38.94410868799451
2024-09-23,10,18841.75,20877.855,10.806350093542266
2024-09-24,10,19023.0,22203.814,16.720887626163066
2024-09-25,10,19020.75,22203.814,16.73469475769883
2024-09-26,10,19439.5,22203.814,14.220090296175314
2024-09-27,10,19548.75,22203.814,13.581760742374833
2024-09-28,10,16998.75,19229.166,13.121058993308331
2024-09-29,10,14165.5,19229.17,35.74649621880626
2024-09-30,10,18911.5,20877.855,10.397670564206964
2024-10-01,10,19625.5,22203.814,13.137573326157295
2024-10-02,10,21320.0,22203.814,4.145471168503753
2024-10-03,10,21976.0,22203.814,1.0366511336230433
2024-10-04,10,21897.5,22203.814,1.3988558197282794
2024-10-05,10,19338.25,19229.166,0.5640840529779064
2024-10-06,10,16416.5,19229.166,17.13316489888222
2024-10-07,10,20553.25,22203.814,8.030673752934451
2024-10-08,10,20073.5,22203.814,10.612571066953944
2024-10-09,10,21219.5,22203.814,4.638725950776409
2024-10-10,10,19621.5,22203.814,13.160637327039218
2024-10-11,10,20527.0,22203.814,8.168823759560578
2024-10-12,10,18090.5,19229.166,6.294276087587408
2024-10-13,10,15998.0,19229.168,20.19732447024628
2024-10-14,10,20569.25,22203.814,7.946640996268702
2024-10-15,10,21158.25,22203.814,4.94163956435433
2024-10-16,10,20454.25,22203.814,8.553549766552184
2024-10-17,10,20448.0,22203.814,8.586729524281104
2024-10-18,10,20347.75,22203.814,9.121718387168114
2024-10-19,10,17926.75,19229.166,7.26520989931248
2024-10-20,10,15425.25,19229.168,24.66033269314922
2024-10-21,10,20087.5,22203.816,10.535489265712508
2024-10-22,10,20098.5,22203.814,10.474982974475708
2024-10-23,10,20610.5,22203.814,7.730595827976032
2024-10-24,10,21189.75,22203.814,4.785636702297101
2024-10-25,10,20914.25,22203.814,6.165960783317594
2024-10-26,10,18512.25,19689.58,6.359735192237573
2024-10-27,10,14991.0,19229.168,28.27141597458475
2024-10-28,10,20141.5,22203.816,10.239140114936822
2024-10-29,10,21549.75,22203.814,3.0351370810566247
2024-10-30,10,21027.0,22203.814,5.596682613425596
2024-10-31,10,20960.5,22203.814,5.931702264378235
2024-11-01,10,13917.75,20555.13,47.6900422796429
2024-11-02,10,16762.25,19229.174,14.717140169875762
2024-11-03,10,16055.25,19229.17,19.7687355966117
2024-11-04,10,21569.5,22203.814,2.940793496024479
2024-11-05,10,21129.5,22203.814,5.084429130481081
2024-11-06,10,21700.75,22203.814,2.3181892474914463
2024-11-07,10,22809.5,22203.814,2.6554091359959666
2024-11-08,10,23124.5,22203.814,3.981428990356548
2024-11-09,10,20183.75,20555.13,1.8399993032761506
2024-11-10,10,17693.75,19229.166,8.677730925468033
2024-11-11,10,17801.5,20555.133,15.468543732269751
2024-11-12,10,23545.75,22203.814,5.699268644553688
2024-11-13,10,23738.25,22203.814,6.463979218666077
2024-11-14,10,22696.75,22203.814,2.1718331782083338
2024-11-15,10,22333.5,22203.814,0.5806772197595541
2024-11-16,10,19120.0,20555.13,7.505914536480125
2024-11-17,10,16619.25,19229.168,15.704186222302448
2024-11-18,10,22231.5,22203.814,0.12453296842318332
2024-11-19,10,22752.5,22203.814,2.4115395972970006
2024-11-20,10,23152.75,22203.814,4.098586763451426
2024-11-21,10,23104.25,22203.814,3.89727234978413
2024-11-22,10,23871.75,22203.814,6.987068593106915
2024-11-23,10,21061.5,20555.13,2.404240631602687
2024-11-24,10,18411.5,19229.166,4.441061378078918
2024-11-25,10,21392.0,22203.814,3.794944152603777
2024-11-26,10,21834.5,22203.814,1.6914261976459275
2024-11-27,10,22342.75,22203.814,0.6218372710387038
2024-11-28,10,23271.0,22203.814,4.585903256735851
2024-11-29,10,23330.0,22203.814,4.827199086476639
2024-11-30,10,20558.0,20555.13,0.013956321748224537
2024-12-01,10,17426.5,19229.166,10.344395120219206
2024-12-02,10,22200.25,22203.814,0.0160559143478114
2024-12-03,10,22719.75,22203.814,2.270868063579045
2024-12-04,10,23258.5,22203.814,4.534624102478664
2024-12-05,10,23480.25,22203.814,5.436209354138052
2024-12-06,10,23523.5,22203.814,5.610073105086403
2024-12-07,10,21010.0,20555.13,2.1650125684198
2024-12-08,10,18068.5,19229.166,6.423698788637684
2024-12-09,10,23865.25,22203.814,6.961735355275976
2024-12-10,10,24388.75,22203.814,8.958784467736148
2024-12-11,10,24040.0,22203.814,7.638043040245425
2024-12-12,10,24067.75,22203.814,7.744535932419939
2024-12-13,10,23601.5,22203.814,5.922019985488211
2024-12-14,10,21421.0,20555.13,4.04215088289529
2024-12-15,10,18641.0,20555.13,10.268391499248967
2024-12-16,10,23063.25,22203.814,3.7264286120776564
2024-12-17,10,22437.5,22203.814,1.0414954735376045
2024-12-18,10,21750.75,22203.814,2.0829831298920727
2024-12-19,10,21511.75,22203.814,3.217146225318721
2024-12-20,10,21878.0,22203.814,1.4892332622954565
2024-12-21,10,19412.75,20555.13,5.884693613089335
2024-12-22,10,18031.25,19229.166,6.643555025996534
2024-12-23,10,20867.0,22203.814,6.406356702568649
2024-12-24,10,18808.75,22203.814,18.050452332690902
2024-12-25,10,14507.75,22203.818,53.04798028209061
2024-12-26,10,14849.5,22203.803,49.5255916655443
2024-12-27,10,18971.25,20555.13,8.348848174869868
2024-12-28,10,18640.75,20555.13,10.269870361305205
2024-12-29,10,16039.0,19229.168,19.890067764511503
2024-12-30,10,19586.75,22203.816,13.36141221106105
2024-12-31,10,18202.0,22203.814,21.985575503378747
2024-01-01,11,15594.0,20400.05,30.819871625304607
2024-01-02,11,21561.0,22089.283,2.4501795052409445
2024-01-03,11,22971.0,22089.283,3.8383910011536284
2024-01-04,11,23326.0,22089.283,5.301881149254052
2024-01-05,11,24300.0,22089.283,9.097599987139917
2024-01-06,11,20272.0,20400.049,0.6316536509717837
2024-01-07,11,20460.0,20400.049,0.29301648032746824
2024-01-08,11,27030.0,22089.283,18.278641497872734
2024-01-09,11,28050.0,22089.283,21.250327261586452
2024-01-10,11,27928.0,22089.283,20.906319095083788
2024-01-11,11,27558.0,22089.283,19.844389276707307
2024-01-12,11,26984.0,22089.283,18.139329961736582
2024-01-13,11,23785.0,20400.049,14.231453318793358
2024-01-14,11,20568.0,20400.049,0.8165654019593543
2024-01-15,11,25562.0,22089.283,13.585465913758703
2024-01-16,11,26632.0,22089.283,17.05736255960874
2024-01-17,11,26490.0,22089.283,16.612747440071725
2024-01-18,11,25900.0,22089.283,14.713192265926642
2024-01-19,11,26342.0,22089.283,16.1442441609407
2024-01-20,11,23225.0,20400.049,12.163406552744888
2024-01-21,11,19837.0,20400.049,2.8383769124615617
2024-01-22,11,24903.0,22089.283,11.298706167429627
2024-01-23,11,24877.0,22089.283,11.206000710998111
2024-01-24,11,25182.0,22089.283,12.281458172007783
2024-01-25,11,24514.0,22089.283,9.891151166170351
2024-01-26,11,24972.0,22089.283,11.543796239288003
2024-01-27,11,22027.0,20400.049,7.3861677571843645
2024-01-28,11,19375.0,20400.049,5.290574596774193
2024-01-29,11,22664.0,22089.283,2.5358136113439818
2024-01-30,11,22715.0,22089.283,2.754641412612811
2024-01-31,11,24710.0,22089.283,10.60589557618373
2024-02-01,11,24606.0,22089.283,10.228061435727058
2024-02-02,11,23537.0,22089.283,6.1508127496070015
2024-02-03,11,21393.0,20400.049,4.641476987215444
2024-02-04,11,18406.0,20400.049,10.833689167255244
2024-02-05,11,23739.0,22089.283,6.949394653839673
2024-02-06,11,23329.0,22089.283,5.314058883256891
2024-02-07,11,24054.0,22089.283,8.167942117215432
2024-02-08,11,24335.0,22089.283,9.228341059687693
2024-02-09,11,24574.0,22089.283,10.11116137737039
2024-02-10,11,20853.0,20400.049,2.1721151483000045
2024-02-11,11,18480.0,20400.049,10.389874611066018
2024-02-12,11,23249.0,22089.248,4.988394998171965
2024-02-13,11,23566.0,22089.283,6.266302286662989
2024-02-14,11,22118.0,22089.283,0.12983450978840763
2024-02-15,11,23189.0,22089.283,4.7424071623399024
2024-02-16,11,21339.0,22089.283,3.5160185722151924
2024-02-17,11,20857.0,20400.049,2.1908767889677327
2024-02-18,11,18213.0,20400.049,12.008174535359359
2024-02-19,11,24320.0,22089.283,9.172355250308389
2024-02-20,11,23787.0,22089.283,7.137162302413083
2024-02-21,11,23430.0,22089.283,5.722222777955612
2024-02-22,11,23069.0,22089.283,4.246897554618752
2024-02-23,11,23396.0,22089.283,5.585214553235596
2024-02-24,11,19744.0,20400.049,3.3227756691906403
2024-02-25,11,16772.0,20400.049,21.63158137446339
2024-02-26,11,21754.0,20400.049,6.2239182305553005
2024-02-27,11,22164.0,22089.283,0.3371088110223786
2024-02-28,11,23464.0,22089.283,5.858833945086089
2024-02-29,11,23295.0,22089.283,5.175860900944409
2024-03-01,11,22521.0,22089.283,1.9169521640912925
2024-03-02,11,20336.0,20400.049,0.3149529313778521
2024-03-03,11,16524.0,20400.049,23.45708562167151
2024-03-04,11,21815.0,20400.049,6.486138766330507
2024-03-05,11,23800.0,22089.283,7.187885701155462
2024-03-06,11,23998.0,22089.283,7.953649457767314
2024-03-07,11,22629.0,22089.283,2.3850669356798795
2024-03-08,11,22114.0,22089.283,0.11176990537668445
2024-03-09,11,18785.0,20400.049,8.597544999334575
2024-03-10,11,14690.0,20400.049,38.87031196817563
2024-03-11,11,22764.0,20400.049,10.384603636772976
2024-03-12,11,23838.0,22089.283,7.335836885959393
2024-03-13,11,23769.0,22089.283,7.0668383056712525
2024-03-14,11,21747.0,22089.283,1.5739329706396286
2024-03-15,11,21132.0,22089.283,4.530017050563127
2024-03-16,11,19018.0,20400.049,7.2670566207014415
2024-03-17,11,16979.0,20400.049,20.14870621429413
2024-03-18,11,23668.0,22089.26,6.670357589889302
2024-03-19,11,22581.0,22089.283,2.177568738651964
2024-03-20,11,21862.0,22089.283,1.0396267639054066
2024-03-21,11,21692.0,22089.283,1.8314733686382076
2024-03-22,11,22745.0,22089.283,2.8829052401626734
2024-03-23,11,19077.0,20400.049,6.9353086340881696
2024-03-24,11,17235.0,20400.049,18.36407791195242
2024-03-25,11,22609.0,20400.049,9.770229430204786
2024-03-26,11,20951.0,22089.283,5.433073376569138
2024-03-27,11,20483.0,22089.283,7.842030967753747
2024-03-28,11,21835.0,22089.283,1.1645669939317609
2024-03-29,11,19580.0,20400.049,4.188196262129725
2024-03-30,11,16475.0,20400.049,23.824272097875568
2024-03-31,11,13671.0,20400.049,49.22133587978202
2024-04-01,11,14316.0,20400.05,42.498259159332214
2024-04-02,11,21097.0,22089.283,4.703432730364507
2024-04-03,11,21275.0,22089.283,3.8274181110458287
2024-04-04,11,21119.0,22089.283,4.594361490245751
2024-04-05,11,20608.0,20400.049,1.0090798324679735
2024-04-06,11,18433.0,20400.049,10.671343938181522
2024-04-07,11,15594.0,20400.049,30.819859100455304
2024-04-08,11,20141.0,20400.049,1.286176595625838
2024-04-09,11,19933.0,22089.283,10.817655160412382
2024-04-10,11,21949.0,22089.283,0.6391325487493735
2024-04-11,11,20567.0,22089.283,7.401581188919143
2024-04-12,11,20829.0,20400.049,2.059393978947621
2024-04-13,11,18276.0,20400.049,11.622066251504707
2024-04-14,11,16915.0,20400.049,20.6033037429796
2024-04-15,11,21573.0,20400.049,5.437125906804803
2024-04-16,11,21942.0,22089.283,0.671238734504603
2024-04-17,11,22608.0,22089.283,2.294394890636058
2024-04-18,11,22185.0,22089.283,0.43144826177597473
2024-04-19,11,21690.0,22089.283,1.8408630849469803
2024-04-20,11,19954.0,20400.049,2.235385527337877
2024-04-21,11,18108.0,20400.049,12.657658648801634
2024-04-22,11,23163.0,20400.049,11.928295867871173
2024-04-23,11,21672.0,22089.283,1.9254485194029163
2024-04-24,11,22423.0,22089.283,1.488278985305267
2024-04-25,11,21692.0,22089.283,1.8314733686382076
2024-04-26,11,20587.0,20400.049,0.9081030352892603
2024-04-27,11,18430.0,20400.049,10.689358806972328
2024-04-28,11,16348.0,20400.049,24.786205212411303
2024-04-29,11,19807.0,20400.049,2.994137568157722
2024-04-30,11,19197.0,22089.283,15.066329130202636
2024-05-01,11,15617.0,22089.283,41.44383174185183
2024-05-02,11,15867.0,22089.283,39.21524675820886
2024-05-03,11,14686.0,20400.049,38.90813583089337
2024-05-04,11,15885.0,20400.049,28.42334798945546
2024-05-05,11,14813.0,20400.049,37.71719994683724
2024-05-06,11,19636.0,20400.049,3.891061459182114
2024-05-07,11,20736.0,22089.283,6.526250015070409
2024-05-08,11,19226.0,22089.283,14.892766062233434
2024-05-09,11,19496.0,22089.283,13.301616757924704
2024-05-10,11,19985.0,20400.049,2.0768017419314484
2024-05-11,11,18260.0,20400.049,11.719873100355969
2024-05-12,11,15231.0,20400.049,33.93768516922723
2024-05-13,11,19538.0,20400.049,4.412165155722183
2024-05-14,11,19648.0,22089.283,12.425097735774633
2024-05-15,11,19636.0,22089.283,12.493803234492768
2024-05-16,11,20238.0,22089.283,9.147560051017887
2024-05-17,11,19452.0,20400.049,4.873785873560559
2024-05-18,11,18190.0,20400.049,12.149801144172622
2024-05-19,11,15580.0,20400.049,30.937412247272146
2024-05-20,11,20919.0,20400.049,2.4807647204694296
2024-05-21,11,20243.0,22089.283,9.120600716914488
2024-05-22,11,20793.0,22089.283,6.234228842038186
2024-05-23,11,21541.0,22089.283,2.5453006040805906
2024-05-24,11,20741.0,20400.049,1.643851173400511
2024-05-25,11,18231.0,20400.049,11.89758558567824
2024-05-26,11,15596.0,20400.049,30.803083022088995
2024-05-27,11,19930.0,20400.049,2.3584988867285497
2024-05-28,11,20814.0,22089.283,6.127045273013356
2024-05-29,11,20467.0,22089.283,7.926336068427224
2024-05-30,11,15602.0,22045.986,41.30230949958339
2024-05-31,11,17508.0,20400.049,16.518442015792782
2024-06-01,11,17381.0,20400.049,17.36982238147978
2024-06-02,11,15832.0,20400.049,28.853264452532844
2024-06-03,11,20358.0,20400.049,0.20654695021613123
2024-06-04,11,21596.0,22089.283,2.284141522156881
2024-06-05,11,19746.0,22089.283,11.867128548186974
2024-06-06,11,20289.0,22089.283,8.873198300187294
2024-06-07,11,20311.0,20400.049,0.43842660688789326
2024-06-08,11,17048.0,20400.049,19.6624168707473
2024-06-09,11,15792.0,20400.049,29.1796405023113
2024-06-10,11,20956.0,20400.049,2.652945084343386
2024-06-11,11,20527.0,22089.283,7.610869601622254
2024-06-12,11,20574.0,22089.283,7.3650393852678135
2024-06-13,11,21475.0,22089.283,2.860457290454016
2024-06-14,11,19376.0,20400.049,5.285140525005161
2024-06-15,11,17591.0,20400.049,15.96867050267182
2024-06-16,11,15820.75,20400.049,28.944890906720605
2024-06-17,11,19730.5,20400.049,3.393471164567548
2024-06-18,11,20308.25,22089.283,8.769998415052996
2024-06-19,11,21001.75,22089.283,5.178298013855988
2024-06-20,11,19738.0,22089.283,11.912469364297294
2024-06-21,11,20224.25,20400.049,0.8692477007800042
2024-06-22,11,18810.0,20400.049,8.45321014420521
2024-06-23,11,15673.5,20400.049,30.15630732207229
2024-06-24,11,20043.75,20400.049,1.7776056283130652
2024-06-25,11,20585.5,22089.283,7.305060373199582
2024-06-26,11,20542.75,22089.283,7.528365010161736
2024-06-27,11,21540.0,22089.283,2.5500612958449396
2024-06-28,11,21983.5,20400.049,7.202907507335047
2024-06-29,11,19413.5,20400.049,5.08176695662812
2024-06-30,11,17153.75,20400.049,18.924718082780736
2024-07-01,11,21374.25,20400.049,4.55782622489678
2024-07-02,11,20237.25,22089.283,9.151605100124769
2024-07-03,11,19923.5,22089.283,10.870495661530354
2024-07-04,11,19687.75,22089.283,12.198108992266764
2024-07-05,11,18675.25,20400.049,9.235746927751972
2024-07-06,11,17059.5,20400.049,19.5817510954307
2024-07-07,11,15224.5,20400.049,33.994868981739955
2024-07-08,11,20027.25,20400.049,1.861457904230486
2024-07-09,11,20795.5,22089.283,6.221457541896084
2024-07-10,11,21418.5,22089.283,3.1317935575553846
2024-07-11,11,21857.25,22089.283,1.0615846143728054
2024-07-12,11,21226.0,20400.049,3.891223838099501
2024-07-13,11,17796.5,20400.049,14.62955540766443
2024-07-14,11,14971.25,20400.049,36.26149338315104
2024-07-15,11,20375.25,20400.049,0.12171054649636201
2024-07-16,11,21560.25,22089.283,2.453743361626141
2024-07-17,11,20538.0,22089.283,7.553234020474243
2024-07-18,11,19725.25,22089.283,11.984807305991051
2024-07-19,11,19586.75,20400.049,4.152290850319732
2024-07-20,11,17259.5,20400.049,18.196059144963645
2024-07-21,11,15321.75,20400.049,33.1443785998662
2024-07-22,11,20436.25,20400.049,0.17714195057801702
2024-07-23,11,19614.75,22089.283,12.615675464255215
2024-07-24,11,20644.25,22089.283,6.999688548264045
2024-07-25,11,19548.25,22089.283,12.998775865486682
2024-07-26,11,19298.75,20400.049,5.706581141913336
2024-07-27,11,17238.0,20400.049,18.34347852491588
2024-07-28,11,15428.25,20400.049,32.22529339442257
2024-07-29,11,18287.25,20400.05,11.553408966629755
2024-07-30,11,18597.75,22089.283,18.773954930703983
2024-07-31,11,19131.25,22089.283,15.461787406076446
2024-08-01,11,20259.0,22089.283,9.034420273088504
2024-08-02,11,20265.5,20400.049,0.6639304637191286
2024-08-03,11,17261.25,20400.049,18.184076055471067
2024-08-04,11,15009.0,20400.05,35.918787269305085
2024-08-05,11,19429.5,20400.05,4.995243219074089
2024-08-06,11,19036.25,22089.283,16.037996995863153
2024-08-07,11,19157.75,22089.283,15.302074633633907
2024-08-08,11,19824.75,22089.283,11.422757932004187
2024-08-09,11,19436.5,20400.049,4.957419433154117
2024-08-10,11,16508.25,20400.049,23.574872128329773
2024-08-11,11,14627.25,20400.05,39.466070390880034
2024-08-12,11,18285.5,20400.05,11.56408510158322
2024-08-13,11,18745.25,22089.283,17.839363055307345
2024-08-14,11,18860.75,22089.283,17.117734995294462
2024-08-15,11,14769.5,22089.283,49.56012866464674
2024-08-16,11,17492.25,20400.049,16.62335507510469
2024-08-17,11,17527.25,20400.049,16.390470998730546
2024-08-18,11,15363.5,20400.049,32.78256144840043
2024-08-19,11,20768.25,20400.049,1.7729041776509815
2024-08-20,11,20442.25,22089.283,8.057005481906346
2024-08-21,11,21036.75,22089.283,5.003307084625715
2024-08-22,11,19529.0,22089.283,13.110160290465462
2024-08-23,11,19472.0,20400.049,4.766068344931183
2024-08-24,11,16983.5,20400.049,20.11687124635676
2024-08-25,11,15821.5,20400.049,28.93877842255791
2024-08-26,11,20038.25,20400.049,1.8055410433795365
2024-08-27,11,20109.25,22089.283,9.846380163979264
2024-08-28,11,19889.0,22089.283,11.06281463685957
2024-08-29,11,20762.0,22089.283,6.392848488223677
2024-08-30,11,20956.0,20400.049,2.652945084343386
2024-08-31,11,17451.0,20400.049,16.899024858890606
2024-09-01,11,14341.5,20400.049,42.2448755578217
2024-09-02,11,19351.0,20400.05,5.421170902020568
2024-09-03,11,19935.25,22089.283,10.805147681243024
2024-09-04,11,20087.0,22089.283,9.968054976477324
2024-09-05,11,19864.0,22089.283,11.20259365246174
2024-09-06,11,19784.25,20400.049,3.1125710002906355
2024-09-07,11,16859.75,20400.049,20.99852505597651
2024-09-08,11,14824.5,20400.049,37.61036681254005
2024-09-09,11,20546.5,20400.049,0.7127791685931911
2024-09-10,11,20748.25,22089.283,6.463355719759497
2024-09-11,11,19208.5,22089.283,14.997439691412657
2024-09-12,11,19858.25,22089.283,11.234792608235871
2024-09-13,11,20836.5,22089.283,6.01244548328654
2024-09-14,11,18469.75,20400.049,10.451136740481056
2024-09-15,11,14925.25,20400.049,36.68145477043935
2024-09-16,11,19430.75,20400.05,4.98848876780361
2024-09-17,11,19086.25,22089.283,15.734013769729518
2024-09-18,11,19052.25,22089.283,15.940548770486426
2024-09-19,11,19371.0,22089.283,14.032745873341593
2024-09-20,11,18658.25,22089.283,18.388826407219327
2024-09-21,11,15839.75,20400.049,28.79021972016604
2024-09-22,11,13851.75,20400.053,47.2741908738968
2024-09-23,11,18931.5,20400.05,7.757181318173415
2024-09-24,11,18736.75,22089.283,17.89282134374958
2024-09-25,11,18974.5,22089.283,16.415627305726105
2024-09-26,11,19532.75,22089.283,13.08844480743879
2024-09-27,11,19889.0,22089.283,11.06281463685957
2024-09-28,11,17463.75,20400.049,16.813678781046455
2024-09-29,11,14358.75,20400.05,42.07400213284583
2024-09-30,11,18682.75,20400.05,9.191905802143689
2024-10-01,11,19312.0,22089.283,14.38112677674503
2024-10-02,11,21628.0,22089.283,2.132805636790272
2024-10-03,11,22157.25,22089.283,0.30674743876157917
2024-10-04,11,22068.0,22089.283,0.0964437335735001
2024-10-05,11,19530.75,20400.049,4.450923943652958
2024-10-06,11,16695.5,20400.049,22.188906161091314
2024-10-07,11,20301.5,22089.283,8.806163106790137
2024-10-08,11,19881.5,22089.283,11.104711430852802
2024-10-09,11,21529.0,22089.283,2.6024580943146454
2024-10-10,11,19829.75,22089.283,11.394663085137232
2024-10-11,11,20208.75,22089.283,9.305539447640253
2024-10-12,11,17643.75,20400.049,15.6219558094226
2024-10-13,11,16137.5,20400.049,26.413935418280403
2024-10-14,11,20658.5,22089.283,6.925881371469371
2024-10-15,11,20921.25,22089.283,5.582999118719005
2024-10-16,11,19929.25,22089.283,10.838507234968702
2024-10-17,11,19831.25,22089.283,11.386237393633786
2024-10-18,11,19976.75,22089.283,10.574959405934399
2024-10-19,11,17205.0,20400.049,18.570466888259226
2024-10-20,11,14742.25,20400.049,38.37812293323611
2024-10-21,11,19953.25,22089.283,10.70518939583777
2024-10-22,11,19734.0,22089.283,11.935153557945677
2024-10-23,11,20456.5,22089.283,7.981732960794857
2024-10-24,11,20755.25,22089.283,6.427449455559437
2024-10-25,11,20394.0,22089.283,8.312656679047759
2024-10-26,11,18126.75,20400.049,12.541127494586728
2024-10-27,11,14690.0,20400.049,38.87031196817563
2024-10-28,11,20273.25,22089.283,8.957780341706435
2024-10-29,11,21718.75,22089.283,1.7060521582733812
2024-10-30,11,21310.5,22089.283,3.6544576763801886
2024-10-31,11,21037.0,22089.283,5.002059243832296
2024-11-01,11,13487.25,20400.049,51.254324107027
2024-11-02,11,16585.25,20400.055,23.0011889329374
2024-11-03,11,16003.0,20400.05,27.476415554895954
2024-11-04,11,21687.25,22089.283,1.8537767726429122
2024-11-05,11,21251.0,22089.283,3.9446765005176228
2024-11-06,11,21993.75,22089.283,0.4343652315998863
2024-11-07,11,22990.75,22089.283,3.9209977789980757
2024-11-08,11,23380.5,22089.283,5.5226226850366755
2024-11-09,11,20356.5,20400.049,0.21393082369267802
2024-11-10,11,17949.0,20400.049,13.655628882528276
2024-11-11,11,18110.75,20400.049,12.64055231354306
2024-11-12,11,23927.0,22089.283,7.680514886425377
2024-11-13,11,23980.75,22089.283,7.887438036237398
2024-11-14,11,23007.5,22089.283,3.9909455476475064
2024-11-15,11,22389.25,22089.283,1.3397804610471544
2024-11-16,11,18863.0,20400.049,8.148485543789429
2024-11-17,11,17053.0,20400.049,19.62733142628863
2024-11-18,11,22670.0,22089.283,2.5616091613365684
2024-11-19,11,23028.75,22089.283,4.079538823752918
2024-11-20,11,23358.75,22089.283,5.434652097714989
2024-11-21,11,23221.5,22089.283,4.875726360807872
2024-11-22,11,23975.25,22089.283,7.866307116192741
2024-11-23,11,20870.0,20400.049,2.251802452683277
2024-11-24,11,18880.5,20400.049,8.04824463401393
2024-11-25,11,21289.25,22089.283,3.757921031154221
2024-11-26,11,22185.25,22089.283,0.43257027473208554
2024-11-27,11,22406.5,22089.283,1.415735598487046
2024-11-28,11,23654.25,22089.283,6.616006835452402
2024-11-29,11,23673.5,22089.283,6.691941609288868
2024-11-30,11,20781.75,20400.049,1.8367133271981428
2024-12-01,11,17697.0,20400.049,15.274051128016048
2024-12-02,11,22102.0,22089.283,0.057536860352004345
2024-12-03,11,22900.25,22089.283,3.5413010638530147
2024-12-04,11,23588.25,22089.283,6.354718119720623
2024-12-05,11,23711.0,22089.283,6.839512449390578
2024-12-06,11,23872.0,22089.283,7.467815000314175
2024-12-07,11,21002.5,20400.049,2.8684736192119984
2024-12-08,11,18248.75,20400.049,11.788746232618672
2024-12-09,11,24151.25,22089.283,8.537722879250556
2024-12-10,11,24518.0,22089.283,9.905852014336405
2024-12-11,11,24254.0,22089.283,8.925195006493775
2024-12-12,11,24284.0,22089.283,9.037707119399604
2024-12-13,11,23658.5,22089.283,6.632782284908173
2024-12-14,11,21668.5,20400.049,5.85389469448739
2024-12-15,11,18877.0,20400.049,8.068277947369815
2024-12-16,11,23184.25,22089.283,4.722890742098623
2024-12-17,11,22730.0,22089.283,2.8188156483721953
2024-12-18,11,21861.5,22089.283,1.0419376672460718
2024-12-19,11,21714.0,22089.283,1.728300649926315
2024-12-20,11,21877.75,22089.283,0.966887377015461
2024-12-21,11,19277.75,20400.049,5.821731416399736
2024-12-22,11,18218.0,20400.049,11.977433462097926
2024-12-23,11,21185.0,22089.283,4.268506977224451
2024-12-24,11,18798.5,22089.283,17.505562694496902
2024-12-25,11,14638.25,22089.283,50.90112003227845
2024-12-26,11,14928.25,22985.348,53.972151164737994
2024-12-27,11,18969.5,22089.283,16.44631225454018
2024-12-28,11,18675.0,20400.049,9.237209253681392
2024-12-29,11,16179.25,20400.049,26.087728591405657
2024-12-30,11,19820.25,22089.28,11.44803570527617
2024-12-31,11,18052.0,22089.283,22.364741874169066
2024-01-01,12,16178.0,20443.49,26.36599230050068
2024-01-02,12,21725.0,22983.562,5.7931530494821635
2024-01-03,12,23052.0,22995.32,0.24587752689571402
2024-01-04,12,23690.0,22981.816,2.989377770156184
2024-01-05,12,24516.0,22002.1,10.254121351872246
2024-01-06,12,20459.0,21682.285,5.979203070775697
2024-01-07,12,20701.0,20443.49,1.2439484354620551
2024-01-08,12,26985.0,22981.816,14.834847484713729
2024-01-09,12,27796.0,24158.176,13.087581733882573
2024-01-10,12,27685.0,24158.176,12.739115834386853
2024-01-11,12,27569.0,22981.816,16.638919053103123
2024-01-12,12,26791.0,22981.816,14.218146369116495
2024-01-13,12,23896.0,21682.285,9.263955656804486
2024-01-14,12,20932.0,20443.49,2.333794026490541
2024-01-15,12,25902.0,22981.816,11.273969553509382
2024-01-16,12,26500.0,22981.816,13.27616450471698
2024-01-17,12,26567.0,24158.176,9.066978653028194
2024-01-18,12,26127.0,22981.816,12.038058689286943
2024-01-19,12,26207.0,22981.816,12.306573029152517
2024-01-20,12,22900.0,21682.285,5.317532068777293
2024-01-21,12,19477.0,20443.49,4.962213042948092
2024-01-22,12,25017.0,22981.816,8.135202437342608
2024-01-23,12,24797.0,22981.816,7.320174189418075
2024-01-24,12,24771.0,22981.816,7.222896103306285
2024-01-25,12,24643.0,22981.816,6.740995794951914
2024-01-26,12,24976.0,21737.729,12.965532849035075
2024-01-27,12,22136.0,21682.285,2.0496695145916153
2024-01-28,12,19640.0,20443.49,4.09109080639002
2024-01-29,12,22597.0,22981.816,1.7029535170597867
2024-01-30,12,22840.0,22981.816,0.6209124616900175
2024-01-31,12,24733.0,24013.215,2.9102217937573283
2024-02-01,12,24741.0,22981.816,7.11039809930884
2024-02-02,12,23536.0,21682.285,7.876082782758327
2024-02-03,12,21336.0,21670.857,1.5694479840410576
2024-02-04,12,18677.0,19229.693,2.9592191431975157
2024-02-05,12,23944.0,22981.816,4.018474748371199
2024-02-06,12,23491.0,22981.816,2.167568829551743
2024-02-07,12,24016.0,22981.816,4.306227488965689
2024-02-08,12,24497.0,22981.816,6.185180200636813
2024-02-09,12,24642.0,21682.285,12.010854815964613
2024-02-10,12,20741.0,21682.285,4.538282417675136
2024-02-11,12,18670.0,19229.693,2.9978219570166043
2024-02-12,12,23133.0,22981.816,0.6535408021008948
2024-02-13,12,23767.0,22981.816,3.303671450961417
2024-02-14,12,21965.0,22981.816,4.629257483496472
2024-02-15,12,23134.0,22981.816,0.6578351938704936
2024-02-16,12,21344.0,21682.285,1.5849192103167167
2024-02-17,12,20890.0,20443.49,2.1374330570847295
2024-02-18,12,17933.0,19229.693,7.230766516338594
2024-02-19,12,24769.0,22981.816,7.215404714562558
2024-02-20,12,23762.0,22981.816,3.2833246096709034
2024-02-21,12,23476.0,22981.816,2.105058756815471
2024-02-22,12,23175.0,22981.816,0.8335861650485437
2024-02-23,12,23631.0,21682.285,8.246434106681901
2024-02-24,12,19148.0,20443.49,6.765668656648213
2024-02-25,12,16979.0,19229.693,13.255747449054715
2024-02-26,12,21791.0,22977.98,5.447113343811665
2024-02-27,12,22183.0,22981.816,3.6010296454492177
2024-02-28,12,23704.0,22981.816,3.0466739527084035
2024-02-29,12,23166.0,22981.816,0.7950599747474748
2024-03-01,12,22385.0,21682.285,3.139221995756087
2024-03-02,12,20098.0,19229.963,4.319022337421634
2024-03-03,12,16304.0,19229.693,17.94463542305569
2024-03-04,12,21946.0,22981.375,4.71783012849722
2024-03-05,12,23893.0,22981.816,3.8136006100113002
2024-03-06,12,24128.0,22981.816,4.7504293507543105
2024-03-07,12,22882.0,22981.816,0.4362223854995193
2024-03-08,12,22095.0,21682.285,1.8679105849739759
2024-03-09,12,18617.0,19229.693,3.291042377262717
2024-03-10,12,15251.0,19229.693,26.088081826601535
2024-03-11,12,22973.0,22981.816,0.03837725264440865
2024-03-12,12,23947.0,22981.816,4.030498992566919
2024-03-13,12,23633.0,22981.816,2.755399626581475
2024-03-14,12,21884.0,22981.816,5.016525343858526
2024-03-15,12,21129.0,21682.285,2.618605500733589
2024-03-16,12,18902.0,19229.693,1.733643843905407
2024-03-17,12,16895.0,19229.693,13.818842020568214
2024-03-18,12,23637.0,22981.816,2.7718559620510215
2024-03-19,12,22367.0,22981.816,2.7487656201099835
2024-03-20,12,21874.0,22981.816,5.064535093032824
2024-03-21,12,21706.0,22981.816,5.877713103519764
2024-03-22,12,22576.0,21715.432,3.8118726053109495
2024-03-23,12,19060.0,19229.693,0.8903114342864638
2024-03-24,12,17309.0,19229.693,11.096501007423884
2024-03-25,12,22630.0,21775.559,3.77570219288555
2024-03-26,12,20264.0,22981.816,13.412043062820766
2024-03-27,12,19811.0,22981.816,16.005332422643985
2024-03-28,12,21766.0,22981.816,5.585851356473399
2024-03-29,12,19853.0,21682.285,9.214149782148793
2024-03-30,12,16620.0,19229.693,15.702126109356199
2024-03-31,12,13755.0,19229.693,39.801478439658304
2024-04-01,12,14526.0,19229.693,32.38120170298086
2024-04-02,12,21288.0,21768.055,2.2550483253476137
2024-04-03,12,21477.0,22981.816,7.0066415525911445
2024-04-04,12,21042.0,22981.816,9.218783415312233
2024-04-05,12,20552.0,21682.285,5.499635832279097
2024-04-06,12,17908.0,19229.693,7.380463253155015
2024-04-07,12,15857.0,19229.693,21.2694290179416
2024-04-08,12,20136.0,20529.227,1.9528534093166467
2024-04-09,12,20241.0,21768.02,7.544190164764587
2024-04-10,12,21783.0,22981.816,5.503449507643575
2024-04-11,12,20554.0,22981.816,11.81189260606208
2024-04-12,12,20751.0,20563.799,0.9021308461038022
2024-04-13,12,17927.0,19229.693,7.26665565557539
2024-04-14,12,17460.0,19229.693,10.13570079825315
2024-04-15,12,21508.0,20529.227,4.55074129393714
2024-04-16,12,21731.0,22981.816,5.755908178408725
2024-04-17,12,22544.0,22981.816,1.9420529021025552
2024-04-18,12,21719.0,22981.816,5.81433954717068
2024-04-19,12,21667.0,22979.77,6.058843085106383
2024-04-20,12,19839.0,19229.693,3.0712568205302686
2024-04-21,12,18404.0,19229.693,4.4864885860410775
2024-04-22,12,23016.0,21768.02,5.422230051920404
2024-04-23,12,21604.0,22981.816,6.377598621783003
2024-04-24,12,22378.0,22981.816,2.6982590323085174
2024-04-25,12,21519.0,22981.816,6.797789889167712
2024-04-26,12,21158.0,21765.982,2.8735344639143583
2024-04-27,12,18789.0,19229.693,2.3454859725105117
2024-04-28,12,16180.0,19229.693,18.848537449783684
2024-04-29,12,20014.0,20529.227,2.5743307809533325
2024-04-30,12,19220.0,21768.02,13.257125552809573
2024-05-01,12,15341.0,21768.02,41.89439757023662
2024-05-02,12,16037.0,21768.02,35.73623203373449
2024-05-03,12,14653.0,19229.693,31.23383170255238
2024-05-04,12,16069.0,19229.693,19.669508739653992
2024-05-05,12,15042.0,19229.693,27.840003718754154
2024-05-06,12,19780.0,20529.227,3.787798597067745
2024-05-07,12,20530.0,21768.02,6.03029484291281
2024-05-08,12,19245.0,22981.816,19.417076675759937
2024-05-09,12,19746.0,22981.816,16.387199464448496
2024-05-10,12,19973.0,21768.02,8.987230417313373
2024-05-11,12,18135.0,19229.693,6.036357096084918
2024-05-12,12,15205.0,19229.693,26.469538700263072
2024-05-13,12,19617.0,20529.227,4.650183832900036
2024-05-14,12,19728.0,21768.02,10.340731606092863
2024-05-15,12,19674.0,21768.02,10.643588142980583
2024-05-16,12,20324.0,21768.02,7.104996709555206
2024-05-17,12,19506.0,21768.02,11.59653199656516
2024-05-18,12,18660.0,19229.693,3.053019074892819
2024-05-19,12,15656.0,19229.693,22.826350021557232
2024-05-20,12,20935.0,20529.227,1.938253821351803
2024-05-21,12,20425.0,21768.02,6.575371022031824
2024-05-22,12,20886.0,21768.02,4.223017960595614
2024-05-23,12,21431.0,21768.105,1.5729805830339227
2024-05-24,12,20606.0,21768.02,5.639229017033873
2024-05-25,12,18052.0,19229.693,6.523894080295813
2024-05-26,12,15786.0,19229.693,21.814857211294818
2024-05-27,12,19958.0,20529.227,2.8621433134582626
2024-05-28,12,20868.0,21768.02,4.312917056018785
2024-05-29,12,20539.0,21768.02,5.98383334753396
2024-05-30,12,15451.0,21768.02,40.884211580156624
2024-05-31,12,17373.0,20529.285,18.167761217118517
2024-06-01,12,16834.0,19229.693,14.231278123886181
2024-06-02,12,15609.0,19229.693,23.196190398968543
2024-06-03,12,20299.0,20529.227,1.1341768683186364
2024-06-04,12,21527.0,21768.02,1.1196150473823572
2024-06-05,12,19932.0,21768.02,9.211416472255669
2024-06-06,12,20490.0,21768.02,6.237284193509029
2024-06-07,12,20914.0,21768.02,4.083482505737783
2024-06-08,12,17001.0,19229.693,13.109189808687724
2024-06-09,12,15853.0,19229.693,21.30002749873841
2024-06-10,12,20982.0,20529.227,2.157913628348108
2024-06-11,12,21027.0,21768.02,3.5241334058591334
2024-06-12,12,20592.0,22981.816,11.605557528409092
2024-06-13,12,21813.0,22981.816,5.358347802915692
2024-06-14,12,19713.5,21768.02,10.421891248383087
2024-06-15,12,17553.25,19229.693,9.550615181661517
2024-06-16,12,15931.5,19229.693,20.702340390892257
2024-06-17,12,19965.25,20529.227,2.8247908866655815
2024-06-18,12,20256.25,21768.02,7.463225084850354
2024-06-19,12,21039.0,21768.02,3.465086416892438
2024-06-20,12,19445.0,21768.02,11.946616257392646
2024-06-21,12,20330.0,21768.02,7.073386774471224
2024-06-22,12,18285.0,19229.693,5.1664936252392675
2024-06-23,12,15414.75,19229.693,24.74865540715873
2024-06-24,12,20132.75,20529.227,1.9693115073698326
2024-06-25,12,20608.0,21768.02,5.628976762664985
2024-06-26,12,20769.75,21768.02,4.806362769171511
2024-06-27,12,21884.5,21768.02,0.5322509938540976
2024-06-28,12,22128.5,21768.02,1.6290325541722213
2024-06-29,12,19604.25,19229.693,1.910588982618565
2024-06-30,12,17127.25,19229.693,12.275428684552395
2024-07-01,12,21278.25,20529.227,3.5201364656397964
2024-07-02,12,20456.75,21768.02,6.4099601904017005
2024-07-03,12,19936.0,22981.805,15.277912758326645
2024-07-04,12,20120.0,21768.02,8.190951944582505
2024-07-05,12,18717.25,21768.02,16.29924017283522
2024-07-06,12,17036.5,19229.693,12.873497252223167
2024-07-07,12,15411.25,19229.693,24.77698667775164
2024-07-08,12,20290.75,20529.227,1.1752969333316905
2024-07-09,12,20742.25,21768.02,4.945314665718521
2024-07-10,12,21441.25,21768.02,1.5240227656969627
2024-07-11,12,22104.25,21768.02,1.5211123143739327
2024-07-12,12,21575.25,21768.02,0.8934753073544919
2024-07-13,12,17736.5,19229.693,8.418759954754321
2024-07-14,12,14702.0,19229.693,30.796445105257785
2024-07-15,12,20658.0,20529.227,0.623358686707329
2024-07-16,12,21668.0,21768.02,0.46160019960310134
2024-07-17,12,20787.75,21768.02,4.715611507979459
2024-07-18,12,19756.75,21768.02,10.180163899679856
2024-07-19,12,19648.25,21768.02,10.788592018373137
2024-07-20,12,16954.75,19229.693,13.417734613456405
2024-07-21,12,15559.75,19229.693,23.58613319221067
2024-07-22,12,20375.25,20529.227,0.7557039177433406
2024-07-23,12,19781.75,21768.02,10.040919186876792
2024-07-24,12,20634.0,22981.816,11.378387158330911
2024-07-25,12,19237.75,22981.375,19.459786097646553
2024-07-26,12,19216.25,21768.02,13.279227379171274
2024-07-27,12,17160.75,19229.693,12.056252549422373
2024-07-28,12,15591.5,19229.693,23.334466596382644
2024-07-29,12,18770.25,20529.227,9.371087558769862
2024-07-30,12,18358.75,21768.02,18.570270477292844
2024-07-31,12,19133.75,21768.02,13.767659404194161
2024-08-01,12,20266.25,21777.543,7.457190988712761
2024-08-02,12,20305.5,21768.02,7.20257827312797
2024-08-03,12,17085.75,19229.693,12.548137245218967
2024-08-04,12,15443.25,19229.693,24.518435946934744
2024-08-05,12,19557.0,20529.227,4.9712459093930566
2024-08-06,12,19202.75,21768.02,13.358865429430681
2024-08-07,12,19134.0,22981.816,20.109838017403575
2024-08-08,12,20079.75,22981.816,14.452701882493557
2024-08-09,12,19499.25,21768.02,11.635163051142992
2024-08-10,12,16418.5,19229.693,17.122108349575175
2024-08-11,12,14937.5,19229.693,28.734348849372388
2024-08-12,12,18398.5,20529.227,11.580979767372341
2024-08-13,12,18757.25,21768.02,16.05123102400405
2024-08-14,12,18922.5,22981.816,21.452326099881095
2024-08-15,12,14786.0,21768.02,47.22047566109834
2024-08-16,12,17776.0,20529.227,15.488448258888388
2024-08-17,12,17395.25,19229.693,10.545656770526437
2024-08-18,12,15609.25,19229.693,23.194217271009176
2024-08-19,12,20766.5,20529.227,1.1425778898707053
2024-08-20,12,20712.0,21768.02,5.098587926081499
2024-08-21,12,20998.0,22981.816,9.447644567339747
2024-08-22,12,19726.0,22981.816,16.505203316688636
2024-08-23,12,19480.75,21768.02,11.741177989810454
2024-08-24,12,16658.5,19229.693,15.434723170603595
2024-08-25,12,16083.25,19229.693,19.563479765439197
2024-08-26,12,20042.25,20529.227,2.4297499656974644
2024-08-27,12,20345.5,21768.02,6.991814068221474
2024-08-28,12,20104.5,22981.816,14.311802861299707
2024-08-29,12,20493.5,22981.816,12.141978706663089
2024-08-30,12,21203.25,21768.02,2.663598888142148
2024-08-31,12,17267.25,19229.693,11.365118124628994
2024-09-01,12,14160.5,19229.693,35.79812407312595
2024-09-02,12,19515.0,20529.227,5.19716404048168
2024-09-03,12,20084.5,21768.02,8.38218293335657
2024-09-04,12,20213.5,22981.816,13.695383809087986
2024-09-05,12,19643.75,22981.816,16.993020203627108
2024-09-06,12,19786.5,21687.293,9.606514384807824
2024-09-07,12,17158.0,19229.693,12.074212375422544
2024-09-08,12,14849.5,19229.693,29.497244751506784
2024-09-09,12,20786.25,20529.227,1.2365070058331828
2024-09-10,12,20745.5,22981.816,10.779766244486757
2024-09-11,12,19185.5,22981.816,19.78742491073988
2024-09-12,12,20293.25,22981.816,13.248574803198107
2024-09-13,12,20872.0,22981.816,10.108357638223458
2024-09-14,12,18455.75,19229.693,4.193508036113407
2024-09-15,12,15131.75,19229.693,27.081754320385944
2024-09-16,12,19683.75,20529.227,4.295302279799327
2024-09-17,12,18907.25,22981.816,21.55028577000886
2024-09-18,12,18967.25,22981.816,21.165779995782202
2024-09-19,12,18756.5,22981.816,22.52721140004798
2024-09-20,12,18464.75,22981.809,24.463145148187763
2024-09-21,12,15892.5,19229.693,20.998542453201196
2024-09-22,12,13922.0,19229.693,38.12450337146243
2024-09-23,12,18905.5,20529.227,8.588646491761656
2024-09-24,12,18242.5,22981.816,25.97953354118131
2024-09-25,12,19192.75,22981.816,19.742175593648643
2024-09-26,12,19801.5,22981.816,16.060987330505263
2024-09-27,12,20137.75,22981.816,14.12305945922459
2024-09-28,12,17330.25,19229.693,10.960276737929343
2024-09-29,12,14847.5,19229.693,29.514688394510863
2024-09-30,12,18473.25,20529.227,11.129479450015562
2024-10-01,12,19083.75,22981.816,20.426102868932993
2024-10-02,12,21920.25,22981.816,4.842857203955247
2024-10-03,12,22149.25,22981.816,3.7588920900256215
2024-10-04,12,22087.25,22981.816,4.050148417073198
2024-10-05,12,19286.5,20443.49,5.998964220439167
2024-10-06,12,17054.75,19229.693,12.752713228719273
2024-10-07,12,20105.0,21743.023,8.147343633424521
2024-10-08,12,19739.5,22981.816,16.425524487702322
2024-10-09,12,21699.25,22981.816,5.910648553521435
2024-10-10,12,20097.5,22981.816,14.35161789401667
2024-10-11,12,20219.25,22981.816,13.663050836455358
2024-10-12,12,17203.5,20443.475,18.833229339233295
2024-10-13,12,15764.0,19229.693,21.984860183804873
2024-10-14,12,20511.0,21743.023,6.006647347764614
2024-10-15,12,21123.25,22981.816,8.79867636964009
2024-10-16,12,19396.75,22981.816,18.4828200922835
2024-10-17,12,19317.75,22981.816,18.9673559614862
2024-10-18,12,19701.75,22981.816,16.648604343522784
2024-10-19,12,16917.5,19234.232,13.694295385695284
2024-10-20,12,14905.25,19229.693,29.01288713288942
2024-10-21,12,20041.25,21743.023,8.491353770348656
2024-10-22,12,19391.5,22981.816,18.514897796715054
2024-10-23,12,20364.0,22981.816,12.855118867855039
2024-10-24,12,20329.5,22981.816,13.046638659337418
2024-10-25,12,19992.75,22981.816,14.950751678733539
2024-10-26,12,17719.25,20443.49,15.374466946259012
2024-10-27,12,15131.0,19229.693,27.088053396173418
2024-10-28,12,20391.75,21743.023,6.626569262079027
2024-10-29,12,21879.25,22981.816,5.039324502668053
2024-10-30,12,21578.5,22981.816,6.503308414625669
2024-10-31,12,21154.75,22981.816,8.63667217173448
2024-11-01,12,13318.25,20443.49,53.49982343307116
2024-11-02,12,16556.75,20172.732,21.83992886209552
2024-11-03,12,16057.25,19229.693,19.75707770243971
2024-11-04,12,21659.0,21743.023,0.3879377510503717
2024-11-05,12,21489.25,22981.816,6.945642152471584
2024-11-06,12,22135.0,22981.816,3.82568966004066
2024-11-07,12,23048.25,22981.816,0.28823704077316065
2024-11-08,12,23428.75,22981.816,1.907628848103292
2024-11-09,12,20314.75,20443.49,0.6337278793733617
2024-11-10,12,18163.25,20443.49,12.554142206791186
2024-11-11,12,18318.75,21743.023,18.692724326168545
2024-11-12,12,24165.25,22981.816,4.897253675215444
2024-11-13,12,23978.0,22981.816,4.154573332846776
2024-11-14,12,22927.0,22981.816,0.23909105530597113
2024-11-15,12,22565.0,22981.816,1.8471810602703302
2024-11-16,12,18775.0,20443.49,8.886765562583223
2024-11-17,12,17244.75,20443.49,18.549067016773222
2024-11-18,12,22841.25,22981.816,0.6154059267772123
2024-11-19,12,23034.0,22981.816,0.22655028978900757
2024-11-20,12,23488.75,22981.816,2.158197408333777
2024-11-21,12,23285.0,22981.816,1.302055373631093
2024-11-22,12,24069.0,22981.816,4.516945422535211
2024-11-23,12,20957.25,21682.285,3.459591102124563
2024-11-24,12,18917.0,20443.49,8.069409707538194
2024-11-25,12,21469.25,22618.941,5.355060871944758
2024-11-26,12,22529.5,22981.816,2.007662869792938
2024-11-27,12,22768.0,22981.816,0.9391093036278988
2024-11-28,12,23681.0,22981.816,2.952508735906423
2024-11-29,12,23976.5,22981.816,4.148577122390675
2024-11-30,12,20624.5,20443.49,0.8776443822880555
2024-12-01,12,17843.75,20443.49,14.569472416812609
2024-12-02,12,22132.5,22981.816,3.8374174008810575
2024-12-03,12,23180.75,22981.816,0.8581844580093397
2024-12-04,12,23708.25,22981.816,3.064054047641644
2024-12-05,12,23792.25,22981.816,3.4062923588563505
2024-12-06,12,24079.5,22981.816,4.5585813399364605
2024-12-07,12,21074.25,21682.125,2.884444286273533
2024-12-08,12,18499.75,20443.49,10.50684595399938
2024-12-09,12,24241.0,22981.816,5.194437497421724
2024-12-10,12,24679.75,22981.816,6.879865451432855
2024-12-11,12,24417.5,22981.816,5.879732133715573
2024-12-12,12,24299.0,22981.816,5.4207316916334
2024-12-13,12,23592.25,22981.621,2.588260578155962
2024-12-14,12,21623.0,21682.285,0.2741763689127318
2024-12-15,12,19137.25,20443.49,6.82564231733922
2024-12-16,12,23321.75,22981.816,1.4575818442012285
2024-12-17,12,22950.5,22981.816,0.1364519563843925
2024-12-18,12,21900.25,22981.816,4.938603012522688
2024-12-19,12,21885.75,22981.816,5.00812814845276
2024-12-20,12,21683.25,21682.285,0.0044497192533407125
2024-12-21,12,19359.75,20443.49,5.5979040761115195
2024-12-22,12,18903.5,20443.49,8.146587850794825
2024-12-23,12,21305.0,22981.816,7.870529951889228
2024-12-24,12,18603.25,22981.816,23.536567031298294
2024-12-25,12,14853.5,22981.816,54.723239682566394
2024-12-26,12,15025.75,22981.816,52.94954598772108
2024-12-27,12,19111.5,21682.285,13.451509071763073
2024-12-28,12,18859.75,20443.49,8.3974614423574
2024-12-29,12,16309.0,20443.49,25.350973293120365
2024-12-30,12,19736.0,20837.043,5.578855739511552
2024-12-31,12,18000.25,22981.816,27.67498454882571
2024-01-01,13,16679.0,19993.32,19.871217174291026
2024-01-02,13,22048.0,22654.516,2.7508872686865025
2024-01-03,13,23236.0,23987.629,3.2347603126613875
2024-01-04,13,23624.0,23987.629,1.5392351263545547
2024-01-05,13,24288.0,22717.865,6.464652361763011
2024-01-06,13,20591.0,20075.107,2.505427507770385
2024-01-07,13,20969.0,20075.107,4.262924212528017
2024-01-08,13,26930.0,22696.484,15.720444207203862
2024-01-09,13,27664.0,23987.629,13.289369193717468
2024-01-10,13,27423.0,23987.629,12.527335060897787
2024-01-11,13,27337.0,23987.629,12.25215310293741
2024-01-12,13,26811.0,22717.865,15.266624764555592
2024-01-13,13,23825.0,20075.107,15.73931827124869
2024-01-14,13,20924.0,20075.107,4.057028188324412
2024-01-15,13,25906.0,22601.824,12.754480742878096
2024-01-16,13,26444.0,22654.516,14.330223774769324
2024-01-17,13,26294.0,23987.629,8.771472935840876
2024-01-18,13,26109.0,23987.629,8.125056853000881
2024-01-19,13,26217.0,22717.865,13.346816056852424
2024-01-20,13,22473.0,20075.107,10.67010447258933
2024-01-21,13,19350.0,19445.799,0.49508438307493535
2024-01-22,13,25046.0,21384.752,14.618094892897068
2024-01-23,13,24745.0,22654.516,8.448108203677512
2024-01-24,13,24823.0,23987.629,3.3653107752890468
2024-01-25,13,24697.0,23987.629,2.872296609912135
2024-01-26,13,25054.0,22717.865,9.324398362037998
2024-01-27,13,21931.0,20075.107,8.462416570721809
2024-01-28,13,19870.0,18683.672,5.9704485405133365
2024-01-29,13,22607.0,21384.752,5.406502618105011
2024-01-30,13,22852.0,22654.516,0.8641885830561876
2024-01-31,13,24824.0,23987.629,3.369203568119562
2024-02-01,13,24556.0,23987.629,2.3145915204023457
2024-02-02,13,23693.0,22717.865,4.115708292006078
2024-02-03,13,21265.0,20075.107,5.595544689043028
2024-02-04,13,18915.0,18683.672,1.2229877081681206
2024-02-05,13,24140.0,21384.752,11.413620740990057
2024-02-06,13,23706.0,22654.516,4.435520016029697
2024-02-07,13,24243.0,22654.516,6.5523424287423175
2024-02-08,13,24588.0,23987.625,2.4417398731088333
2024-02-09,13,24733.0,22717.865,8.147554949359156
2024-02-10,13,20731.0,20075.107,3.163825083811683
2024-02-11,13,18645.0,18683.672,0.2074115044247788
2024-02-12,13,23170.0,21384.752,7.704998044346137
2024-02-13,13,23960.0,22654.516,5.448599227879799
2024-02-14,13,22170.0,22654.516,2.1854561344158774
2024-02-15,13,23301.0,22717.865,2.502616907536157
2024-02-16,13,21336.0,21384.752,0.22849621824615673
2024-02-17,13,20625.0,18683.75,9.412121212121212
2024-02-18,13,17800.0,18683.672,4.964448735955056
2024-02-19,13,24303.0,21384.752,12.007768781117557
2024-02-20,13,23687.0,22654.516,4.358865094777726
2024-02-21,13,23539.0,22654.516,3.7575274013339564
2024-02-22,13,23550.0,22717.451,3.5352391852441616
2024-02-23,13,23459.0,21384.752,8.842013925891981
2024-02-24,13,19300.0,18863.729,2.2604740123056994
2024-02-25,13,17443.0,18683.674,7.112731916098149
2024-02-26,13,22087.0,19993.316,9.479257453479423
2024-02-27,13,22415.0,21502.64,4.0703072719161275
2024-02-28,13,23712.0,22654.516,4.4597013115722
2024-02-29,13,22889.0,21384.752,6.57192558379571
2024-03-01,13,22588.0,21384.752,5.326934863091022
2024-03-02,13,19958.0,18683.672,6.3850492283795965
2024-03-03,13,16787.0,18683.672,11.298456394829334
2024-03-04,13,22205.0,19993.316,9.96029540081063
2024-03-05,13,24072.0,22654.516,5.888519337819874
2024-03-06,13,24333.0,22654.516,6.897975485965562
2024-03-07,13,23054.0,22634.914,1.8178447883230677
2024-03-08,13,21904.0,21384.752,2.370562668348247
2024-03-09,13,18480.0,18683.672,1.1021205357142858
2024-03-10,13,15458.0,18683.674,20.867342658332255
2024-03-11,13,22989.0,19993.318,13.030934971616862
2024-03-12,13,23857.0,21579.877,9.544884297585615
2024-03-13,13,23584.0,22654.516,3.9411650907394846
2024-03-14,13,21985.0,21384.752,2.730261755173982
2024-03-15,13,21128.0,21384.752,1.2152212851429383
2024-03-16,13,19008.0,18683.672,1.7062717013888888
2024-03-17,13,17318.0,18683.674,7.885863426059592
2024-03-18,13,23648.0,21384.752,9.570568533808355
2024-03-19,13,22577.0,21384.762,5.280764854719404
2024-03-20,13,21859.0,22654.516,3.6393047486161305
2024-03-21,13,21805.0,21384.752,1.9273012927080946
2024-03-22,13,22607.0,21384.752,5.406502618105011
2024-03-23,13,19357.0,18683.672,3.4784735496202925
2024-03-24,13,17533.0,18683.674,6.562903257428848
2024-03-25,13,22544.0,19993.54,11.313258239442868
2024-03-26,13,20208.0,21384.752,5.823198501212391
2024-03-27,13,20852.0,21384.752,2.5549201665307884
2024-03-28,13,21517.0,21384.752,0.6146212152019334
2024-03-29,13,20158.0,21384.752,6.085682870944538
2024-03-30,13,16741.0,18683.672,11.604276178245026
2024-03-31,13,13599.0,18683.674,37.3900568286271
2024-04-01,13,14215.0,19993.324,40.649484479423144
2024-04-02,13,21008.0,21384.752,1.7933737296506091
2024-04-03,13,21018.0,21384.752,1.744942207274717
2024-04-04,13,20846.0,21384.752,2.5844380366737023
2024-04-05,13,20562.0,21384.752,4.001322600549558
2024-04-06,13,17609.0,18683.672,6.102969362257936
2024-04-07,13,15881.0,18683.674,17.647968189188337
2024-04-08,13,20140.0,19993.318,0.7283100328947368
2024-04-09,13,19972.0,21384.752,7.073662893676147
2024-04-10,13,21308.0,21384.752,0.3602025207668481
2024-04-11,13,20293.0,21384.752,5.379943592002168
2024-04-12,13,20523.0,21384.752,4.198957039053744
2024-04-13,13,17779.0,18683.672,5.08842946734912
2024-04-14,13,17438.0,18683.674,7.143444363602478
2024-04-15,13,21302.0,19993.316,6.143477578396395
2024-04-16,13,21379.0,21384.752,0.02690468742691426
2024-04-17,13,22263.0,21384.752,3.9448773609801013
2024-04-18,13,21452.0,21384.752,0.3134814789996271
2024-04-19,13,21386.0,21384.752,0.005835812564294399
2024-04-20,13,19655.0,18683.672,4.941888196387688
2024-04-21,13,18431.0,18683.672,1.3709070316314904
2024-04-22,13,22821.0,19993.322,12.39068285515534
2024-04-23,13,21337.0,21384.752,0.22379881485213476
2024-04-24,13,22559.0,21384.752,5.205230936100891
2024-04-25,13,20919.0,21384.752,2.226454195348726
2024-04-26,13,21022.0,21384.752,1.725582499881077
2024-04-27,13,18694.0,18683.672,0.05524834171391891
2024-04-28,13,16175.0,18683.674,15.509575444358578
2024-04-29,13,19962.0,19993.318,0.15688988766155695
2024-04-30,13,19083.0,21384.752,12.061792973458052
2024-05-01,13,15346.0,21384.752,39.35065784650723
2024-05-02,13,16654.0,21384.752,28.406100355019813
2024-05-03,13,14754.0,18683.674,26.634633510403958
2024-05-04,13,16243.0,18683.674,15.026003990180387
2024-05-05,13,15714.0,18683.674,18.898267965667557
2024-05-06,13,19811.0,19993.318,0.9202885234213316
2024-05-07,13,20250.0,21384.752,5.6037133487654325
2024-05-08,13,18899.0,21384.752,13.152822652653578
2024-05-09,13,19827.0,21384.752,7.856720397059565
2024-05-10,13,20046.0,21384.752,6.678399446897136
2024-05-11,13,17877.0,18683.672,4.512344772612854
2024-05-12,13,15149.0,18683.674,23.33272049722754
2024-05-13,13,19543.0,19993.318,2.304243766949803
2024-05-14,13,19541.0,21384.752,9.435299898290774
2024-05-15,13,19540.0,21384.752,9.440900476586489
2024-05-16,13,20224.0,21384.752,5.7394776163221914
2024-05-17,13,19703.0,19995.604,1.4850708807034463
2024-05-18,13,18039.0,18683.672,3.573767254282388
2024-05-19,13,15495.0,18683.674,20.57872751290739
2024-05-20,13,20687.0,19993.318,3.3532249268864507
2024-05-21,13,20499.0,21384.752,4.320952012903068
2024-05-22,13,20852.0,21384.752,2.5549201665307884
2024-05-23,13,21276.0,21384.752,0.5111484918452717
2024-05-24,13,20901.0,21384.686,2.314174187239845
2024-05-25,13,17889.0,18683.672,4.442237548213987
2024-05-26,13,16091.0,18683.674,16.112571177210864
2024-05-27,13,19561.0,19993.318,2.2101035702418077
2024-05-28,13,20818.0,21379.66,2.6979544444711308
2024-05-29,13,20102.0,21384.752,6.3812155662371906
2024-05-30,13,15496.0,21384.752,38.00175498919076
2024-05-31,13,17840.0,19993.318,12.070170175868835
2024-06-01,13,16793.0,18683.674,11.2587020075329
2024-06-02,13,15836.0,18683.674,17.98227979366633
2024-06-03,13,20036.0,19993.318,0.21302475855959271
2024-06-04,13,21400.0,21384.752,0.0712525554906542
2024-06-05,13,19570.0,21384.752,9.27313210590189
2024-06-06,13,20440.0,21384.752,4.622074134662427
2024-06-07,13,21100.0,20212.479,4.206262959123222
2024-06-08,13,16783.0,18683.672,11.324982869570398
2024-06-09,13,15638.0,18683.674,19.476108377829647
2024-06-10,13,21122.0,19993.318,5.343630530371176
2024-06-11,13,21125.0,21384.752,1.2295950443786983
2024-06-12,13,20700.0,21384.752,3.307980449879227
2024-06-13,13,21467.0,21384.752,0.3831371261704011
2024-06-14,13,19567.5,21384.752,9.287093155104127
2024-06-15,13,17395.25,18683.672,7.406745375892844
2024-06-16,13,15938.25,18683.674,17.225378119461045
2024-06-17,13,19731.25,19993.318,1.3281893411466583
2024-06-18,13,20253.0,19993.318,1.2821885183676491
2024-06-19,13,21009.5,21384.752,1.7861060621385563
2024-06-20,13,19407.75,21384.752,10.186662303074803
2024-06-21,13,20240.0,19993.316,1.2187924592391304
2024-06-22,13,17443.75,18683.672,7.108115370834827
2024-06-23,13,15614.25,18683.674,19.65783709191924
2024-06-24,13,20038.0,19993.318,0.22298453251322486
2024-06-25,13,20533.75,21384.752,4.144405932306569
2024-06-26,13,20591.5,21384.752,3.8523271890100284
2024-06-27,13,21666.25,21384.752,1.2992467403219292
2024-06-28,13,21632.0,19993.316,7.575275488859097
2024-06-29,13,19013.0,18683.672,1.7321207857781518
2024-06-30,13,17442.25,18683.672,7.117326463042326
2024-07-01,13,20862.5,19993.316,4.166248502097064
2024-07-02,13,19558.0,21384.752,9.340177692632171
2024-07-03,13,19910.75,21384.752,7.403045857765278
2024-07-04,13,19700.0,21384.752,8.552040371192893
2024-07-05,13,18727.25,19993.316,6.760556975797301
2024-07-06,13,17191.25,18683.674,8.681299080200683
2024-07-07,13,15454.0,18683.674,20.89862707470558
2024-07-08,13,20212.5,19993.318,1.0843865955473098
2024-07-09,13,20722.75,19993.318,3.519955800388462
2024-07-10,13,21419.0,21384.752,0.15989563880199822
2024-07-11,13,22153.75,21384.752,3.4711868052812727
2024-07-12,13,21551.75,19993.316,7.231123197652163
2024-07-13,13,17538.75,18683.672,6.527955954671798
2024-07-14,13,15080.5,18683.674,23.892933444680217
2024-07-15,13,20552.75,19993.318,2.7219308395470194
2024-07-16,13,21904.25,19993.316,8.724031152630198
2024-07-17,13,20496.25,21384.752,4.334948847350125
2024-07-18,13,19544.75,21384.752,9.414302833881221
2024-07-19,13,19391.25,19993.316,3.1048354605814477
2024-07-20,13,17076.5,18683.672,9.411600005856
2024-07-21,13,15245.0,18683.674,22.5560762750082
2024-07-22,13,20236.75,19993.318,1.2029186535634429
2024-07-23,13,19404.75,19993.322,3.0331350088251585
2024-07-24,13,20358.0,21384.752,5.043481447710974
2024-07-25,13,19104.5,21384.752,11.935679830013871
2024-07-26,13,18992.0,19993.316,5.2723062671124685
2024-07-27,13,17217.25,18683.674,8.51717799372722
2024-07-28,13,15522.25,18683.674,20.367046195783473
2024-07-29,13,18677.25,19993.318,7.0463711701401435
2024-07-30,13,18384.5,19993.318,8.750949764067558
2024-07-31,13,19086.0,21384.752,12.044178733757729
2024-08-01,13,20068.75,21384.752,6.557468467767051
2024-08-02,13,20290.5,19993.316,1.4646440144402553
2024-08-03,13,16876.75,18683.672,10.7065748737168
2024-08-04,13,14551.0,18683.674,28.401304570991687
2024-08-05,13,19298.25,19993.318,3.6017170436438537
2024-08-06,13,18967.0,21384.752,12.747150066562979
2024-08-07,13,19227.5,21384.752,11.219617491223508
2024-08-08,13,20007.0,21384.752,6.88634954328485
2024-08-09,13,19384.25,19993.316,3.142068464088113
2024-08-10,13,16091.25,18683.674,16.11076720655636
2024-08-11,13,15136.5,18683.676,23.434583828824366
2024-08-12,13,18275.5,19993.32,9.399580380837733
2024-08-13,13,18739.75,19993.318,6.689354763937619
2024-08-14,13,18845.5,21384.752,13.474049259106948
2024-08-15,13,14753.5,21384.752,44.94697497627681
2024-08-16,13,18002.75,19993.318,11.057023840107762
2024-08-17,13,17425.25,18683.674,7.221840881049052
2024-08-18,13,15715.5,18683.674,18.886919462473355
2024-08-19,13,20628.25,19993.318,3.0779714257147357
2024-08-20,13,20585.25,21384.752,3.883858360355109
2024-08-21,13,21167.5,21384.77,1.0264298157552854
2024-08-22,13,19598.0,21384.752,9.117011700811307
2024-08-23,13,18993.5,19993.318,5.264002734488114
2024-08-24,13,16464.25,18683.674,13.480260735381206
2024-08-25,13,16190.5,18683.674,15.39899217519533
2024-08-26,13,19571.25,19993.318,2.1565733378041774
2024-08-27,13,20381.0,21384.752,4.924939665006624
2024-08-28,13,20091.5,21384.752,6.436811353681906
2024-08-29,13,20689.5,21384.752,3.36040964317649
2024-08-30,13,21151.75,19993.316,5.476774232628506
2024-08-31,13,17032.25,18683.672,9.695852720574205
2024-09-01,13,14163.5,18683.674,31.914243146997563
2024-09-02,13,19777.75,19993.32,1.0899637850614958
2024-09-03,13,20077.25,21226.033,5.721815503243722
2024-09-04,13,20166.5,21384.752,6.040968701187613
2024-09-05,13,19397.25,21384.752,10.246307869027827
2024-09-06,13,19353.0,19993.316,3.308615750787992
2024-09-07,13,17066.25,18683.674,9.477324122903392
2024-09-08,13,15065.75,18683.674,24.014229813484228
2024-09-09,13,20741.25,19993.318,3.6060104411498823
2024-09-10,13,20058.0,22629.16,12.818626763635457
2024-09-11,13,18962.75,22654.516,19.46851392862322
2024-09-12,13,20307.0,21384.752,5.307292820825331
2024-09-13,13,20589.5,21384.752,3.8624150811093036
2024-09-14,13,18032.25,18683.672,3.6125379528345047
2024-09-15,13,15196.25,18683.674,22.949239635600886
2024-09-16,13,19451.75,19993.318,2.784162655673654
2024-09-17,13,18894.0,21429.104,13.417505640017996
2024-09-18,13,18960.25,22654.516,19.484266425811896
2024-09-19,13,18630.25,21384.752,14.785104618161323
2024-09-20,13,18184.25,21369.97,17.519120684795908
2024-09-21,13,15825.0,18683.674,18.06428959320695
2024-09-22,13,13983.75,18683.676,33.609909940109056
2024-09-23,13,18668.0,19993.32,7.09942314388258
2024-09-24,13,18778.5,22654.492,20.640584644673428
2024-09-25,13,18944.25,22654.516,19.58518085962759
2024-09-26,13,19842.25,21384.752,7.773825816754652
2024-09-27,13,19677.75,21384.752,8.674782193721335
2024-09-28,13,17240.75,18683.674,8.369263681249366
2024-09-29,13,14768.5,18683.674,26.510301168872942
2024-09-30,13,18338.5,19993.32,9.023749556943043
2024-10-01,13,19255.25,22654.516,17.65370807961465
2024-10-02,13,21824.5,22654.516,3.803136956173108
2024-10-03,13,21848.0,22654.516,3.691484918528012
2024-10-04,13,21810.0,21384.752,1.9497847174461256
2024-10-05,13,19073.75,18683.672,2.0451045284749987
2024-10-06,13,17146.5,18683.674,8.964942280494562
2024-10-07,13,19729.25,19993.318,1.3384612155809268
2024-10-08,13,19549.75,22654.516,15.881357178480544
2024-10-09,13,21234.25,22654.516,6.688560344726091
2024-10-10,13,19975.75,21384.752,7.053562209804388
2024-10-11,13,20250.5,21384.752,5.601105914051504
2024-10-12,13,17040.5,18683.674,9.64275595273026
2024-10-13,13,15942.5,18683.674,17.194127822643875
2024-10-14,13,20359.5,19993.318,1.7985787500920947
2024-10-15,13,20908.5,22654.516,8.3507455101992
2024-10-16,13,19216.75,22654.516,17.88942263910391
2024-10-17,13,19322.5,22654.516,17.24422629059387
2024-10-18,13,19445.0,21384.752,9.975582170866547
2024-10-19,13,16805.75,18683.674,11.17429348957946
2024-10-20,13,15146.5,18683.674,23.353077134156404
2024-10-21,13,19842.25,19993.318,0.7613469207121168
2024-10-22,13,19190.25,22654.516,18.052217271791665
2024-10-23,13,20325.5,22654.516,11.458589579592138
2024-10-24,13,20039.0,23887.83,19.20669733082988
2024-10-25,13,19569.25,21384.752,9.277320046118271
2024-10-26,13,17718.0,18683.674,5.450241720989954
2024-10-27,13,15604.5,18683.674,19.732601673395493
2024-10-28,13,20300.75,19993.318,1.5143856292255211
2024-10-29,13,21650.75,22654.516,4.63617022504994
2024-10-30,13,21527.75,22654.516,5.2340148180836366
2024-10-31,13,21040.5,23880.562,13.498075140799887
2024-11-01,13,13704.0,20075.107,46.490859762660534
2024-11-02,13,16808.25,18683.68,11.157792676215548
2024-11-03,13,16277.75,18683.674,14.78044464453011
2024-11-04,13,21543.25,21264.668,1.2931290833555753
2024-11-05,13,21381.0,22654.516,5.956295893550348
2024-11-06,13,22097.5,23953.828,8.400625070709356
2024-11-07,13,22956.75,23987.629,4.490526343014581
2024-11-08,13,23188.0,22717.865,2.027491657861825
2024-11-09,13,20150.75,20075.107,0.3753834379613662
2024-11-10,13,18190.0,18683.674,2.713984761544805
2024-11-11,13,18491.75,21843.096,18.12346426446929
2024-11-12,13,24007.25,22654.516,5.63469108290204
2024-11-13,13,23907.0,23987.629,0.3372606611034425
2024-11-14,13,22884.5,23987.629,4.820419525224497
2024-11-15,13,22505.0,22717.865,0.9458575177738281
2024-11-16,13,18922.0,20075.006,6.093467177756051
2024-11-17,13,17624.25,18683.674,6.011171131395662
2024-11-18,13,22807.0,22654.516,0.6685858508352699
2024-11-19,13,23166.25,22654.516,2.2089650893001673
2024-11-20,13,23452.75,23987.629,2.2806660466256625
2024-11-21,13,23409.75,23987.629,2.4685394173367934
2024-11-22,13,24018.25,22717.865,5.4141528447118334
2024-11-23,13,20829.25,20075.107,3.6205940114262396
2024-11-24,13,18970.0,18683.672,1.509373352662098
2024-11-25,13,21673.25,21421.184,1.1630300312597326
2024-11-26,13,22686.75,22654.516,0.14208458681829703
2024-11-27,13,22915.25,23987.629,4.679760885218359
2024-11-28,13,23577.0,23987.629,1.7416503637019127
2024-11-29,13,23851.75,22717.865,4.753885000576478
2024-11-30,13,20590.25,20075.107,2.5018762672867014
2024-12-01,13,18078.25,18683.674,3.3489072677112
2024-12-02,13,22438.5,22654.516,0.9627008267041023
2024-12-03,13,23359.5,22654.516,3.017977161326227
2024-12-04,13,23622.5,23987.629,1.5456827442057361
2024-12-05,13,23702.75,23987.629,1.2018812426828112
2024-12-06,13,24204.5,22717.865,6.141976763101903
2024-12-07,13,20950.75,20075.107,4.179528552080474
2024-12-08,13,18872.25,18683.672,0.9992349878790288
2024-12-09,13,24256.0,22654.516,6.602425688489445
2024-12-10,13,24691.5,22654.516,8.249739282749125
2024-12-11,13,24318.75,23987.629,1.3615876381392957
2024-12-12,13,24196.25,23987.629,0.8622042413597147
2024-12-13,13,23611.5,22717.865,3.7847437292209305
2024-12-14,13,21589.0,20075.107,7.012333031289082
2024-12-15,13,19241.0,18683.672,2.896565277272491
2024-12-16,13,23173.5,22650.816,2.255522876345826
2024-12-17,13,22870.25,22654.516,0.9432969687694713
2024-12-18,13,22004.75,23987.629,9.011140350378897
2024-12-19,13,22009.0,23987.629,8.990089991594347
2024-12-20,13,21828.5,22717.865,4.07433050541723
2024-12-21,13,19538.5,20075.107,2.7464105324103696
2024-12-22,13,18956.5,18683.674,1.4392222819349563
2024-12-23,13,21382.25,21390.541,0.03877522536215786
2024-12-24,13,18399.75,22654.516,23.124040408157718
2024-12-25,13,15005.0,23987.629,59.86423796234589
2024-12-26,13,15332.25,23987.635,56.45214998206395
2024-12-27,13,19529.75,22717.865,16.324403714205253
2024-12-28,13,19143.0,20075.107,4.869181538290759
2024-12-29,13,16686.75,18683.674,11.96712258603383
2024-12-30,13,19966.5,22410.102,12.238507312248014
2024-12-31,13,18011.25,22654.516,25.779807759039493
2024-01-01,14,16670.0,21138.86,26.807794691061787
2024-01-02,14,21734.0,21138.857,2.738302098670286
2024-01-03,14,22836.0,21138.857,7.4318732620642844
2024-01-04,14,23234.0,21138.857,9.017571568068348
2024-01-05,14,23949.0,21138.857,11.733861865317968
2024-01-06,14,20407.0,21138.857,3.5863057866173373
2024-01-07,14,20649.0,21138.857,2.3723057865998354
2024-01-08,14,26536.0,21138.857,20.338945500923273
2024-01-09,14,26987.0,21138.857,21.670221136565754
2024-01-10,14,26824.0,21138.857,21.194238659875484
2024-01-11,14,26726.0,21138.857,20.905270441236997
2024-01-12,14,26240.0,21138.857,19.440329947122713
2024-01-13,14,23155.0,21138.857,8.70715861854891
2024-01-14,14,20634.0,21138.857,2.4467258983958513
2024-01-15,14,25461.0,21138.857,16.975541330368014
2024-01-16,14,25970.0,21138.857,18.602782357046593
2024-01-17,14,25716.0,21138.857,17.79881232744206
2024-01-18,14,25573.0,21138.857,17.339156837778123
2024-01-19,14,25512.0,21138.857,17.141512143795076
2024-01-20,14,21787.0,21138.857,2.9749051183044934
2024-01-21,14,19036.0,21138.857,11.04673997622925
2024-01-22,14,24652.0,21138.857,14.250943445257992
2024-01-23,14,24419.0,21138.857,13.432747361173677
2024-01-24,14,24295.0,21138.857,12.9909140898333
2024-01-25,14,24112.0,21138.857,12.330551501845555
2024-01-26,14,24457.0,21138.857,13.567251004313693
2024-01-27,14,21549.0,21138.857,1.9033021398904824
2024-01-28,14,19548.0,21138.857,8.138210670528954
2024-01-29,14,22647.0,21138.857,6.659348161456263
2024-01-30,14,22841.0,21138.857,7.452136850947857
2024-01-31,14,24236.0,21138.857,12.779099596158607
2024-02-01,14,24133.0,21138.857,12.40683950658849
2024-02-02,14,23578.0,21138.857,10.344993545360081
2024-02-03,14,20616.0,21138.857,2.5361729815434617
2024-02-04,14,18746.0,21138.857,12.764629370932465
2024-02-05,14,23636.0,21138.857,10.564996522783044
2024-02-06,14,23407.0,21138.857,9.690018277117957
2024-02-07,14,23737.0,21138.857,10.945538939735435
2024-02-08,14,24064.0,21138.857,12.155678931702958
2024-02-09,14,24179.0,21138.857,12.573483511001282
2024-02-10,14,20415.0,21138.857,3.5457135531471957
2024-02-11,14,18345.0,21138.857,15.229530781548107
2024-02-12,14,22712.0,21138.857,6.92648193961342
2024-02-13,14,23376.0,21138.857,9.570254013197296
2024-02-14,14,22243.0,21138.857,4.9640002613181675
2024-02-15,14,22756.0,21138.857,7.106444797525928
2024-02-16,14,21204.0,21138.857,0.30721834618468213
2024-02-17,14,19926.0,21138.857,6.086808300085315
2024-02-18,14,17747.0,21138.857,19.112286143432694
2024-02-19,14,23664.0,21138.857,10.670818873077248
2024-02-20,14,23312.0,21138.857,9.32199115530628
2024-02-21,14,23060.0,21138.857,8.331060616326972
2024-02-22,14,23005.0,21138.857,8.11189992664638
2024-02-23,14,23071.0,21138.857,8.374767362164622
2024-02-24,14,19083.0,21138.857,10.773240171225698
2024-02-25,14,17521.0,21138.857,20.64869255108156
2024-02-26,14,22183.0,21138.857,4.7069493671956
2024-02-27,14,22403.0,21138.857,5.642737928514038
2024-02-28,14,23412.0,21138.857,9.709305390932
2024-02-29,14,22586.0,21138.857,6.40725483983441
2024-03-01,14,22251.0,21138.857,4.998168972742798
2024-03-02,14,19421.0,21138.857,8.845360289763658
2024-03-03,14,16432.0,21138.857,28.64445850702897
2024-03-04,14,22131.0,21138.857,4.483044499231847
2024-03-05,14,23624.0,21138.857,10.519567296499323
2024-03-06,14,23844.0,21138.857,11.345171020487333
2024-03-07,14,22924.0,21138.857,7.787221157411446
2024-03-08,14,21601.0,21138.857,2.1394499241933245
2024-03-09,14,18728.0,21138.857,12.873010582416702
2024-03-10,14,15650.0,21138.857,35.072571385782744
2024-03-11,14,22590.0,21138.857,6.423827260402833
2024-03-12,14,23405.0,21138.857,9.682301124225592
2024-03-13,14,23055.0,21138.857,8.311180126328345
2024-03-14,14,21827.0,21138.857,3.1527125950657444
2024-03-15,14,20927.0,21138.857,1.0123640362928275
2024-03-16,14,18497.0,21138.857,14.282626490106503
2024-03-17,14,17076.0,21138.857,23.7927935223413
2024-03-18,14,23154.0,21138.857,8.703215764554722
2024-03-19,14,22080.0,21138.857,4.262421096580616
2024-03-20,14,21845.0,21138.857,3.232513518539712
2024-03-21,14,21574.0,21138.857,2.0169768152637433
2024-03-22,14,22317.0,21138.857,5.279126128623919
2024-03-23,14,19304.0,21138.857,9.505063312655409
2024-03-24,14,17625.0,21138.857,19.93677969858156
2024-03-25,14,21995.0,21138.857,3.8924418191634462
2024-03-26,14,20582.0,21138.857,2.7055554458993294
2024-03-27,14,21004.0,21138.857,0.6420559030422777
2024-03-28,14,21028.0,21138.857,0.5271895656981168
2024-03-29,14,19973.0,21138.857,5.837167285210033
2024-03-30,14,16790.0,21138.857,25.901473626414536
2024-03-31,14,13383.0,21138.857,57.953055532205035
2024-04-01,14,13680.0,21138.861,54.5238401178728
2024-04-02,14,20510.0,21138.857,3.0661015205997075
2024-04-03,14,20946.0,21138.857,0.9207362831805596
2024-04-04,14,20710.0,21138.857,2.070774610695316
2024-04-05,14,20215.0,21138.857,4.570157911822903
2024-04-06,14,17398.0,21138.857,21.50165203974595
2024-04-07,14,15764.0,21138.857,34.09577151658843
2024-04-08,14,19962.0,21138.857,5.895488537596433
2024-04-09,14,19845.0,21138.857,6.51981568090199
2024-04-10,14,20929.0,21138.857,1.0027111752831002
2024-04-11,14,19816.0,21138.857,6.675703582332458
2024-04-12,14,20115.0,21138.857,5.090019497265722
2024-04-13,14,17104.0,21138.857,23.5901392766312
2024-04-14,14,16720.0,21138.857,26.428573097338514
2024-04-15,14,20927.0,21138.857,1.0123640362928275
2024-04-16,14,21042.0,21138.857,0.4603052080363083
2024-04-17,14,21774.0,21138.857,2.916977028221732
2024-04-18,14,21236.0,21138.857,0.4574429182755698
2024-04-19,14,21055.0,21138.857,0.3982779476371408
2024-04-20,14,19158.0,21138.857,10.339583578009186
2024-04-21,14,18028.0,21138.857,17.255699034141337
2024-04-22,14,22558.0,21138.857,6.291083332409789
2024-04-23,14,21103.0,21138.857,0.16991622932758377
2024-04-24,14,22178.0,21138.857,4.685465678262242
2024-04-25,14,20591.0,21138.857,2.6606644741634695
2024-04-26,14,20318.0,21138.857,4.040050309454671
2024-04-27,14,17779.0,21138.857,18.89789876750661
2024-04-28,14,16144.0,21138.857,30.93940424848241
2024-04-29,14,19544.0,21138.857,8.160342928136513
2024-04-30,14,18768.0,21138.857,12.632445768728687
2024-05-01,14,15298.0,21138.857,38.18052962397046
2024-05-02,14,16548.0,21138.855,27.742660555656272
2024-05-03,14,14843.0,21138.855,42.41632735127669
2024-05-04,14,16409.0,21138.857,28.824775561429703
2024-05-05,14,15651.0,21138.857,35.06394110200626
2024-05-06,14,19861.0,21138.857,6.434003433235991
2024-05-07,14,19894.0,21138.857,6.257451602870212
2024-05-08,14,18714.0,21138.857,12.957451223014854
2024-05-09,14,19334.0,21138.857,9.335147521852695
2024-05-10,14,19580.0,21138.857,7.96147815053626
2024-05-11,14,17375.0,21138.857,21.662488758992808
2024-05-12,14,14928.0,21138.857,41.605422172260184
2024-05-13,14,19376.0,21138.857,9.09814936970995
2024-05-14,14,19551.0,21138.857,8.121617420464426
2024-05-15,14,19289.0,21138.857,9.590219409378403
2024-05-16,14,19798.0,21138.857,6.772691291418326
2024-05-17,14,19899.0,21138.857,6.230752409040655
2024-05-18,14,17605.0,21138.857,20.073032785430275
2024-05-19,14,15601.0,21138.857,35.49681060108326
2024-05-20,14,20515.0,21138.857,3.040981827321472
2024-05-21,14,20446.0,21138.857,3.388718682749682
2024-05-22,14,20864.0,21138.857,1.3173764468702072
2024-05-23,14,21115.0,21138.857,0.11298802687662798
2024-05-24,14,21079.0,21138.857,0.283967085132122
2024-05-25,14,17558.0,21138.857,20.39444937848844
2024-05-26,14,15962.0,21138.857,32.43238580300088
2024-05-27,14,19478.0,21138.857,8.526837569950715
2024-05-28,14,20812.0,21138.857,1.5705238414136076
2024-05-29,14,19806.0,21138.857,6.729563879001313
2024-05-30,14,15253.0,21138.857,38.588195252573264
2024-05-31,14,17805.0,21138.855,18.72426548020219
2024-06-01,14,16878.0,21138.857,25.245037456304065
2024-06-02,14,15543.0,21138.857,36.00242824342148
2024-06-03,14,20193.0,21138.857,4.6840856825385035
2024-06-04,14,21095.0,21138.857,0.2079043464091017
2024-06-05,14,19547.0,21138.857,8.143742885736941
2024-06-06,14,19913.0,21138.857,6.156065996459599
2024-06-07,14,20600.0,21138.857,2.6158127275485437
2024-06-08,14,16513.0,21138.857,28.01342834054987
2024-06-09,14,15141.0,21138.857,39.61335064972591
2024-06-10,14,20745.0,21138.857,1.898565542901904
2024-06-11,14,21422.0,21138.857,1.3217373640416394
2024-06-12,14,20389.0,21138.857,3.6777547789249105
2024-06-13,14,21141.0,21138.857,0.010134705666713968
2024-06-14,14,19606.25,21138.857,7.816932977366911
2024-06-15,14,17158.5,21138.857,23.19758383235714
2024-06-16,14,15762.25,21138.857,34.11065946723977
2024-06-17,14,19729.25,21138.857,7.144759288239542
2024-06-18,14,20139.75,21138.857,4.960873009223054
2024-06-19,14,20877.25,21138.857,1.253074144702966
2024-06-20,14,19456.0,21138.857,8.649555005525288
2024-06-21,14,20405.0,21138.857,3.596458818304337
2024-06-22,14,17008.75,21138.857,24.282251322848534
2024-06-23,14,15437.5,21138.857,36.93186993927126
2024-06-24,14,19841.5,21138.857,6.538605558425522
2024-06-25,14,20373.25,21138.857,3.7579052035144125
2024-06-26,14,20589.5,21138.857,2.6681435774302433
2024-06-27,14,21707.25,21138.857,2.618445810155593
2024-06-28,14,21013.75,21138.857,0.5953598090535959
2024-06-29,14,18750.5,21138.857,12.737566581557825
2024-06-30,14,17613.5,21138.857,20.01508741519289
2024-07-01,14,20269.0,21138.857,4.291565552691302
2024-07-02,14,19042.5,21138.857,11.008835089273992
2024-07-03,14,19727.75,21138.857,7.152906042883755
2024-07-04,14,19295.75,21138.857,9.551882781830196
2024-07-05,14,18923.5,21138.857,11.706911627737998
2024-07-06,14,17139.75,21138.857,23.332355617059758
2024-07-07,14,15187.0,21138.857,39.19047489217752
2024-07-08,14,20124.0,21138.857,5.043020383000398
2024-07-09,14,20506.0,21138.857,3.086206095167268
2024-07-10,14,21226.5,21138.857,0.41289227204202295
2024-07-11,14,21786.5,21138.857,2.9726783931563125
2024-07-12,14,21235.5,21138.857,0.45509914117868666
2024-07-13,14,17502.5,21138.857,20.77621723682331
2024-07-14,14,15337.25,21138.857,37.82690783468353
2024-07-15,14,20215.25,21138.857,4.568864703008868
2024-07-16,14,21889.25,21138.857,3.4281328877188573
2024-07-17,14,20407.5,21138.857,3.5837678396422885
2024-07-18,14,19485.75,21138.857,8.483673565939212
2024-07-19,14,19259.0,21138.857,9.760929549171815
2024-07-20,14,16798.25,21138.857,25.839640568958078
2024-07-21,14,15169.0,21138.857,39.35564257284593
2024-07-22,14,19817.75,21138.857,6.6662836188517876
2024-07-23,14,19303.0,21138.857,9.510736268326166
2024-07-24,14,20058.25,21138.857,5.387346462802089
2024-07-25,14,18939.5,21138.857,11.612542157263919
2024-07-26,14,18976.25,21138.857,11.39638981292405
2024-07-27,14,17024.0,21138.857,24.170920006314613
2024-07-28,14,14890.0,21138.857,41.96680605691739
2024-07-29,14,18502.75,21138.857,14.247111493561768
2024-07-30,14,18326.0,21138.857,15.348998264078359
2024-07-31,14,19173.5,21138.857,10.250384238010795
2024-08-01,14,20064.5,21138.857,5.354518786289217
2024-08-02,14,20012.0,21138.857,5.630908564236458
2024-08-03,14,16724.75,21138.857,26.392666089926603
2024-08-04,14,15064.0,21138.857,40.32698766512878
2024-08-05,14,18895.0,21138.857,11.875403132442445
2024-08-06,14,18656.75,21138.857,13.3040718339207
2024-08-07,14,19028.75,21138.857,11.089049054062931
2024-08-08,14,19455.75,21138.857,8.65095111663647
2024-08-09,14,18961.25,21138.857,11.484514058276748
2024-08-10,14,15960.0,21138.857,32.44898134006892
2024-08-11,14,15081.5,21138.857,40.16415755644333
2024-08-12,14,18245.0,21138.857,15.861098503014526
2024-08-13,14,18877.25,21138.857,11.980597925412864
2024-08-14,14,18953.0,21138.857,11.533041850234792
2024-08-15,14,15304.75,21138.857,38.11958654584361
2024-08-16,14,18127.25,21138.855,16.61369192100291
2024-08-17,14,17381.75,21138.857,21.61524254965697
2024-08-18,14,15840.25,21138.857,33.450276491059164
2024-08-19,14,20041.0,21138.857,5.478057092335712
2024-08-20,14,20409.75,21138.857,3.5723486170825223
2024-08-21,14,20691.75,21138.857,2.160800424686167
2024-08-22,14,19503.0,21138.857,8.387722001102395
2024-08-23,14,19361.25,21138.857,9.181263719413778
2024-08-24,14,16419.0,21138.857,28.746314768713077
2024-08-25,14,16168.0,21138.857,30.74503600862816
2024-08-26,14,19543.25,21138.857,8.164493735049186
2024-08-27,14,20328.5,21138.857,3.9863119358290087
2024-08-28,14,20287.0,21138.857,4.199031014319514
2024-08-29,14,20754.0,21138.857,1.85437709297003
2024-08-30,14,21135.5,21138.857,0.01588522568664096
2024-08-31,14,17138.5,21138.857,23.341350887621438
2024-09-01,14,13923.5,21138.857,51.82143442291809
2024-09-02,14,19810.75,21138.857,6.703973458223439
2024-09-03,14,20345.0,21138.857,3.901977989063652
2024-09-04,14,20286.0,21138.857,4.20416751392586
2024-09-05,14,19632.25,21138.857,7.674145459002407
2024-09-06,14,19407.0,21138.857,8.923880156000411
2024-09-07,14,17050.5,21138.857,23.97793274024222
2024-09-08,14,15141.5,21138.857,39.608740361754116
2024-09-09,14,20225.0,21138.857,4.518454496291718
2024-09-10,14,19815.5,21138.857,6.678395306073528
2024-09-11,14,19153.5,21138.857,10.365507201686377
2024-09-12,14,20179.75,21138.857,4.752821129473854
2024-09-13,14,20198.0,21138.857,4.658171214352906
2024-09-14,14,17583.5,21138.857,20.21985055236443
2024-09-15,14,14888.0,21138.857,41.985877363480654
2024-09-16,14,19406.0,21138.857,8.929493053050603
2024-09-17,14,19112.75,21138.857,10.600815800316543
2024-09-18,14,19173.5,21138.857,10.250384238010795
2024-09-19,14,18416.25,21138.857,14.783723189438675
2024-09-20,14,18022.75,21138.857,17.2898554431205
2024-09-21,14,15532.0,21138.857,36.09874724359387
2024-09-22,14,14076.75,21138.857,50.168593047933655
2024-09-23,14,19013.25,21138.857,11.17961117575901
2024-09-24,14,19187.0,21138.857,10.172811913665502
2024-09-25,14,19191.5,21138.857,10.146978724305031
2024-09-26,14,19745.75,21138.857,7.0552266785257585
2024-09-27,14,19718.25,21138.857,7.20453093897785
2024-09-28,14,17140.5,21138.857,23.326959084478283
2024-09-29,14,14389.5,21138.857,46.904739024114804
2024-09-30,14,18268.0,21138.86,15.715236342237793
2024-10-01,14,19401.5,21138.857,8.954758250006444
2024-10-02,14,21619.0,21138.857,2.2209287114343867
2024-10-03,14,21435.0,21138.857,1.3815842226498718
2024-10-04,14,21406.75,21138.857,1.2514397473927616
2024-10-05,14,18662.5,21138.857,13.269162340924314
2024-10-06,14,17053.0,21138.857,23.959757355743857
2024-10-07,14,19598.25,21138.857,7.860943818325616
2024-10-08,14,19483.5,21138.857,8.496201513460107
2024-10-09,14,20785.25,21138.857,1.701242091747754
2024-10-10,14,20133.75,21138.857,4.992152092258024
2024-10-11,14,20176.0,21138.857,4.772290949023592
2024-10-12,14,17164.25,21138.857,23.15631281224056
2024-10-13,14,15804.75,21138.857,33.75002718723801
2024-10-14,14,20225.25,21138.857,4.517162565975698
2024-10-15,14,20906.75,21138.857,1.1102032686811676
2024-10-16,14,19456.0,21138.857,8.649555005525288
2024-10-17,14,19642.5,21138.857,7.617958110602011
2024-10-18,14,19478.25,21138.857,8.525444646592995
2024-10-19,14,16915.5,21138.857,24.967381525080548
2024-10-20,14,15379.25,21138.857,37.45050910723865
2024-10-21,14,20203.25,21138.857,4.630974827688615
2024-10-22,14,19418.75,21138.857,8.857971918249115
2024-10-23,14,20122.0,21138.857,5.053460997291522
2024-10-24,14,20067.5,21138.857,5.33876876479382
2024-10-25,14,19764.75,21138.857,6.952313699262576
2024-10-26,14,17705.0,21138.857,19.394845647415984
2024-10-27,14,15734.25,21138.857,34.34931707501152
2024-10-28,14,20664.0,21138.857,2.297993717939412
2024-10-29,14,21478.5,21138.857,1.5813142357473755
2024-10-30,14,21445.75,21138.857,1.4310181650210414
2024-10-31,14,21017.0,21138.857,0.5798040722986154
2024-11-01,14,14332.5,21138.857,47.48897555817199
2024-11-02,14,16989.25,21138.857,24.42490058051415
2024-11-03,14,16379.0,21138.86,29.060744703583858
2024-11-04,14,21646.25,21138.857,2.3440206877634697
2024-11-05,14,21594.25,21138.857,2.1088603592391495
2024-11-06,14,21981.5,21138.857,3.8334170922139075
2024-11-07,14,22747.0,21138.857,7.069690852090385
2024-11-08,14,22840.25,21138.857,7.44909787819748
2024-11-09,14,19827.25,21138.857,6.6151756893921245
2024-11-10,14,18005.25,21138.857,17.40385399744519
2024-11-11,14,18350.75,21138.857,15.193424911107176
2024-11-12,14,23704.75,21138.857,10.824381518999356
2024-11-13,14,23652.5,21138.857,10.627386441708065
2024-11-14,14,22675.75,21138.857,6.777692372358136
2024-11-15,14,22283.0,21138.857,5.134598474734102
2024-11-16,14,18846.25,21138.857,12.164793642634477
2024-11-17,14,17562.0,21138.857,20.367027797944427
2024-11-18,14,22727.5,21138.857,6.989957444175558
2024-11-19,14,23072.5,21138.857,8.3807241440026
2024-11-20,14,23160.5,21138.857,8.72883822942078
2024-11-21,14,23343.75,21138.857,9.44532295850067
2024-11-22,14,23792.5,21138.857,11.153273418619312
2024-11-23,14,20727.5,21138.857,1.9845973796888194
2024-11-24,14,18627.5,21138.857,13.481988575359013
2024-11-25,14,21807.0,21138.857,3.063890393566286
2024-11-26,14,22811.0,21138.857,7.330422068848362
2024-11-27,14,22917.0,21138.857,7.759054754658114
2024-11-28,14,23306.75,21138.857,9.301565332468062
2024-11-29,14,23478.0,21138.857,9.963125385999659
2024-11-30,14,20216.5,21138.857,4.562399138698588
2024-12-01,14,18132.25,21138.857,16.581546260806025
2024-12-02,14,22527.5,21138.857,6.164210756297858
2024-12-03,14,23298.5,21138.857,9.26944901227547
2024-12-04,14,23343.5,21138.857,9.444353152376465
2024-12-05,14,23553.5,21138.857,10.251735742564799
2024-12-06,14,23871.0,21138.857,11.445446684784885
2024-12-07,14,20568.0,21138.857,2.7754639336590823
2024-12-08,14,18810.75,21138.857,12.376473143681139
2024-12-09,14,24003.75,21138.857,11.935187535801697
2024-12-10,14,24340.25,21138.857,13.152669254116125
2024-12-11,14,24063.0,21138.857,12.152028334476167
2024-12-12,14,23910.5,21138.857,11.591738266138307
2024-12-13,14,23494.5,21138.857,10.026357565068421
2024-12-14,14,21105.5,21138.857,0.15805084871242092
2024-12-15,14,19233.75,21138.857,9.905023315136154
2024-12-16,14,23011.25,21138.857,8.136857311641045
2024-12-17,14,22622.5,21138.857,6.558260926621726
2024-12-18,14,22063.75,21138.857,4.191910160897399
2024-12-19,14,21857.25,21138.857,3.2867473178236053
2024-12-20,14,21705.5,21138.857,2.610594448987584
2024-12-21,14,19670.5,21138.857,7.464769181642561
2024-12-22,14,19052.0,21138.857,10.953482163946042
2024-12-23,14,21082.75,21138.857,0.2661295223583261
2024-12-24,14,18156.75,21138.857,16.42423573533259
2024-12-25,14,14857.0,22096.188,48.72576899777882
2024-12-26,14,15491.0,23195.3,49.73404416273966
2024-12-27,14,19624.25,21138.86,7.718049734384754
2024-12-28,14,19076.0,21138.857,10.813888770575593
2024-12-29,14,16773.0,21138.857,26.029079007184166
2024-12-30,14,19932.25,21138.857,6.053543487940398
2024-12-31,14,18034.25,21138.857,17.21506257191178
2024-01-01,15,16753.0,21559.54,28.690616979048528
2024-01-02,15,21877.0,21559.54,1.4511173264158705
2024-01-03,15,22938.0,21559.54,6.009507967128782
2024-01-04,15,23291.0,21559.54,7.434034337297668
2024-01-05,15,23898.0,21559.54,9.785174230061093
2024-01-06,15,20184.0,21559.54,6.814997336999603
2024-01-07,15,20467.0,19889.87,2.819811693824205
2024-01-08,15,26455.0,21559.54,18.50486084861085
2024-01-09,15,26769.0,21559.54,19.46079770443423
2024-01-10,15,26790.0,21559.54,19.52393033781262
2024-01-11,15,26458.0,21559.54,18.514101358757276
2024-01-12,15,25988.0,21559.54,17.040406870478684
2024-01-13,15,22834.0,21559.54,5.58141778707191
2024-01-14,15,20351.0,19959.828,1.9221260626013463
2024-01-15,15,25163.0,21559.54,14.320474257838892
2024-01-16,15,25862.0,21559.54,16.636226654937747
2024-01-17,15,25494.0,21559.54,15.432889846630578
2024-01-18,15,25383.0,21559.54,15.063077404168142
2024-01-19,15,25265.0,21559.54,14.666380120720365
2024-01-20,15,21640.0,21559.54,0.3718157925138632
2024-01-21,15,19124.0,19889.863,4.004723286184898
2024-01-22,15,24594.0,21559.54,12.338216384077418
2024-01-23,15,24269.0,21559.54,11.16428751699699
2024-01-24,15,24032.0,21559.54,10.288202968958055
2024-01-25,15,24002.0,21559.54,10.176072566869427
2024-01-26,15,24142.0,21559.54,10.696963538646342
2024-01-27,15,21151.0,21559.54,1.9315354474965722
2024-01-28,15,19289.0,19889.863,3.1150566709005134
2024-01-29,15,23041.0,21559.54,6.429672920012153
2024-01-30,15,23110.0,21559.54,6.709047760709649
2024-01-31,15,24060.0,21559.54,10.392605725270158
2024-02-01,15,23855.0,21559.54,9.622556853909034
2024-02-02,15,23523.0,21559.54,8.346983537388939
2024-02-03,15,20451.0,19889.863,2.7438106632927486
2024-02-04,15,18421.0,19889.863,7.973852023505781
2024-02-05,15,23480.0,21559.54,8.17913516822828
2024-02-06,15,23318.0,21559.54,7.541216817480058
2024-02-07,15,23678.0,21559.54,8.946958938677254
2024-02-08,15,23880.0,21559.54,9.717173105108879
2024-02-09,15,23918.0,21559.54,9.860610993812191
2024-02-10,15,20283.0,19889.863,1.9382572536113987
2024-02-11,15,18009.0,19889.863,10.444018442167804
2024-02-12,15,22544.0,21559.54,4.366842341643009
2024-02-13,15,23221.0,21559.54,7.1549930558546135
2024-02-14,15,22622.0,21559.54,4.696582696048095
2024-02-15,15,22583.0,21559.54,4.531997243501749
2024-02-16,15,21751.0,21559.54,0.880239701622914
2024-02-17,15,19718.0,19889.863,0.8716060515772391
2024-02-18,15,17756.0,19889.863,12.017702642768642
2024-02-19,15,23305.0,21559.54,7.4896414396052355
2024-02-20,15,23093.0,21559.54,6.6403712705148745
2024-02-21,15,22936.0,21559.54,6.001312074904082
2024-02-22,15,22901.0,21559.54,5.85765223134361
2024-02-23,15,22982.0,21559.54,6.189456694369507
2024-02-24,15,19438.0,19889.863,2.324638755273176
2024-02-25,15,17416.0,19889.863,14.204543415537438
2024-02-26,15,22019.0,21559.54,2.0866566942186293
2024-02-27,15,22313.0,21559.54,3.376780072155246
2024-02-28,15,23242.0,21559.54,7.238881927114706
2024-02-29,15,22550.0,21559.54,4.392287971175167
2024-03-01,15,22144.0,21559.54,2.6393647827854045
2024-03-02,15,19281.0,19889.863,3.157840782376433
2024-03-03,15,16622.0,19889.863,19.659868134099387
2024-03-04,15,22011.0,21559.54,2.0510696356367273
2024-03-05,15,23436.0,21559.54,8.006745765062297
2024-03-06,15,23687.0,21559.54,8.98155501963102
2024-03-07,15,23179.0,21559.54,6.986759297208681
2024-03-08,15,22100.0,21559.54,2.445524604072398
2024-03-09,15,18923.0,19889.863,5.1094608743328225
2024-03-10,15,16322.0,19889.863,21.859228533574317
2024-03-11,15,22480.0,21559.54,4.09457712411032
2024-03-12,15,23305.0,21559.54,7.4896414396052355
2024-03-13,15,23021.0,21559.54,6.348381640675904
2024-03-14,15,21954.0,21559.54,1.7967611255352098
2024-03-15,15,21297.0,21559.54,1.2327513851716205
2024-03-16,15,18650.0,19889.863,6.648060489276139
2024-03-17,15,17036.0,19889.863,16.751956335113878
2024-03-18,15,23231.0,21559.54,7.19495905255908
2024-03-19,15,22204.0,21559.54,2.9024542312196
2024-03-20,15,22071.0,21559.54,2.3173437429205745
2024-03-21,15,21975.0,21559.54,1.8906072241183163
2024-03-22,15,22369.0,21559.54,3.618672884348876
2024-03-23,15,19317.0,19889.863,2.965591350882642
2024-03-24,15,17193.0,19889.863,15.685821446228115
2024-03-25,15,22218.0,21559.54,2.9636373098388695
2024-03-26,15,21326.0,21559.54,1.0950907929288192
2024-03-27,15,21017.0,21559.54,2.5814296165009276
2024-03-28,15,21061.0,21559.54,2.367119616827311
2024-03-29,15,20082.0,21559.54,7.3575294417886665
2024-03-30,15,16878.0,19889.863,17.844906275921318
2024-03-31,15,13388.0,19889.865,48.564873277375256
2024-04-01,15,13845.0,19889.877,43.66108308504875
2024-04-02,15,20416.0,21559.54,5.601190549079154
2024-04-03,15,20947.0,21559.54,2.924232885377381
2024-04-04,15,20614.0,21559.54,4.5868781531968565
2024-04-05,15,20494.0,21559.54,5.199273262906217
2024-04-06,15,17378.0,19889.863,14.454271384796868
2024-04-07,15,15708.0,19889.863,26.622506246816908
2024-04-08,15,20322.0,21559.537,6.0896423057523865
2024-04-09,15,20209.0,21559.54,6.682859431441438
2024-04-10,15,20936.0,21559.54,2.978310386415743
2024-04-11,15,20091.0,21559.54,7.309437372455328
2024-04-12,15,20307.0,21559.54,6.168016262865022
2024-04-13,15,17091.0,19889.863,16.37624060177871
2024-04-14,15,16875.0,19889.863,17.865856481481483
2024-04-15,15,21075.0,21559.54,2.299117734282325
2024-04-16,15,20923.0,21559.54,3.0422934689098122
2024-04-17,15,21764.0,21559.54,0.9394455867487593
2024-04-18,15,21419.0,21559.54,0.6561420351090154
2024-04-19,15,21447.0,21559.54,0.524731022986898
2024-04-20,15,18853.0,19889.863,5.4997256736328435
2024-04-21,15,17574.0,19889.863,13.177781274894732
2024-04-22,15,22632.0,21559.54,4.738692724902792
2024-04-23,15,21098.0,21559.54,2.187596276898284
2024-04-24,15,22198.0,21559.54,2.876209286872691
2024-04-25,15,20692.0,21559.54,4.192630303982215
2024-04-26,15,20812.0,21559.54,3.591865570344032
2024-04-27,15,17626.0,19889.863,12.84388563060252
2024-04-28,15,16597.0,19889.863,19.840111352955354
2024-04-29,15,19638.0,21539.621,9.683374548070068
2024-04-30,15,19059.0,21559.54,13.119990883572067
2024-05-01,15,15433.0,21559.54,39.697654781960736
2024-05-02,15,16718.0,21559.54,28.960037459624356
2024-05-03,15,14738.0,19889.865,34.956338949484326
2024-05-04,15,16398.0,19889.865,21.294458070343943
2024-05-05,15,15683.0,19889.863,26.824353001657848
2024-05-06,15,20032.0,21379.904,6.728755475614018
2024-05-07,15,20146.0,21559.54,7.016475044673881
2024-05-08,15,19042.0,21559.54,13.220980267303856
2024-05-09,15,19670.0,21559.54,9.606197572445348
2024-05-10,15,19903.0,21559.54,8.323062163995377
2024-05-11,15,17440.0,19889.863,14.047381199827983
2024-05-12,15,14831.0,19889.863,34.1100619058054
2024-05-13,15,19726.0,19936.49,1.067070031303863
2024-05-14,15,19833.0,21559.54,8.705385279584531
2024-05-15,15,19561.0,21559.54,10.216957530289863
2024-05-16,15,19606.0,21559.54,9.963985833418342
2024-05-17,15,20334.0,21559.54,6.027043682994
2024-05-18,15,17640.0,19889.863,12.754326991213153
2024-05-19,15,15844.0,19889.863,25.535617781178992
2024-05-20,15,20360.0,21559.54,5.891645690078586
2024-05-21,15,20616.0,21559.54,4.576731967889018
2024-05-22,15,21360.0,21559.54,0.934171640917603
2024-05-23,15,21545.0,21559.54,0.06748230447899745
2024-05-24,15,21181.0,21559.54,1.7871633185402012
2024-05-25,15,17810.0,19889.863,11.678064465188097
2024-05-26,15,16019.0,19889.863,24.16420051969536
2024-05-27,15,19799.0,19889.863,0.4589286390726805
2024-05-28,15,20925.0,21559.54,3.032444743130227
2024-05-29,15,20163.0,21559.54,6.926246404304914
2024-05-30,15,15496.0,21559.54,39.12970484318534
2024-05-31,15,18544.0,19889.863,7.25767515773296
2024-06-01,15,17043.0,19889.863,16.70400329314088
2024-06-02,15,15313.0,19889.863,29.888743428785997
2024-06-03,15,20162.0,21558.97,6.928730796175975
2024-06-04,15,21115.0,21559.54,2.105323525929434
2024-06-05,15,19795.0,21559.54,8.914064473351857
2024-06-06,15,20327.0,21559.54,6.063556169134649
2024-06-07,15,20386.0,21559.54,5.756593066320023
2024-06-08,15,16336.0,19889.863,21.75479481666259
2024-06-09,15,15567.0,19889.863,27.76940503147684
2024-06-10,15,20684.0,21559.54,4.232929136047186
2024-06-11,15,21280.0,21559.54,1.3136234140037595
2024-06-12,15,20643.0,21559.54,4.4399508913433126
2024-06-13,15,21154.0,21559.54,1.9170798076013993
2024-06-14,15,19843.0,21559.54,8.650602542458298
2024-06-15,15,17069.75,19889.863,16.521116485302947
2024-06-16,15,15553.5,19889.863,27.880305276947308
2024-06-17,15,19972.75,19889.865,0.4149892509794595
2024-06-18,15,20440.75,21559.54,5.473326871567824
2024-06-19,15,20883.75,21559.54,3.2359564853055605
2024-06-20,15,19849.25,21559.54,8.616391362394046
2024-06-21,15,20832.0,21559.54,3.4924110143049156
2024-06-22,15,17312.5,19889.863,14.887296931407942
2024-06-23,15,15321.75,19889.863,29.814566098846413
2024-06-24,15,20025.75,20467.62,2.2065048281587454
2024-06-25,15,20328.25,21559.54,6.057034238067714
2024-06-26,15,20975.75,21559.54,2.7831618058949026
2024-06-27,15,21810.5,21559.54,1.1506427523440543
2024-06-28,15,21170.25,21559.54,1.838849623882571
2024-06-29,15,18269.75,19889.863,8.867736456437553
2024-06-30,15,17663.75,19889.863,12.602721852664356
2024-07-01,15,20225.5,21559.54,6.595827359026971
2024-07-02,15,19336.75,21559.54,11.495153334970976
2024-07-03,15,19569.75,21559.54,10.16767747416293
2024-07-04,15,19587.25,21559.54,10.069249447982743
2024-07-05,15,19121.25,21559.54,12.751724194286462
2024-07-06,15,16948.25,19889.863,17.356442589942915
2024-07-07,15,15427.75,19889.863,28.922644463709872
2024-07-08,15,20332.5,21354.705,5.027444131931637
2024-07-09,15,20571.0,21559.54,4.805498335034758
2024-07-10,15,21391.25,21559.54,0.7867191608718518
2024-07-11,15,21980.75,21559.54,1.916271908374373
2024-07-12,15,21307.5,21559.54,1.182865481637921
2024-07-13,15,17756.25,19889.863,12.016125483984512
2024-07-14,15,15354.25,19889.863,29.539790489603856
2024-07-15,15,20355.25,20939.408,2.8698159105144865
2024-07-16,15,21572.5,21559.54,0.06008083207787693
2024-07-17,15,20599.75,21559.54,4.659226750324639
2024-07-18,15,19699.0,21559.54,9.444840156860753
2024-07-19,15,19597.25,21559.54,10.013083787266071
2024-07-20,15,17141.5,19889.863,16.033388450544
2024-07-21,15,14911.5,19889.863,33.38606633303156
2024-07-22,15,19838.0,19889.865,0.26144386719931445
2024-07-23,15,19344.75,21559.54,11.449044637433929
2024-07-24,15,19825.75,21559.54,8.745137321412809
2024-07-25,15,18864.0,21559.54,14.28932921172604
2024-07-26,15,19208.5,21559.54,12.239576554650284
2024-07-27,15,16944.75,19889.863,17.380682991782116
2024-07-28,15,14613.25,19889.863,36.108417232648456
2024-07-29,15,18371.75,19889.863,8.263302522895206
2024-07-30,15,18659.25,21559.54,15.543438576041375
2024-07-31,15,19380.25,21559.54,11.244896544162227
2024-08-01,15,19858.25,21559.54,8.567165095111603
2024-08-02,15,20220.75,21559.54,6.620867487605555
2024-08-03,15,16493.25,19889.863,20.593959839631363
2024-08-04,15,15501.75,19889.865,28.30722488993178
2024-08-05,15,18778.25,19920.324,6.081899105347943
2024-08-06,15,18750.25,21559.54,14.98267523099692
2024-08-07,15,19459.5,21559.54,10.791844921503637
2024-08-08,15,19475.25,21559.54,10.702245478235197
2024-08-09,15,19138.25,21559.54,12.651569827439813
2024-08-10,15,16043.5,19889.863,23.974589592358274
2024-08-11,15,14536.0,19889.865,36.83176413301458
2024-08-12,15,18764.25,19889.863,5.998711812355943
2024-08-13,15,19096.5,21559.54,12.897855955279763
2024-08-14,15,19173.0,21559.54,12.447395099880039
2024-08-15,15,15618.25,21559.54,38.04068357530453
2024-08-16,15,18535.75,19889.863,7.30541403099416
2024-08-17,15,17249.0,19889.863,15.310239905211898
2024-08-18,15,15420.75,19889.863,28.981166812573967
2024-08-19,15,20160.25,21559.54,6.94083189692588
2024-08-20,15,20304.75,21559.54,6.179780901020697
2024-08-21,15,20587.5,21559.54,4.721501214329083
2024-08-22,15,19595.25,21559.54,10.024312333346092
2024-08-23,15,19511.5,21559.54,10.496574135766085
2024-08-24,15,16996.25,19889.863,17.02501011252482
2024-08-25,15,16317.5,19889.863,21.892834571778767
2024-08-26,15,19887.25,21559.54,8.408850205533696
2024-08-27,15,20452.75,21559.54,5.4114437545073395
2024-08-28,15,20621.5,21559.54,4.548840106199839
2024-08-29,15,21256.0,21559.54,1.428015913153933
2024-08-30,15,21352.25,21559.54,0.9708066480113338
2024-08-31,15,17278.25,19889.863,15.11503353204173
2024-09-01,15,14355.0,19889.865,38.55705492424242
2024-09-02,15,20304.25,21559.537,6.182385999852247
2024-09-03,15,20719.0,21559.54,4.056851501037695
2024-09-04,15,20686.0,21559.54,4.222851505849367
2024-09-05,15,20155.75,21559.54,6.964707651662677
2024-09-06,15,19806.0,21559.54,8.85357498990205
2024-09-07,15,17490.0,19889.863,13.72134523299028
2024-09-08,15,15144.5,19889.863,31.333905254382778
2024-09-09,15,20293.25,21559.54,6.239952016064454
2024-09-10,15,19862.75,21559.54,8.542568690136058
2024-09-11,15,19343.0,21559.54,11.459127655999586
2024-09-12,15,20246.75,21559.54,6.483949584501217
2024-09-13,15,20103.75,21559.54,7.241380650376174
2024-09-14,15,17310.25,19889.863,14.902230073222514
2024-09-15,15,15116.5,19889.863,31.577172501901895
2024-09-16,15,19799.5,21559.54,8.889310651784136
2024-09-17,15,19634.75,21559.54,9.802972090299088
2024-09-18,15,19700.5,21559.54,9.436507004898353
2024-09-19,15,18977.25,21559.54,13.607288002740123
2024-09-20,15,18744.5,21559.54,15.01794693109979
2024-09-21,15,16004.0,19889.863,24.280575363971508
2024-09-22,15,14223.25,19889.865,39.84050926739669
2024-09-23,15,19194.75,21559.54,12.319978444626786
2024-09-24,15,19779.25,21559.54,9.000791549224566
2024-09-25,15,19565.75,21559.54,10.190200030665832
2024-09-26,15,20066.5,21559.54,7.440455796975058
2024-09-27,15,20084.5,21559.54,7.344166210261645
2024-09-28,15,17294.25,19889.863,15.008533363690244
2024-09-29,15,14794.25,19889.865,34.443214318907685
2024-09-30,15,18855.0,21559.54,14.343882590824714
2024-10-01,15,19842.25,21559.54,8.654709332358982
2024-10-02,15,21346.5,21559.54,0.9980046494741527
2024-10-03,15,21408.25,21559.54,0.7066857986990996
2024-10-04,15,21331.5,21559.54,1.069024974802522
2024-10-05,15,18583.25,19889.863,7.0311343884950155
2024-10-06,15,16780.0,19889.863,18.533154238676996
2024-10-07,15,19678.75,21559.54,9.557462046623897
2024-10-08,15,19918.5,21559.54,8.238768293295177
2024-10-09,15,20759.25,21559.54,3.8550962221660225
2024-10-10,15,20545.75,21559.54,4.9343005852791935
2024-10-11,15,20317.75,21559.54,6.111843400474954
2024-10-12,15,17678.75,19889.863,12.507181114332177
2024-10-13,15,16064.0,19889.863,23.816379987861055
2024-10-14,15,20362.25,21559.54,5.879944812091002
2024-10-15,15,21101.5,21559.54,2.170646932682511
2024-10-16,15,20042.25,21559.54,7.57045273110554
2024-10-17,15,20119.25,21559.54,7.158761198851845
2024-10-18,15,19870.25,21559.54,8.501599438859602
2024-10-19,15,17223.0,19889.863,15.484313309237645
2024-10-20,15,15616.25,19889.865,27.36646271912271
2024-10-21,15,20488.75,21559.54,5.226229333170643
2024-10-22,15,20143.5,21559.54,7.029756807406856
2024-10-23,15,20570.25,21559.54,4.8093195877541595
2024-10-24,15,20416.0,21559.54,5.601190549079154
2024-10-25,15,20287.5,21559.54,6.270063154651879
2024-10-26,15,17898.75,19889.863,11.124314721698443
2024-10-27,15,15941.5,19889.863,24.76782787849324
2024-10-28,15,20923.0,21559.54,3.0422934689098122
2024-10-29,15,21557.75,21559.54,0.00829892961927845
2024-10-30,15,21556.75,21559.54,0.012938232804110082
2024-10-31,15,21176.5,21559.54,1.8087930607040823
2024-11-01,15,14942.5,21559.537,44.28333350761252
2024-11-02,15,17309.75,19889.865,14.905560359768339
2024-11-03,15,16655.25,19889.863,19.420983060896717
2024-11-04,15,21835.25,21559.54,1.262687340424314
2024-11-05,15,22014.25,21559.54,2.065529997615181
2024-11-06,15,21710.75,21559.54,0.6964795665741627
2024-11-07,15,22710.25,21559.54,5.066923250514636
2024-11-08,15,22786.5,21559.54,5.384595868167556
2024-11-09,15,19887.75,19889.863,0.01062604492715365
2024-11-10,15,17912.25,19889.863,11.040563196974137
2024-11-11,15,18322.75,21559.54,17.665410828068932
2024-11-12,15,23586.5,21559.54,8.59373343861955
2024-11-13,15,23509.25,21559.54,8.293377872539534
2024-11-14,15,22852.0,21559.54,5.655789154122178
2024-11-15,15,22474.25,21559.54,4.070039878972602
2024-11-16,15,19145.5,19889.863,3.8879281358543785
2024-11-17,15,17720.5,19889.863,12.242111008436558
2024-11-18,15,22767.75,21559.54,5.306676933381647
2024-11-19,15,23130.5,21559.54,6.791729264391172
2024-11-20,15,23346.0,21559.54,7.652107159684743
2024-11-21,15,23595.5,21559.54,8.62859840859486
2024-11-22,15,23952.5,21559.54,9.990443325331386
2024-11-23,15,20879.5,21559.54,3.256970054359539
2024-11-24,15,18625.75,19889.863,6.786912104210568
2024-11-25,15,22335.5,21559.54,3.474114917955721
2024-11-26,15,23061.25,21559.54,6.511836684915171
2024-11-27,15,23010.25,21559.54,6.304629186992754
2024-11-28,15,23291.25,21559.54,7.435027907475983
2024-11-29,15,23527.25,21559.54,8.363539884601897
2024-11-30,15,20322.75,19890.637,2.1262539826057005
2024-12-01,15,18380.75,19889.863,8.210292187478748
2024-12-02,15,23003.5,21559.54,6.277135816288826
2024-12-03,15,23596.0,21559.54,8.630534571537549
2024-12-04,15,23383.5,21559.54,7.800205005666388
2024-12-05,15,23457.25,21559.54,8.09008275693016
2024-12-06,15,24085.0,21559.54,10.485617344820428
2024-12-07,15,20675.0,21559.54,4.278302599758162
2024-12-08,15,18905.75,19889.863,5.205364935271016
2024-12-09,15,24173.5,21559.54,10.813332523217573
2024-12-10,15,24473.75,21559.54,11.907496552428624
2024-12-11,15,24194.25,21559.54,10.889822736807298
2024-12-12,15,24145.5,21559.54,10.709908419788366
2024-12-13,15,23856.75,21559.54,9.629186446183995
2024-12-14,15,21376.75,21559.54,0.8550835019355141
2024-12-15,15,19379.25,19889.863,2.634845421004425
2024-12-16,15,23118.0,21559.54,6.741331159702396
2024-12-17,15,22825.25,21559.54,5.545222670069331
2024-12-18,15,22410.75,21559.54,3.798226018763317
2024-12-19,15,22324.75,21559.54,3.427634967916774
2024-12-20,15,21993.0,21559.54,1.9709040944846088
2024-12-21,15,20252.0,19889.863,1.788152867618013
2024-12-22,15,19085.75,19889.863,4.213160505874802
2024-12-23,15,21334.75,21559.54,1.0536287629337113
2024-12-24,15,18590.0,21559.54,15.97385186928456
2024-12-25,15,15039.75,21559.527,43.3503039861035
2024-12-26,15,15867.75,21557.104,35.85482198563123
2024-12-27,15,19948.75,21559.531,8.074597405852497
2024-12-28,15,19114.0,19889.863,4.059136137124621
2024-12-29,15,16994.25,19889.863,17.038782419053504
2024-12-30,15,20183.25,21559.54,6.8189665316537225
2024-12-31,15,18468.5,21559.54,16.736817080434253
2024-01-01,16,17334.0,23125.2,33.40947974356755
2024-01-02,16,22419.0,23125.197,3.1499944940675317
2024-01-03,16,23417.0,23125.197,1.246114935196652
2024-01-04,16,23935.0,23125.197,3.383341275851264
2024-01-05,16,24524.0,23125.197,5.703811508624205
2024-01-06,16,20593.0,20021.496,2.7752338476666827
2024-01-07,16,21025.0,20021.502,4.772880127824019
2024-01-08,16,27080.0,23125.197,14.604145991045051
2024-01-09,16,27442.0,23125.197,15.730641842340209
2024-01-10,16,27385.0,23125.197,15.55524095079423
2024-01-11,16,26961.0,23125.197,14.227227233318496
2024-01-12,16,26377.0,23125.197,12.328175055446032
2024-01-13,16,23250.0,21521.004,7.436542338709677
2024-01-14,16,20773.0,20021.496,3.6176955964473114
2024-01-15,16,25628.0,23125.197,9.765891737064928
2024-01-16,16,26397.0,23125.197,12.394600653009812
2024-01-17,16,25905.0,23125.197,10.730757515441034
2024-01-18,16,25744.0,23125.197,10.172477992444842
2024-01-19,16,25565.0,23125.197,9.54352722227655
2024-01-20,16,22044.0,20021.496,9.174849874115406
2024-01-21,16,19641.0,20021.496,1.9372541813044142
2024-01-22,16,24970.0,23125.197,7.388076629455346
2024-01-23,16,24774.0,23125.197,6.6553755323121
2024-01-24,16,24439.0,23125.197,5.37584489698842
2024-01-25,16,24418.0,23125.197,5.29446610850602
2024-01-26,16,24452.0,23125.197,5.426152193583347
2024-01-27,16,21239.0,20021.496,5.7323975057676915
2024-01-28,16,19651.0,20021.496,1.8853803559615288
2024-01-29,16,23747.0,23125.197,2.6184475275824313
2024-01-30,16,23702.0,23125.197,2.4335614478735974
2024-01-31,16,24428.0,23125.197,5.333235362596201
2024-02-01,16,24115.0,23125.197,4.104510613207547
2024-02-02,16,23914.0,23125.197,3.29849767657021
2024-02-03,16,20516.0,20021.496,2.4103329413628387
2024-02-04,16,18671.0,18477.55,1.0360945784907074
2024-02-05,16,23638.0,23125.197,2.1693998408283273
2024-02-06,16,23455.0,23125.197,1.4061084390321892
2024-02-07,16,23947.0,23125.197,3.4317565222157267
2024-02-08,16,24181.0,23125.197,4.3662492633679335
2024-02-09,16,23796.0,23125.197,2.818972660846361
2024-02-10,16,20341.0,20021.496,1.570738440833784
2024-02-11,16,18136.0,18477.55,1.8832751502536393
2024-02-12,16,22780.0,23125.197,1.5153523512949956
2024-02-13,16,23354.0,23125.197,0.979715399396249
2024-02-14,16,22995.0,23125.197,0.5661981544901065
2024-02-15,16,22930.0,23125.197,0.8512745993240296
2024-02-16,16,22104.0,23125.197,4.619965913974846
2024-02-17,16,19663.0,18477.55,6.028831911458068
2024-02-18,16,18111.0,18477.55,2.0239124358124894
2024-02-19,16,23221.0,23125.197,0.41256937416562595
2024-02-20,16,23112.0,23125.197,0.05710135697905849
2024-02-21,16,23169.0,23125.197,0.1890575094954465
2024-02-22,16,22734.0,23125.197,1.7207586241972377
2024-02-23,16,22783.0,23125.197,1.5019851012816574
2024-02-24,16,19425.0,18477.55,4.877473455598456
2024-02-25,16,17498.0,18477.55,5.598072815464625
2024-02-26,16,22037.0,21581.252,2.0681038565821117
2024-02-27,16,22394.0,21581.252,3.62931163202197
2024-02-28,16,23140.0,23125.197,0.06397033005617977
2024-02-29,16,22597.0,23125.197,2.337466325729079
2024-03-01,16,22193.0,23125.195,4.20040243545262
2024-03-02,16,19164.0,18477.55,3.5819725461803382
2024-03-03,16,16728.0,18477.55,10.4588162437231
2024-03-04,16,22177.0,21581.252,2.686332898385715
2024-03-05,16,23420.0,23125.197,1.2587648777754055
2024-03-06,16,23501.0,23125.197,1.5990925253180714
2024-03-07,16,23011.0,23125.197,0.49627250282473595
2024-03-08,16,22458.0,23125.197,2.9708667985795705
2024-03-09,16,19132.0,18477.55,3.4207046767196316
2024-03-10,16,17270.0,18477.553,6.992198809351477
2024-03-11,16,22646.0,21581.252,4.7017047022653005
2024-03-12,16,23200.0,21581.252,6.977362271012931
2024-03-13,16,22993.0,23125.197,0.5749457035836993
2024-03-14,16,22198.0,23125.197,4.17694056052347
2024-03-15,16,21692.0,21581.252,0.5105478834362899
2024-03-16,16,18652.0,18477.55,0.9352842523589964
2024-03-17,16,17270.0,18477.55,6.992187499999999
2024-03-18,16,23298.0,21581.252,7.368649870697055
2024-03-19,16,22451.0,21581.252,3.8739835502872926
2024-03-20,16,22425.0,21597.06,3.6920376950947604
2024-03-21,16,22148.0,21581.252,2.5589129802916744
2024-03-22,16,22399.0,21581.252,3.6508239067592303
2024-03-23,16,19469.0,18477.55,5.092450658739535
2024-03-24,16,17625.0,18477.55,4.83716755319149
2024-03-25,16,22473.0,21581.252,3.968086356405464
2024-03-26,16,21562.0,21581.252,0.08928649070123365
2024-03-27,16,21271.0,21581.252,1.4585677830144328
2024-03-28,16,21566.0,21581.252,0.07072221610405269
2024-03-29,16,20621.0,20081.744,2.6150810308665924
2024-03-30,16,16928.0,18477.55,9.15377351872637
2024-03-31,16,13649.0,18477.553,35.37660439867389
2024-04-01,16,14109.0,18477.559,30.96292149514494
2024-04-02,16,20429.0,21581.254,5.640285409222185
2024-04-03,16,21213.0,21581.252,1.7359730029934475
2024-04-04,16,20764.0,21581.252,3.9359080770805237
2024-04-05,16,20401.0,20081.744,1.5649029918876525
2024-04-06,16,17381.0,18477.55,6.308905018410909
2024-04-07,16,15761.0,18477.553,17.235916086384112
2024-04-08,16,20856.0,20081.744,3.7123890457182585
2024-04-09,16,20623.0,21581.252,4.646520647456723
2024-04-10,16,20901.0,21581.252,3.2546383097698675
2024-04-11,16,20199.0,21581.252,6.843170221916926
2024-04-12,16,20364.0,20081.744,1.3860531299106267
2024-04-13,16,17257.0,18477.55,7.072786586602538
2024-04-14,16,17174.0,18477.553,7.590268629177826
2024-04-15,16,21056.0,20081.744,4.626975016028685
2024-04-16,16,20894.0,21581.252,3.2892311339379727
2024-04-17,16,21781.0,21581.252,0.9170747296956062
2024-04-18,16,21330.0,21581.252,1.1779275814580403
2024-04-19,16,21382.0,20405.04,4.5690811780937235
2024-04-20,16,18687.0,18477.55,1.1208284837052496
2024-04-21,16,17323.0,18477.55,6.664843163712983
2024-04-22,16,22560.0,21581.252,4.338422193594858
2024-04-23,16,21295.0,21581.252,1.3442214281521485
2024-04-24,16,22123.0,21581.252,2.4488001033991775
2024-04-25,16,20767.0,21581.252,3.920893499903693
2024-04-26,16,20880.0,20081.744,3.8230644606082373
2024-04-27,16,17283.0,18477.55,6.911709664120812
2024-04-28,16,16551.0,18477.553,11.640098691166695
2024-04-29,16,19967.0,20081.744,0.574668906821255
2024-04-30,16,19351.0,21581.252,11.52525426657537
2024-05-01,16,15715.0,21581.252,37.32899747454661
2024-05-02,16,16704.0,21581.254,29.198119649485154
2024-05-03,16,15002.0,18477.553,23.16726259415411
2024-05-04,16,16671.0,18477.553,10.836498916531703
2024-05-05,16,15608.0,18477.553,18.385140532899797
2024-05-06,16,19922.0,20081.744,0.8018479099738981
2024-05-07,16,20253.0,21581.252,6.558297304720289
2024-05-08,16,19531.0,21581.252,10.497424367031897
2024-05-09,16,20257.0,21581.252,6.537256025694821
2024-05-10,16,19927.0,20081.744,0.776555129347117
2024-05-11,16,17358.0,18477.55,6.449768298479087
2024-05-12,16,15171.0,18477.553,21.795219394733373
2024-05-13,16,20217.0,20081.744,0.6690204252609191
2024-05-14,16,20033.0,21581.252,7.728507727874008
2024-05-15,16,19914.0,21581.252,8.37226048571357
2024-05-16,16,20075.0,21581.252,7.503123054171855
2024-05-17,16,20664.0,20081.744,2.817730639638986
2024-05-18,16,17512.0,18477.55,5.513652245603015
2024-05-19,16,15900.0,18477.553,16.21102348663522
2024-05-20,16,20887.0,20081.744,3.8552968802365104
2024-05-21,16,20595.0,21581.252,4.7887931688516625
2024-05-22,16,21534.0,21581.252,0.21942952133834864
2024-05-23,16,21286.0,21581.252,1.3870710942638353
2024-05-24,16,21184.0,20081.744,5.2032470703125
2024-05-25,16,17822.0,18477.55,3.6783233152844796
2024-05-26,16,15906.0,18477.55,16.16717453319502
2024-05-27,16,20405.0,20081.744,1.5841992618230827
2024-05-28,16,20877.0,21581.252,3.373338856756239
2024-05-29,16,20637.0,21581.252,4.5755291618210014
2024-05-30,16,15681.0,21581.252,37.62675819861616
2024-05-31,16,18437.0,18477.55,0.21994240521776864
2024-06-01,16,17237.0,18477.55,7.197022574984047
2024-06-02,16,15258.0,18477.553,21.10075196208546
2024-06-03,16,20172.0,20081.744,0.4474313869472536
2024-06-04,16,20868.0,21581.252,3.4179219528704237
2024-06-05,16,20370.0,21581.252,5.946254065414826
2024-06-06,16,20608.0,21581.252,4.722689989931094
2024-06-07,16,20403.0,20081.744,1.574552072611871
2024-06-08,16,16725.0,18477.55,10.478629484304932
2024-06-09,16,15701.0,18477.553,17.683922899019173
2024-06-10,16,20692.0,20081.744,2.949235740261937
2024-06-11,16,20829.0,21581.252,3.6115605796005568
2024-06-12,16,20525.0,21581.252,5.146172731425091
2024-06-13,16,21005.0,21581.252,2.743403728278981
2024-06-14,16,19859.75,20081.744,1.117809341129672
2024-06-15,16,17065.25,18477.55,8.275886853400918
2024-06-16,16,15284.5,18477.553,20.890789586672774
2024-06-17,16,20082.5,20081.744,0.0037637713183119627
2024-06-18,16,20506.75,21581.252,5.239747659307302
2024-06-19,16,20849.0,21581.252,3.5121682244951797
2024-06-20,16,20004.75,21581.252,7.880638114072908
2024-06-21,16,21079.5,20081.744,4.733299458597216
2024-06-22,16,17403.75,18477.55,6.169939129497953
2024-06-23,16,15492.75,18477.553,19.265803258782334
2024-06-24,16,20029.75,20081.744,0.25958457107552513
2024-06-25,16,20385.25,21581.252,5.866996740903349
2024-06-26,16,20999.0,21581.252,2.772760384423068
2024-06-27,16,21965.0,21581.252,1.7470887633735488
2024-06-28,16,20825.0,20081.744,3.5690557472989193
2024-06-29,16,18305.25,18477.55,0.9412642889335027
2024-06-30,16,17920.5,18477.55,3.108455574621244
2024-07-01,16,20140.0,20081.744,0.2892545152681231
2024-07-02,16,19159.75,21581.252,12.638484077949869
2024-07-03,16,19380.75,21581.252,11.354059843530308
2024-07-04,16,19323.75,21581.252,11.682525147163465
2024-07-05,16,19306.25,20081.744,4.016803577209453
2024-07-06,16,17339.5,18477.55,6.563342548804753
2024-07-07,16,15563.5,18477.553,18.723633722331094
2024-07-08,16,20481.75,20081.744,1.9529867290392668
2024-07-09,16,20729.75,21581.252,4.107632523908875
2024-07-10,16,21532.75,21581.252,0.22524737028479874
2024-07-11,16,21576.5,21581.252,0.022023744003893123
2024-07-12,16,21108.0,20081.744,4.861928460180974
2024-07-13,16,17353.0,18477.55,6.48044016164352
2024-07-14,16,15373.25,18477.553,20.19288526742881
2024-07-15,16,20559.5,20081.744,2.3237717812933196
2024-07-16,16,21081.0,21581.252,2.372999160974337
2024-07-17,16,20373.5,21581.252,5.928053368959678
2024-07-18,16,19718.75,21581.252,9.445334786053882
2024-07-19,16,19534.25,20081.744,2.802739499212921
2024-07-20,16,17561.0,18477.55,5.219240255395478
2024-07-21,16,15487.25,18477.553,19.308158222893024
2024-07-22,16,19902.25,20081.744,0.9018786349533344
2024-07-23,16,19453.75,21581.252,10.936204860888003
2024-07-24,16,19610.5,21581.252,10.049473257311133
2024-07-25,16,18845.0,21581.25,14.519766516317326
2024-07-26,16,19410.75,20081.744,3.456817179269219
2024-07-27,16,17203.75,18477.55,7.404204206931627
2024-07-28,16,14479.0,18477.553,27.616221661544305
2024-07-29,16,18654.75,20081.744,7.649494850507244
2024-07-30,16,18918.0,21581.252,14.077872677476478
2024-07-31,16,19618.75,21581.252,10.003195683338644
2024-08-01,16,19680.75,21581.25,9.656644182767424
2024-08-02,16,20223.0,20081.744,0.6984911208772191
2024-08-03,16,16369.0,18477.55,12.881365882155293
2024-08-04,16,15238.25,18477.553,21.25770829573606
2024-08-05,16,18427.75,20081.744,8.975562076894901
2024-08-06,16,18961.75,21581.252,13.814663483723812
2024-08-07,16,19575.75,21581.252,10.244828183466788
2024-08-08,16,19645.0,21581.25,9.856197505726648
2024-08-09,16,19317.5,20081.744,3.956226947715802
2024-08-10,16,16104.75,18477.55,14.733546197550412
2024-08-11,16,15168.0,18477.553,21.819308639075686
2024-08-12,16,19059.5,20081.744,5.3634362948923116
2024-08-13,16,19211.5,21581.252,12.335069896286079
2024-08-14,16,19338.5,21581.252,11.597341847221863
2024-08-15,16,15974.25,21580.896,35.098026413603144
2024-08-16,16,18746.0,20081.725,7.125384665395284
2024-08-17,16,17447.75,18477.55,5.902198170251179
2024-08-18,16,15767.25,18477.553,17.189444794590052
2024-08-19,16,20079.75,20081.744,0.00993110285237615
2024-08-20,16,20234.25,21581.252,6.657039194064519
2024-08-21,16,20397.0,21581.252,5.806010458033044
2024-08-22,16,19416.75,21581.252,11.147601700207295
2024-08-23,16,19990.0,20081.744,0.4589501782141071
2024-08-24,16,17466.75,18477.55,5.786999763837004
2024-08-25,16,16778.0,18477.55,10.129638700977472
2024-08-26,16,20048.75,20081.744,0.16456956481077373
2024-08-27,16,20812.75,21581.252,3.6924575230327563
2024-08-28,16,20966.25,21581.252,2.933294953198593
2024-08-29,16,21393.0,21581.252,0.8799698645585003
2024-08-30,16,21298.0,20081.744,5.710657617499296
2024-08-31,16,17194.5,18477.55,7.461983664834686
2024-09-01,16,15089.75,18477.553,22.45101962839013
2024-09-02,16,20349.75,20081.744,1.3169982892910232
2024-09-03,16,21115.0,21581.252,2.2081551178072463
2024-09-04,16,20946.75,21581.252,3.029118851969876
2024-09-05,16,20553.0,21581.252,5.00292878472729
2024-09-06,16,20482.25,20081.744,1.9553801919955083
2024-09-07,16,17994.25,18477.55,2.6858623240757464
2024-09-08,16,16255.25,18477.553,13.671292255578967
2024-09-09,16,20241.75,21581.135,6.61694154717354
2024-09-10,16,19643.5,21581.252,9.864596192760965
2024-09-11,16,19438.0,21581.252,11.02609297831567
2024-09-12,16,20117.0,21581.252,7.278679490604961
2024-09-13,16,20036.25,21581.252,7.711033517374759
2024-09-14,16,17105.75,18477.55,8.019530165295295
2024-09-15,16,15240.5,18477.553,21.239806662347036
2024-09-16,16,19862.5,21581.252,8.653250865324104
2024-09-17,16,19879.25,21581.252,8.561701035627602
2024-09-18,16,19784.25,21581.252,9.082992547733678
2024-09-19,16,19699.25,21581.252,9.553673125245885
2024-09-20,16,19548.5,20081.744,2.7278008063278514
2024-09-21,16,16778.25,18477.553,10.12800938342795
2024-09-22,16,14872.25,18477.553,24.241810986064653
2024-09-23,16,19817.75,21581.215,8.898410988886225
2024-09-24,16,20291.25,21581.252,6.3574296956816365
2024-09-25,16,19846.75,21581.252,8.739476000478668
2024-09-26,16,20209.0,21581.252,6.790301118932159
2024-09-27,16,19973.75,21581.252,8.048072861255399
2024-09-28,16,17288.5,18477.55,6.877697783208491
2024-09-29,16,15170.25,18477.553,21.801240812610207
2024-09-30,16,19525.75,21581.254,10.527144443875395
2024-10-01,16,20144.0,21581.252,7.134888567935861
2024-10-02,16,21251.5,21581.252,1.5516643678093311
2024-10-03,16,21299.5,23125.191,8.571522365548487
2024-10-04,16,21232.75,21581.252,1.6413415743368145
2024-10-05,16,18542.25,18477.55,0.34892862921166523
2024-10-06,16,16820.75,18477.55,9.849743806013405
2024-10-07,16,20138.5,21581.252,7.164148040444919
2024-10-08,16,20397.5,21581.252,5.803416855619561
2024-10-09,16,20720.0,21581.252,4.156621395390927
2024-10-10,16,20618.75,21581.252,4.668090709305851
2024-10-11,16,20555.75,21581.252,4.9888812284883794
2024-10-12,16,17844.0,18477.55,3.5504975411903157
2024-10-13,16,16413.25,18477.553,12.577050458471053
2024-10-14,16,20595.25,21581.252,4.787521166895279
2024-10-15,16,21088.5,21581.252,2.336590810749935
2024-10-16,16,20622.0,23125.197,12.138479612186014
2024-10-17,16,20461.25,23125.197,13.019474693017289
2024-10-18,16,20289.75,21581.252,6.3652925892384085
2024-10-19,16,17409.5,18477.55,6.13487338091272
2024-10-20,16,15865.0,18477.553,16.46739826268516
2024-10-21,16,20577.25,21581.252,4.8791843085203315
2024-10-22,16,20553.25,21581.252,5.001651578825733
2024-10-23,16,20878.75,23125.197,10.759491184218403
2024-10-24,16,20618.25,23125.197,12.158875101548386
2024-10-25,16,20677.75,23125.197,11.836139162263786
2024-10-26,16,18023.75,18477.55,2.51779336292392
2024-10-27,16,17100.5,18477.553,8.052704507909125
2024-10-28,16,21794.75,21581.252,0.9795847480471215
2024-10-29,16,22173.25,23109.518,4.222509456777875
2024-10-30,16,22333.5,23125.197,3.5448866752860053
2024-10-31,16,22149.25,23125.197,4.406231658521169
2024-11-01,16,15904.25,18477.55,16.179956811858464
2024-11-02,16,18132.0,20021.344,10.419941264063533
2024-11-03,16,17438.0,18479.668,5.9735518336391795
2024-11-04,16,22513.25,23125.197,2.718164927875806
2024-11-05,16,22784.0,23125.197,1.4975301335366924
2024-11-06,16,21820.25,23125.197,5.980441404773089
2024-11-07,16,23253.75,23125.197,0.552825821104123
2024-11-08,16,23219.75,23125.197,0.4072082359844529
2024-11-09,16,20379.0,20021.496,1.7542760010304728
2024-11-10,16,18432.5,20021.496,8.620621694018716
2024-11-11,16,18862.25,23125.197,22.60041758340071
2024-11-12,16,23789.25,23125.197,2.791398360078607
2024-11-13,16,23825.25,23125.197,2.938280749939665
2024-11-14,16,23366.0,23125.197,1.0305689222588377
2024-11-15,16,23026.75,23125.197,0.4275343486379971
2024-11-16,16,19959.25,20021.496,0.3118658955121059
2024-11-17,16,18248.75,20021.496,9.714342591958355
2024-11-18,16,23246.5,23125.197,0.5218107430150776
2024-11-19,16,23541.25,23125.197,1.7673349307067383
2024-11-20,16,23785.25,23125.197,2.775050648511157
2024-11-21,16,24175.5,23125.197,4.344492293334161
2024-11-22,16,24479.25,23125.197,5.531430637682935
2024-11-23,16,21266.5,21488.219,1.0425728258058449
2024-11-24,16,19001.0,20021.496,5.370749401347298
2024-11-25,16,23100.25,23125.197,0.10799565210333222
2024-11-26,16,23426.0,23125.197,1.284055043007769
2024-11-27,16,23380.75,23125.197,1.0930048624402553
2024-11-28,16,23603.75,23125.197,2.0274436662606576
2024-11-29,16,23678.5,23125.197,2.3367305123846527
2024-11-30,16,20645.25,20021.496,3.021295001271479
2024-12-01,16,18878.75,20021.496,6.05308134145534
2024-12-02,16,23623.75,23125.197,2.110387785067993
2024-12-03,16,23911.25,23125.197,3.28737616969
2024-12-04,16,23761.75,23125.197,2.6788966905846583
2024-12-05,16,23970.0,23125.197,3.524416914372132
2024-12-06,16,24317.25,23125.197,4.902086931602052
2024-12-07,16,20894.75,20021.496,4.179298178968401
2024-12-08,16,19277.75,20021.496,3.8580544604531126
2024-12-09,16,24238.0,23125.197,4.591149164019308
2024-12-10,16,24660.25,23125.197,6.224806051743189
2024-12-11,16,24386.25,23125.197,5.171162988876929
2024-12-12,16,24457.5,23125.197,5.447419950424205
2024-12-13,16,24285.5,23125.197,4.777759298243808
2024-12-14,16,21603.25,21521.004,0.3807116695404627
2024-12-15,16,19818.0,20021.496,1.026824572358462
2024-12-16,16,23409.5,23125.197,1.2144758938678741
2024-12-17,16,23181.25,23125.197,0.24180203558910757
2024-12-18,16,22957.5,23125.197,0.7304683246215834
2024-12-19,16,22702.0,23125.197,1.8641408934234869
2024-12-20,16,22508.0,23125.197,2.742123980917896
2024-12-21,16,20877.75,20021.496,4.101274832058052
2024-12-22,16,19604.25,20021.496,2.128345097364092
2024-12-23,16,21926.25,23125.197,5.468090830055299
2024-12-24,16,18316.0,23125.197,26.256809705312296
2024-12-25,16,15521.0,23125.2,48.992972223117064
2024-12-26,16,16465.25,23125.207,40.44856307222787
2024-12-27,16,20178.0,23125.2,14.606002669987115
2024-12-28,16,19620.0,20021.496,2.0463613340978593
2024-12-29,16,17766.75,20021.498,12.690830044183658
2024-12-30,16,20638.25,23125.197,12.05018480551888
2024-12-31,16,19093.0,23125.197,21.118720293432148
2024-01-01,17,17323.0,21952.932,26.72707753059516
2024-01-02,17,22290.0,23545.295,5.631650614064603
2024-01-03,17,23486.0,23545.295,0.2524692236864515
2024-01-04,17,23876.0,23545.295,1.3850941452714023
2024-01-05,17,24445.0,23545.295,3.6805280348742073
2024-01-06,17,20455.0,21952.932,7.323058619530677
2024-01-07,17,21256.0,21952.932,3.278752543399511
2024-01-08,17,27106.0,23545.295,13.136224740371135
2024-01-09,17,27610.0,23545.295,14.721858305414706
2024-01-10,17,27457.0,23545.295,14.246658695869904
2024-01-11,17,26888.0,23545.295,12.431958785052812
2024-01-12,17,26454.0,23545.295,10.99533181418689
2024-01-13,17,23127.0,21952.932,5.076613306416743
2024-01-14,17,21014.0,21952.932,4.468124301061197
2024-01-15,17,25507.0,23545.295,7.69084987699455
2024-01-16,17,26581.0,23545.295,11.420582664779353
2024-01-17,17,25981.0,23545.295,9.374947377410416
2024-01-18,17,25900.0,23545.295,9.091525398166024
2024-01-19,17,25925.0,23545.295,9.179190272420444
2024-01-20,17,22306.0,21952.932,1.582840309221734
2024-01-21,17,20360.0,21952.932,7.823829276154223
2024-01-22,17,25032.0,23545.295,5.939218113314957
2024-01-23,17,25038.0,23545.295,5.961758439671699
2024-01-24,17,24643.0,23545.295,4.4544295667126566
2024-01-25,17,24707.0,23545.295,4.701926895717812
2024-01-26,17,24686.0,21952.941,11.07128977456858
2024-01-27,17,21730.0,21952.932,1.025916431776346
2024-01-28,17,20356.0,21952.932,7.845016902264688
2024-01-29,17,24335.0,23545.295,3.245141064824327
2024-01-30,17,24196.0,23545.295,2.689308472991404
2024-01-31,17,24776.0,23545.295,4.967327567504844
2024-02-01,17,24594.0,23545.295,4.264068789643815
2024-02-02,17,24079.0,21952.932,8.829554214772207
2024-02-03,17,21023.0,21952.932,4.423401230200257
2024-02-04,17,19309.0,19052.326,1.3292963287845045
2024-02-05,17,23820.0,23545.295,1.1532538964105794
2024-02-06,17,23914.0,23545.295,1.5417959275947144
2024-02-07,17,24605.0,23545.295,4.3068688401747615
2024-02-08,17,24777.0,23545.295,4.971163087238165
2024-02-09,17,24352.0,21952.932,9.85162762555437
2024-02-10,17,20930.0,21952.932,4.887394365145724
2024-02-11,17,18972.0,19052.326,0.42339327364010126
2024-02-12,17,23523.0,22234.135,5.479170320005951
2024-02-13,17,24147.0,23545.295,2.491841960181389
2024-02-14,17,23762.0,23545.295,0.9119816434853968
2024-02-15,17,23708.0,23545.295,0.686287658701704
2024-02-16,17,22908.0,21952.932,4.169147718591758
2024-02-17,17,20269.0,19052.326,6.002633717129607
2024-02-18,17,19157.0,19052.326,0.5463998962520228
2024-02-19,17,23605.0,23545.295,0.25293403145520016
2024-02-20,17,23875.0,23545.295,1.3809636780104713
2024-02-21,17,23717.0,23545.295,0.7239746937850488
2024-02-22,17,23314.0,23545.295,0.9920859649781246
2024-02-23,17,23303.0,21952.932,5.793538854975754
2024-02-24,17,20038.0,19052.326,4.919022996930831
2024-02-25,17,18394.0,19052.326,3.5790267036805483
2024-02-26,17,22640.0,20641.998,8.825096966099823
2024-02-27,17,23160.0,22234.361,3.996712745574266
2024-02-28,17,23578.0,23545.295,0.138710145580626
2024-02-29,17,23203.0,23545.295,1.4752183850148688
2024-03-01,17,22454.0,21952.932,2.2315327308052018
2024-03-02,17,19759.0,19052.326,3.576465550508629
2024-03-03,17,17691.0,19052.326,7.695021038239783
2024-03-04,17,22685.0,20641.951,9.006166313092352
2024-03-05,17,23643.0,23545.295,0.41325160988453247
2024-03-06,17,23718.0,23545.295,0.7281603766126992
2024-03-07,17,23575.0,23545.295,0.12600245227995757
2024-03-08,17,22799.0,21952.932,3.7109889002807144
2024-03-09,17,19742.0,19052.326,3.493434444965049
2024-03-10,17,17907.0,19052.326,6.395969017004523
2024-03-11,17,23146.0,20048.582,13.382087482718397
2024-03-12,17,23427.0,22234.363,5.090864040423443
2024-03-13,17,23149.0,23545.295,1.7119310634368654
2024-03-14,17,22638.0,23545.295,4.007840453551551
2024-03-15,17,21955.0,20634.87,6.0128939165338195
2024-03-16,17,18768.0,19052.326,1.5149518961796675
2024-03-17,17,17943.0,19052.326,6.182501097224544
2024-03-18,17,23658.0,22234.361,6.017578290113281
2024-03-19,17,23041.0,23506.28,2.0193537471246907
2024-03-20,17,22913.0,23545.295,2.7595466410989395
2024-03-21,17,22515.0,23545.295,4.576037849766823
2024-03-22,17,22528.0,19062.828,15.381622314453125
2024-03-23,17,19693.0,19052.326,3.253307409358655
2024-03-24,17,18204.0,19052.326,4.660108612804878
2024-03-25,17,22716.0,19783.457,12.90959222024124
2024-03-26,17,21850.0,22234.361,1.7590907465675056
2024-03-27,17,21485.0,22234.361,3.4878348993483828
2024-03-28,17,21792.0,22234.361,2.0299253309700807
2024-03-29,17,20499.0,19052.326,7.057289761085907
2024-03-30,17,16981.0,19052.326,12.197904551410401
2024-03-31,17,13675.0,19052.326,39.32231204296161
2024-04-01,17,14496.0,19052.334,31.431663799496413
2024-04-02,17,20302.0,20644.691,1.6879687038222835
2024-04-03,17,21291.0,22234.361,4.430798591541027
2024-04-04,17,20891.0,22234.361,6.430335207146618
2024-04-05,17,20405.0,19052.326,6.6291292728497915
2024-04-06,17,17558.0,19052.326,8.5107994753104
2024-04-07,17,16461.0,19052.326,15.74221597639876
2024-04-08,17,20878.0,19052.326,8.7444861965945
2024-04-09,17,21019.0,20644.69,1.7808199575384174
2024-04-10,17,20897.0,20648.49,1.1892126411685888
2024-04-11,17,20746.0,20644.69,0.4883377367926347
2024-04-12,17,20563.0,19052.326,7.346563381437534
2024-04-13,17,17648.0,19052.326,7.9574239113497285
2024-04-14,17,17484.0,19052.326,8.970065041609471
2024-04-15,17,21201.0,19052.326,10.13477585078534
2024-04-16,17,21093.0,20644.69,2.1253996438391884
2024-04-17,17,21644.0,22234.361,2.7275980785668086
2024-04-18,17,21567.0,22234.361,3.0943632778086894
2024-04-19,17,21634.0,19052.326,11.933409578094665
2024-04-20,17,18881.0,19052.326,0.9073998828187065
2024-04-21,17,17616.0,19052.326,8.15353185669278
2024-04-22,17,22418.0,20644.69,7.9102085238424475
2024-04-23,17,21645.0,20644.69,4.621439348001848
2024-04-24,17,22007.0,22234.361,1.0331318586131686
2024-04-25,17,21263.0,20647.36,2.895361073225791
2024-04-26,17,21148.0,19052.326,9.909560375094571
2024-04-27,17,17732.0,19052.326,7.446008187880667
2024-04-28,17,16608.0,19052.326,14.7177635589776
2024-04-29,17,20557.0,19052.326,7.319520494843605
2024-04-30,17,19762.0,20644.69,4.466599803284081
2024-05-01,17,16357.0,20644.691,26.213189498379897
2024-05-02,17,16987.0,20644.691,21.532297676164124
2024-05-03,17,15312.0,19052.326,24.42741752791928
2024-05-04,17,17036.0,19052.326,11.835678397951398
2024-05-05,17,16172.0,19052.326,17.8105748941071
2024-05-06,17,20370.0,19052.326,6.468698223490427
2024-05-07,17,20249.0,20644.69,1.95411849041928
2024-05-08,17,19912.0,20644.69,3.679637671379068
2024-05-09,17,20674.0,20644.69,0.14177491958498598
2024-05-10,17,20141.0,19052.326,5.405262043220297
2024-05-11,17,17385.0,19052.326,9.590602081535806
2024-05-12,17,16050.0,19052.326,18.70608206775701
2024-05-13,17,20936.0,19052.33,8.997277043728506
2024-05-14,17,20329.0,20644.69,1.5529020272763048
2024-05-15,17,20467.0,20644.69,0.8681753707187179
2024-05-16,17,20625.0,20644.69,0.09546401515151515
2024-05-17,17,21033.0,19052.326,9.416982019326772
2024-05-18,17,18143.0,19052.326,5.011994553684616
2024-05-19,17,16686.0,19052.326,14.181506483728876
2024-05-20,17,21186.0,20644.691,2.555029707117908
2024-05-21,17,20703.0,20644.69,0.2816526439404917
2024-05-22,17,21288.0,20644.69,3.0219398105740325
2024-05-23,17,21238.0,20644.69,2.7936272100715698
2024-05-24,17,21029.0,19052.326,9.399751905107232
2024-05-25,17,18148.0,19052.326,4.983062441453604
2024-05-26,17,16494.0,19052.326,15.510647337668242
2024-05-27,17,20772.0,20644.688,0.6129043905257077
2024-05-28,17,20975.0,20644.69,1.5747821066746124
2024-05-29,17,20632.0,20644.69,0.06150374721306708
2024-05-30,17,15817.0,20644.691,30.522168592337355
2024-05-31,17,18566.0,19052.326,2.619445070963051
2024-06-01,17,17132.0,19052.326,11.209001703683166
2024-06-02,17,15879.0,19052.326,19.98442075618742
2024-06-03,17,20140.0,20644.691,2.505915621896723
2024-06-04,17,20747.0,20644.69,0.4931341730129657
2024-06-05,17,20623.0,20644.69,0.10517118326625612
2024-06-06,17,20636.0,20644.69,0.042108224098662536
2024-06-07,17,20554.0,19052.326,7.305993130899095
2024-06-08,17,16928.0,19052.326,12.549185797938328
2024-06-09,17,16239.0,19052.326,17.324503798725292
2024-06-10,17,20652.0,20644.691,0.035389278278132874
2024-06-11,17,20647.0,20644.69,0.011190714752748583
2024-06-12,17,20332.0,20644.69,1.537917829652764
2024-06-13,17,20909.0,20644.69,1.2640994159213734
2024-06-14,17,19778.0,19052.326,3.669096107417332
2024-06-15,17,17222.75,19052.326,10.623019969952534
2024-06-16,17,15540.5,19052.326,22.59789692657894
2024-06-17,17,20525.75,20644.691,0.5794741056965032
2024-06-18,17,20543.25,20644.69,0.4937848350431407
2024-06-19,17,20900.75,20644.69,1.2251261168857577
2024-06-20,17,20084.0,20644.69,2.791722033086039
2024-06-21,17,20954.0,20272.863,3.250628609096115
2024-06-22,17,17438.5,19052.326,9.25438639719586
2024-06-23,17,15865.5,19052.326,20.08651584806656
2024-06-24,17,19964.5,20644.691,3.407004464173909
2024-06-25,17,20580.75,20644.69,0.3106760109568407
2024-06-26,17,20996.0,20644.69,1.6732260758001525
2024-06-27,17,21647.25,20644.69,4.631352928778482
2024-06-28,17,21370.5,20644.69,3.396319912379214
2024-06-29,17,18486.0,19052.326,3.0635409059558585
2024-06-30,17,18645.75,19052.326,2.1805299967821083
2024-07-01,17,20349.0,20644.69,1.453090830630498
2024-07-02,17,19588.25,20644.69,5.393230396411114
2024-07-03,17,19324.5,20644.69,6.831687511319827
2024-07-04,17,19290.0,20644.69,7.022755070632453
2024-07-05,17,19279.25,19052.326,1.1770365969889907
2024-07-06,17,17846.0,19052.326,6.759644580718368
2024-07-07,17,15823.5,19052.326,20.4052590885392
2024-07-08,17,20615.0,20644.691,0.144028165170992
2024-07-09,17,20926.0,20644.69,1.344311129097773
2024-07-10,17,21890.25,20644.69,5.6900243116227545
2024-07-11,17,21627.5,20644.69,4.544263307710091
2024-07-12,17,20833.75,20644.69,0.907472475550489
2024-07-13,17,17412.0,19052.326,9.420664897053756
2024-07-14,17,15802.25,19052.326,20.567173483997532
2024-07-15,17,20779.25,20644.691,0.64756232178736
2024-07-16,17,20810.25,20644.69,0.7955721189077497
2024-07-17,17,20035.0,20644.69,3.0431218024706763
2024-07-18,17,19754.25,20644.69,4.507584206563145
2024-07-19,17,19860.5,20644.69,3.948487969210242
2024-07-20,17,17803.0,19052.326,7.0175036335168235
2024-07-21,17,16424.0,19052.326,16.002960130753774
2024-07-22,17,20071.0,20644.691,2.8583100306412237
2024-07-23,17,19779.75,20644.69,4.372853312731455
2024-07-24,17,19377.5,20644.69,6.539488856276609
2024-07-25,17,19074.25,20644.69,8.233295952003356
2024-07-26,17,19471.25,20644.69,6.026523480130963
2024-07-27,17,17316.25,19052.326,10.025705172164875
2024-07-28,17,14559.25,19052.326,30.860629303535553
2024-07-29,17,18900.0,20644.691,9.231171461640212
2024-07-30,17,19141.5,20644.69,7.853038963116789
2024-07-31,17,19606.75,20644.69,5.293786339525928
2024-08-01,17,19594.0,20644.69,5.36230199614678
2024-08-02,17,19872.25,20644.69,3.8870256419127176
2024-08-03,17,16514.5,19052.326,15.367260116110085
2024-08-04,17,15554.25,19052.326,22.489520046771784
2024-08-05,17,18607.25,20644.691,10.949718019857851
2024-08-06,17,18985.0,20644.69,8.742109313273637
2024-08-07,17,19610.5,20644.69,5.2736516311414805
2024-08-08,17,19619.5,20644.69,5.225359734575295
2024-08-09,17,19392.5,20644.69,6.457081104163981
2024-08-10,17,16542.0,19052.326,15.175469543434893
2024-08-11,17,15471.0,19052.326,23.148640500775645
2024-08-12,17,19149.25,20644.691,7.809399356371658
2024-08-13,17,19440.75,20644.69,6.192865260470918
2024-08-14,17,19481.25,20644.69,5.972098572345204
2024-08-15,17,16347.75,20644.691,26.284604341576056
2024-08-16,17,19272.5,20644.69,7.119934897522376
2024-08-17,17,17560.25,19052.326,8.496895954641875
2024-08-18,17,16123.75,19052.326,18.163120687650206
2024-08-19,17,19883.25,20644.691,3.8295621000088014
2024-08-20,17,20280.0,20644.69,1.7982714651134122
2024-08-21,17,19981.5,20644.69,3.3190173566799293
2024-08-22,17,19546.0,20644.69,5.621044986825948
2024-08-23,17,20213.75,20644.69,2.131912451301713
2024-08-24,17,17667.25,19052.326,7.839794941912295
2024-08-25,17,16862.75,19052.326,12.984692128359846
2024-08-26,17,20048.0,20644.691,2.976313877942937
2024-08-27,17,20668.0,20644.69,0.11278569225372556
2024-08-28,17,21166.25,20644.69,2.4641140819701173
2024-08-29,17,21516.5,20644.69,4.051823237399206
2024-08-30,17,21300.5,20644.69,3.0788504817962017
2024-08-31,17,17215.25,19052.326,10.671214021724925
2024-09-01,17,15559.25,19052.326,22.450157763870365
2024-09-02,17,20404.0,20644.691,1.1796285348461086
2024-09-03,17,21072.0,20644.69,2.027859466946659
2024-09-04,17,20924.75,20644.69,1.3384176483590007
2024-09-05,17,20587.5,20644.69,0.27778726472374016
2024-09-06,17,20755.5,20644.69,0.5338852201826022
2024-09-07,17,18358.5,19052.326,3.7793184185799493
2024-09-08,17,16615.25,19052.326,14.667706907058275
2024-09-09,17,19980.25,20644.691,3.325490953566647
2024-09-10,17,19876.75,20644.69,3.8635061221024567
2024-09-11,17,19535.75,20644.69,5.676462143122225
2024-09-12,17,20035.75,20644.69,3.0392645801879143
2024-09-13,17,19932.0,20644.69,3.575604320314068
2024-09-14,17,16965.5,19052.326,12.30041066797324
2024-09-15,17,15498.0,19052.326,22.934095830913666
2024-09-16,17,19807.5,20644.691,4.226638426101224
2024-09-17,17,19919.25,20644.69,3.6419014426999006
2024-09-18,17,19845.5,20644.69,4.027056275352095
2024-09-19,17,19893.0,20644.69,3.7786631132810533
2024-09-20,17,19951.75,20644.69,3.4730760616236673
2024-09-21,17,17328.25,19052.326,9.949511184770534
2024-09-22,17,15740.5,19052.326,21.040158647279313
2024-09-23,17,19847.0,20644.691,4.019203941401723
2024-09-24,17,20196.5,20644.69,2.219144174114327
2024-09-25,17,19909.5,20644.69,3.6926565364524473
2024-09-26,17,20055.75,20644.69,2.9365117391521136
2024-09-27,17,19856.75,20644.69,3.9681189173706675
2024-09-28,17,17422.25,19052.326,9.356289640402359
2024-09-29,17,15640.0,19052.326,21.8179422754156
2024-09-30,17,20002.0,20644.691,3.2131357176782323
2024-10-01,17,20371.75,20647.29,1.3525547019770026
2024-10-02,17,21219.75,22234.361,4.7814480760847795
2024-10-03,17,21294.25,22234.361,4.414860012092467
2024-10-04,17,21221.75,20644.69,2.719193972575306
2024-10-05,17,18595.5,19052.326,2.4566490380737274
2024-10-06,17,17191.25,19052.326,10.825717570711845
2024-10-07,17,20528.25,20644.691,0.5672251957668091
2024-10-08,17,20504.0,20644.69,0.686156131120757
2024-10-09,17,20749.75,22234.361,7.154839591440861
2024-10-10,17,20833.25,22234.361,6.725361276445106
2024-10-11,17,20873.5,20644.69,1.0961771953673318
2024-10-12,17,17975.0,19052.326,5.9934696627260085
2024-10-13,17,16761.25,19052.326,13.668886102617645
2024-10-14,17,20852.25,20644.691,0.9953774472778718
2024-10-15,17,21253.5,22234.361,4.615057887524408
2024-10-16,17,21033.0,22234.361,5.711792555151429
2024-10-17,17,20836.25,22337.002,7.20260101085848
2024-10-18,17,20740.0,20644.69,0.45954940634040503
2024-10-19,17,18005.5,19052.326,5.813924477937297
2024-10-20,17,16587.5,19052.326,14.8595398455162
2024-10-21,17,20959.5,20644.691,1.5019852274624872
2024-10-22,17,21117.75,22234.361,5.2875487593375246
2024-10-23,17,21371.5,22234.361,4.037439244437686
2024-10-24,17,21176.75,23622.174,11.547682378670004
2024-10-25,17,21102.5,22234.361,5.363636195356
2024-10-26,17,18502.0,19052.326,2.974414505864231
2024-10-27,17,17754.75,19052.326,7.308332541291768
2024-10-28,17,22102.0,20644.69,6.593568667428287
2024-10-29,17,22218.25,22234.361,0.07251393842899419
2024-10-30,17,22244.25,22248.666,0.01985239162929746
2024-10-31,17,22034.0,23545.332,6.859090638331669
2024-11-01,17,16417.75,19052.326,16.047120780100805
2024-11-02,17,18491.0,19052.326,3.0356723372181063
2024-11-03,17,17891.5,19052.326,6.488143374647179
2024-11-04,17,22716.75,22234.361,2.1234933336634865
2024-11-05,17,23000.5,23545.295,2.368622081585183
2024-11-06,17,21989.75,23545.295,7.073954555531555
2024-11-07,17,23238.0,23673.96,1.8760691001807384
2024-11-08,17,23181.75,23545.295,1.5682376087870846
2024-11-09,17,20242.75,19083.217,5.728140707784268
2024-11-10,17,18485.75,19052.326,3.064934730129965
2024-11-11,17,19011.0,22234.361,16.95524342814686
2024-11-12,17,23641.5,23545.295,0.40693305469196117
2024-11-13,17,23695.25,23545.295,0.6328486853905319
2024-11-14,17,23218.0,23545.33,1.4098116897450255
2024-11-15,17,22843.0,23545.295,3.074442594558508
2024-11-16,17,19914.0,19052.326,4.32697513369991
2024-11-17,17,18456.5,19052.326,3.2282728137783434
2024-11-18,17,23094.25,22681.857,1.785693746820096
2024-11-19,17,23422.25,23545.295,0.5253334836533637
2024-11-20,17,23522.5,23545.295,0.09690688436603252
2024-11-21,17,23834.5,23545.299,1.2133720945478192
2024-11-22,17,24207.75,23545.295,2.736541306503083
2024-11-23,17,21071.25,21952.932,4.184287313875541
2024-11-24,17,19022.0,19053.55,0.1658646895699716
2024-11-25,17,22889.5,22234.361,2.862179916009524
2024-11-26,17,23175.5,23545.295,1.5956286676662854
2024-11-27,17,23188.5,23545.295,1.538671849731548
2024-11-28,17,23324.75,23545.295,0.945540346091598
2024-11-29,17,23340.5,23545.295,0.8774230281056533
2024-11-30,17,20344.25,21952.932,7.9073037375425494
2024-12-01,17,19031.25,20642.633,8.467036124794745
2024-12-02,17,23406.5,23545.295,0.592975976224553
2024-12-03,17,23648.0,23545.295,0.4343076713675575
2024-12-04,17,23462.75,23545.295,0.35181264717477706
2024-12-05,17,23840.0,23545.295,1.2361790189807047
2024-12-06,17,23811.25,23545.295,1.116930350674576
2024-12-07,17,20631.0,21952.932,6.407501529857981
2024-12-08,17,19326.5,21952.932,13.589794534059452
2024-12-09,17,23838.5,23545.295,1.229964461375506
2024-12-10,17,24397.75,23545.295,3.493990544722362
2024-12-11,17,24084.0,23545.295,2.236775776968112
2024-12-12,17,24248.25,23545.295,2.8989930330023816
2024-12-13,17,24035.5,23545.295,2.039504391941087
2024-12-14,17,21311.5,21952.932,3.00979114855829
2024-12-15,17,19747.0,21952.932,11.170970986099155
2024-12-16,17,23093.5,23545.295,1.956372667092472
2024-12-17,17,22909.0,23545.295,2.777488855362521
2024-12-18,17,22733.0,23545.295,3.5731972105529404
2024-12-19,17,22431.0,23545.295,4.967656020128394
2024-12-20,17,22171.5,21952.932,0.9858077233159688
2024-12-21,17,20723.5,21952.932,5.932548269476682
2024-12-22,17,19726.0,21952.932,11.289321913337726
2024-12-23,17,21807.5,23545.295,7.968794781038634
2024-12-24,17,16794.25,23545.295,40.19854963380324
2024-12-25,17,15595.25,23718.037,52.08500735400202
2024-12-26,17,16533.0,24528.555,48.36118482731507
2024-12-27,17,19856.0,21952.932,10.560695208627115
2024-12-28,17,19447.75,21952.932,12.881601422401049
2024-12-29,17,17920.5,21952.932,22.50178086897687
2024-12-30,17,20529.0,23544.354,14.688263021213894
2024-12-31,17,18813.75,23545.295,25.1493982957943
2024-01-01,18,17263.0,23664.393,37.081576655998376
2024-01-02,18,21949.0,23664.393,7.815356408606315
2024-01-03,18,23186.0,23664.393,2.0632820586776504
2024-01-04,18,23716.0,23664.393,0.21760592796002698
2024-01-05,18,24032.0,23664.393,1.5296580470830559
2024-01-06,18,20209.0,20756.836,2.7108512915037855
2024-01-07,18,21490.0,20756.836,3.411652221963704
2024-01-08,18,26694.0,23664.393,11.349394702461227
2024-01-09,18,27337.0,23664.393,13.43456641868164
2024-01-10,18,27136.0,23664.393,12.793364614810585
2024-01-11,18,26504.0,23664.393,10.713882515375039
2024-01-12,18,26028.0,23664.393,9.081018218360997
2024-01-13,18,22841.0,23664.393,3.604888481787137
2024-01-14,18,21089.0,20756.836,1.5750583835174736
2024-01-15,18,25236.0,23664.393,6.227640758737517
2024-01-16,18,26165.0,23664.393,9.557070215459582
2024-01-17,18,25601.0,23664.393,7.564577250400376
2024-01-18,18,25473.0,23664.393,7.100095873572017
2024-01-19,18,25438.0,23664.393,6.972275422104725
2024-01-20,18,22101.0,22191.805,0.41086234785756304
2024-01-21,18,20546.0,20756.836,1.0261653728219606
2024-01-22,18,24579.0,23664.393,3.721092891797876
2024-01-23,18,24772.0,23664.393,4.471207096217503
2024-01-24,18,24303.0,23664.393,2.6276896756573263
2024-01-25,18,24530.0,23664.393,3.528770574296779
2024-01-26,18,24399.0,23664.393,3.010809549059388
2024-01-27,18,21431.0,20756.836,3.1457424408567034
2024-01-28,18,20469.0,20756.836,1.4062041990326835
2024-01-29,18,24142.0,23664.393,1.978325829985088
2024-01-30,18,23947.0,23664.393,1.180137060487744
2024-01-31,18,24392.0,23664.393,2.982975655440308
2024-02-01,18,24410.0,23664.393,3.0545162715075787
2024-02-02,18,23973.0,23664.393,1.2873124843574022
2024-02-03,18,20875.0,20756.836,0.566055389221557
2024-02-04,18,19350.0,20756.836,7.27046996124031
2024-02-05,18,23528.0,23664.393,0.5797032392256035
2024-02-06,18,23624.0,23664.393,0.1709811129571622
2024-02-07,18,24383.0,23664.393,2.94716573791166
2024-02-08,18,24589.0,23664.393,3.760248167371589
2024-02-09,18,24086.0,23664.393,1.7504252340571287
2024-02-10,18,20804.0,20756.836,0.22670670303787735
2024-02-11,18,19180.0,20756.836,8.221250977580812
2024-02-12,18,23508.0,23664.393,0.6652738562404288
2024-02-13,18,24098.0,23664.393,1.7993502443148808
2024-02-14,18,23677.0,23664.393,0.05324754772564092
2024-02-15,18,23727.0,23664.393,0.26386573049690226
2024-02-16,18,23051.0,23664.393,2.6610237218558845
2024-02-17,18,20500.0,20756.836,1.2528582317073171
2024-02-18,18,19642.0,20756.836,5.675776079319824
2024-02-19,18,23611.0,23664.393,0.22613433622040574
2024-02-20,18,23970.0,23664.393,1.2749579552565706
2024-02-21,18,23642.0,23664.393,0.09471524458590644
2024-02-22,18,23496.0,23664.393,0.71668615136619
2024-02-23,18,23509.0,23664.393,0.6609918674762857
2024-02-24,18,20380.0,20756.836,1.8490477796859666
2024-02-25,18,19223.0,20756.836,7.979170459865786
2024-02-26,18,22822.0,23664.393,3.6911426611383753
2024-02-27,18,23567.0,23664.393,0.4132582769338482
2024-02-28,18,23746.0,23664.393,0.34366807830792556
2024-02-29,18,23639.0,23664.393,0.10741815696518466
2024-03-01,18,22814.0,23664.393,3.7275031915709653
2024-03-02,18,20238.0,20756.836,2.5636719908093686
2024-03-03,18,18761.0,19286.246,2.799670026917542
2024-03-04,18,23313.0,23664.393,1.5072816802856774
2024-03-05,18,24036.0,23664.393,1.5460451900274588
2024-03-06,18,24026.0,23664.393,1.5050671017855657
2024-03-07,18,24363.0,23664.393,2.867493419837458
2024-03-08,18,23582.0,23664.393,0.3493875757993385
2024-03-09,18,20422.0,20756.836,1.6395844554891785
2024-03-10,18,18987.0,19286.246,1.5760577961236637
2024-03-11,18,23667.0,23664.393,0.011017120357459755
2024-03-12,18,24051.0,23664.393,1.6074484298989646
2024-03-13,18,23826.0,23664.393,0.6782818008687989
2024-03-14,18,23518.0,23664.393,0.6224703551534995
2024-03-15,18,22751.0,23664.393,4.014735959408378
2024-03-16,18,19983.0,19286.246,3.4867332545163388
2024-03-17,18,19156.0,19286.246,0.679923229014408
2024-03-18,18,24375.0,23664.393,2.9153124999999998
2024-03-19,18,24003.0,23664.393,1.4106879218222723
2024-03-20,18,23947.0,23664.393,1.180137060487744
2024-03-21,18,23382.0,23664.393,1.2077349162817552
2024-03-22,18,23182.0,23654.791,2.0394746597575706
2024-03-23,18,20427.0,19286.246,5.584539610564449
2024-03-24,18,19317.0,19286.246,0.1592064308640058
2024-03-25,18,23827.0,22193.803,6.85439738794225
2024-03-26,18,22759.0,22193.803,2.4834011407575027
2024-03-27,18,22418.0,22193.803,1.00007701679454
2024-03-28,18,22263.0,22193.803,0.3108173454835377
2024-03-29,18,20698.0,22193.803,7.226798407454826
2024-03-30,18,17541.0,17906.213,2.0820528511772416
2024-03-31,18,13430.0,17906.215,33.32996905249442
2024-04-01,18,14913.0,17906.225,20.07124394404211
2024-04-02,18,20323.0,20813.77,2.414847863258377
2024-04-03,18,21679.0,22193.803,2.374660890147147
2024-04-04,18,21216.0,22193.803,4.608798710289404
2024-04-05,18,20639.0,20813.771,0.8468020949416153
2024-04-06,18,17919.0,17906.213,0.0713606193146939
2024-04-07,18,16835.0,17906.213,6.363010933323434
2024-04-08,18,21016.0,20784.867,1.0997945018081463
2024-04-09,18,20956.0,20813.77,0.6787100054876885
2024-04-10,18,21042.0,20813.77,1.0846424710103604
2024-04-11,18,21022.0,20813.77,0.9905359563790316
2024-04-12,18,20603.0,20813.77,1.0230040831432317
2024-04-13,18,17817.0,17906.213,0.5007178011169109
2024-04-14,18,17351.0,17906.213,3.199889865857876
2024-04-15,18,21200.0,20813.77,1.821841833726415
2024-04-16,18,20987.0,20813.77,0.8254179670748558
2024-04-17,18,21688.0,22147.137,2.117008109323128
2024-04-18,18,21703.0,22193.746,2.2611901292448047
2024-04-19,18,22028.0,22193.787,0.7526198900263301
2024-04-20,18,19144.0,17906.213,6.465666053985583
2024-04-21,18,17937.0,17906.213,0.17164023735853265
2024-04-22,18,22459.0,22193.201,1.1834846971147424
2024-04-23,18,21896.0,20813.77,4.942594395094995
2024-04-24,18,22195.0,20813.77,6.2231604809641805
2024-04-25,18,21345.0,20813.77,2.488781769735301
2024-04-26,18,21238.0,20813.77,1.9975066802429609
2024-04-27,18,17925.0,17906.213,0.10480953626220363
2024-04-28,18,17041.0,17906.213,5.077242477700839
2024-04-29,18,20698.0,19378.71,6.373992958256837
2024-04-30,18,20169.0,20813.77,3.1968344055233278
2024-05-01,18,16281.0,20813.77,27.840854562066212
2024-05-02,18,17444.0,20813.773,19.317664741458383
2024-05-03,18,15995.0,19378.703,21.154755392310097
2024-05-04,18,17498.0,17906.217,2.3329340317464853
2024-05-05,18,16739.0,17906.213,6.973014460989306
2024-05-06,18,20370.0,19378.697,4.866483722999509
2024-05-07,18,20241.0,20813.77,2.8297491786472997
2024-05-08,18,20036.0,20813.77,3.8818603076961473
2024-05-09,18,21186.0,20813.77,1.756964357358633
2024-05-10,18,20389.0,20813.77,2.0833269471283535
2024-05-11,18,17515.0,17906.213,2.233587728375678
2024-05-12,18,16978.0,17906.213,5.467150963747202
2024-05-13,18,21540.0,19792.66,8.1120698409935
2024-05-14,18,20495.0,20813.77,1.5553526774823128
2024-05-15,18,21113.0,20813.77,1.417280674229148
2024-05-16,18,21022.0,20813.77,0.9905359563790316
2024-05-17,18,21236.0,20813.77,1.9882768353268034
2024-05-18,18,17938.0,17906.213,0.17720542632957964
2024-05-19,18,16887.0,17906.213,6.035488189879789
2024-05-20,18,21477.0,20813.77,3.08809642291754
2024-05-21,18,20957.0,20813.77,0.6834492949849692
2024-05-22,18,21224.0,20813.77,1.9328612361006408
2024-05-23,18,21163.0,20813.77,1.6501935866843076
2024-05-24,18,20968.0,20813.77,0.7355516441720718
2024-05-25,18,18097.0,17906.213,1.0542471645852904
2024-05-26,18,17202.0,17906.213,4.093784970497617
2024-05-27,18,20960.0,20813.762,0.6977017235209924
2024-05-28,18,21328.0,20813.77,2.411058086787322
2024-05-29,18,20653.0,20813.77,0.7784318561468068
2024-05-30,18,16173.0,20813.77,28.694549751128424
2024-05-31,18,18680.0,20813.771,11.422759552328694
2024-06-01,18,17172.0,17906.213,4.275639940746564
2024-06-02,18,16398.0,17906.215,9.197553626966704
2024-06-03,18,20352.0,20812.402,2.262197050658412
2024-06-04,18,20666.0,20813.77,0.7150369265944063
2024-06-05,18,20828.0,20813.77,0.06832374087766468
2024-06-06,18,20869.0,20813.77,0.2646531637836025
2024-06-07,18,20522.0,20813.77,1.4217402360881006
2024-06-08,18,17274.0,17906.213,3.659910215497279
2024-06-09,18,17021.0,17906.213,5.200710243963339
2024-06-10,18,20746.0,20813.77,0.32666312180661333
2024-06-11,18,21080.0,20813.77,1.2629528878083491
2024-06-12,18,20595.0,20813.77,1.062245842437485
2024-06-13,18,21018.0,20813.77,0.9716931618136835
2024-06-14,18,19807.0,20813.77,5.082897618266269
2024-06-15,18,17419.0,17906.213,2.797019866955623
2024-06-16,18,15782.5,17906.213,13.456124762395058
2024-06-17,18,20384.5,20813.77,2.105862450636513
2024-06-18,18,20807.5,20813.77,0.030131112579598704
2024-06-19,18,20738.75,20813.77,0.3617360315833886
2024-06-20,18,20297.75,20813.77,2.5422499107043883
2024-06-21,18,20746.0,20813.77,0.32666312180661333
2024-06-22,18,17755.75,17906.213,0.8474037459696154
2024-06-23,18,16287.0,17906.213,9.941750418278382
2024-06-24,18,19953.75,20813.77,4.310064680824406
2024-06-25,18,20479.75,20813.77,1.6309746517901829
2024-06-26,18,21201.75,20813.77,1.829945493886118
2024-06-27,18,21354.75,20813.77,2.5333027488029596
2024-06-28,18,21164.5,20813.77,1.6571639715088946
2024-06-29,18,18750.25,17906.213,4.501471230383594
2024-06-30,18,18237.25,17906.213,1.8151701017148965
2024-07-01,18,20266.75,20813.77,2.6990984309275046
2024-07-02,18,19679.0,20813.77,5.7663983497637075
2024-07-03,18,19384.0,20813.77,7.376029360555098
2024-07-04,18,19310.0,20813.77,7.7875169924909375
2024-07-05,18,19264.25,20813.77,8.043497832773141
2024-07-06,18,17870.0,17906.213,0.20264628217683267
2024-07-07,18,16053.0,17906.213,11.544339940353828
2024-07-08,18,20676.5,20813.77,0.6638915254032356
2024-07-09,18,20870.75,20813.77,0.27301591341949855
2024-07-10,18,22065.0,20813.77,5.670657007704509
2024-07-11,18,21137.75,20813.77,1.532710287282232
2024-07-12,18,20736.25,20813.77,0.37383582494424017
2024-07-13,18,17406.5,17906.213,2.8708407240111455
2024-07-14,18,16125.5,17906.213,11.042838303463459
2024-07-15,18,20770.5,20813.77,0.2083220493006909
2024-07-16,18,20646.25,20813.77,0.8113799418780651
2024-07-17,18,19728.75,20813.77,5.499687163403663
2024-07-18,18,19700.5,20813.77,5.650970946168879
2024-07-19,18,19731.5,20813.77,5.484983560550389
2024-07-20,18,17971.0,17906.213,0.36050920580379503
2024-07-21,18,17096.0,17906.213,4.739195663459288
2024-07-22,18,19973.75,20813.77,4.20561752925715
2024-07-23,18,19858.5,20813.77,4.8103811025505445
2024-07-24,18,19493.75,20813.77,6.771501282462328
2024-07-25,18,19192.5,20813.77,8.447411912205288
2024-07-26,18,19473.75,20813.77,6.881158129533346
2024-07-27,18,17295.0,17906.213,3.5340438891298067
2024-07-28,18,14647.25,17906.215,22.24967037327826
2024-07-29,18,19089.75,20813.77,9.031126815437604
2024-07-30,18,19247.25,20813.77,8.138926502487369
2024-07-31,18,19635.25,20813.77,6.002060229688952
2024-08-01,18,19686.25,20813.77,5.727446980760683
2024-08-02,18,19663.25,20813.77,5.851115818849885
2024-08-03,18,16533.5,17906.213,8.302615239513715
2024-08-04,18,15894.0,17906.215,12.660216709135522
2024-08-05,18,18946.25,20813.77,9.856934914560929
2024-08-06,18,19056.0,20813.77,9.224231377256507
2024-08-07,18,19548.75,20813.77,6.471101892704137
2024-08-08,18,19615.0,20813.77,6.1114939140963545
2024-08-09,18,19411.25,20813.77,7.225292195247601
2024-08-10,18,16788.75,17906.213,6.656021982726529
2024-08-11,18,15842.25,17906.215,13.028230483359371
2024-08-12,18,19217.25,20813.77,8.307741905059258
2024-08-13,18,19371.75,20813.77,7.4439301108573055
2024-08-14,18,19376.0,20813.77,7.420362981265482
2024-08-15,18,16510.0,20813.77,26.067653126892793
2024-08-16,18,19409.0,20813.77,7.237722351744036
2024-08-17,18,17377.75,17906.213,3.0410317251945735
2024-08-18,18,16318.75,17906.213,9.727846131750287
2024-08-19,18,19848.0,20813.77,4.865827948659814
2024-08-20,18,20186.0,20813.77,3.109925350490439
2024-08-21,18,19941.75,20813.77,4.372833533917535
2024-08-22,18,19486.75,20813.77,6.809855574941947
2024-08-23,18,20272.75,20813.77,2.668703216139892
2024-08-24,18,17765.0,17906.213,0.7948938397129186
2024-08-25,18,16826.75,17906.213,6.4151597345001266
2024-08-26,18,20113.75,20813.77,3.4803034304890934
2024-08-27,18,20502.75,20813.77,1.5169649498238043
2024-08-28,18,20926.5,20813.77,0.538697196138867
2024-08-29,18,21270.25,20813.77,2.146098276936096
2024-08-30,18,21025.5,20813.77,1.0070175203919052
2024-08-31,18,17145.25,17906.213,4.438330678321984
2024-09-01,18,16011.0,17906.213,11.836942668321779
2024-09-02,18,20306.75,20813.77,2.4968029411402615
2024-09-03,18,20825.5,20813.77,0.05632742911334662
2024-09-04,18,20683.0,20813.77,0.6322561100904125
2024-09-05,18,20594.5,20813.77,1.0646994646628956
2024-09-06,18,20388.0,20813.77,2.088333977094369
2024-09-07,18,18031.75,17906.213,0.6962003653278246
2024-09-08,18,16665.75,17906.213,7.443186719019545
2024-09-09,18,20233.75,20813.77,2.866594334960153
2024-09-10,18,19806.0,20813.77,5.0882032275573055
2024-09-11,18,19738.0,20813.77,5.450245877241869
2024-09-12,18,20041.5,20813.77,3.853351950951775
2024-09-13,18,20207.75,20813.77,2.998946103598867
2024-09-14,18,16952.25,17906.213,5.627352655989618
2024-09-15,18,16007.0,17906.213,11.864889677172487
2024-09-16,18,19915.25,20813.77,4.511716053024692
2024-09-17,18,19968.25,20813.77,4.234319638676399
2024-09-18,18,19998.0,20813.77,4.07925558180818
2024-09-19,18,20018.25,20813.77,3.9739714073408017
2024-09-20,18,19620.25,20813.77,6.083100527516215
2024-09-21,18,17239.25,17906.213,3.868862570152414
2024-09-22,18,16131.5,17906.213,11.001536686761925
2024-09-23,18,20036.75,20813.77,3.8779718829151433
2024-09-24,18,20282.0,20813.77,2.621879160092693
2024-09-25,18,20327.5,20813.77,2.3921757778870987
2024-09-26,18,20648.75,20813.797,0.7993068587686907
2024-09-27,18,20164.75,20813.781,3.2186426809159547
2024-09-28,18,17776.25,17906.213,0.7311040890232754
2024-09-29,18,16865.0,17906.213,6.173809016454195
2024-09-30,18,20425.75,22193.803,8.655999091220641
2024-10-01,18,21077.25,23664.393,12.274573666512472
2024-10-02,18,21866.0,23664.393,8.224607052615934
2024-10-03,18,21653.25,23664.393,9.28794789754425
2024-10-04,18,21677.25,23664.393,9.166949581358336
2024-10-05,18,19091.25,20756.836,8.724341976036142
2024-10-06,18,18092.0,19286.246,6.600962269235021
2024-10-07,18,21286.0,23664.393,11.173506427346613
2024-10-08,18,21232.25,23664.393,11.454945086484004
2024-10-09,18,21691.0,23664.393,9.097748274053755
2024-10-10,18,21738.25,23664.393,8.860614714270929
2024-10-11,18,21480.5,23664.393,10.166861004748492
2024-10-12,18,18780.25,20756.836,10.524811637225277
2024-10-13,18,17794.5,20756.836,16.64748061198685
2024-10-14,18,21700.5,23664.393,9.04998768749568
2024-10-15,18,22271.75,23664.393,6.252955327376609
2024-10-16,18,22028.25,23664.393,7.427474166695039
2024-10-17,18,21829.25,23664.393,8.406805447392832
2024-10-18,18,21473.25,23664.393,10.20405657329468
2024-10-19,18,18736.75,20756.836,10.781410530107943
2024-10-20,18,17686.75,20756.836,17.35811235812119
2024-10-21,18,21698.0,23664.393,9.062552208152825
2024-10-22,18,21797.0,23664.393,8.56719997304675
2024-10-23,18,22133.75,23664.393,6.91542363189699
2024-10-24,18,22030.75,23664.393,7.415283538349807
2024-10-25,18,21739.5,23664.393,8.854355335334299
2024-10-26,18,19125.75,20756.836,8.528219481588957
2024-10-27,18,17809.25,20756.836,16.550870685177646
2024-10-28,18,21777.75,23664.393,8.663165745428248
2024-10-29,18,21907.25,23664.393,8.020826795353136
2024-10-30,18,21906.75,23664.393,8.023292264370571
2024-10-31,18,21610.75,23664.393,9.502875088208414
2024-11-01,18,16595.5,23664.393,42.59523713130066
2024-11-02,18,18399.75,20756.836,12.810423714996128
2024-11-03,18,18045.5,20756.836,15.024997575572858
2024-11-04,18,22589.75,23664.393,4.7572132410717245
2024-11-05,18,22838.25,23664.393,3.617363756526879
2024-11-06,18,21823.75,23664.393,8.434126023827252
2024-11-07,18,22979.5,23664.393,2.9804503062512238
2024-11-08,18,22820.5,23664.393,3.6979583187265836
2024-11-09,18,19925.5,22191.908,11.37441069546561
2024-11-10,18,18395.5,20756.836,12.836486844608736
2024-11-11,18,18919.25,23664.393,25.081028994939018
2024-11-12,18,23408.5,23664.393,1.0931609378003717
2024-11-13,18,23290.75,23664.393,1.604253096722948
2024-11-14,18,22897.75,23664.393,3.348113147034097
2024-11-15,18,22617.0,23664.393,4.630996940907282
2024-11-16,18,19639.5,20762.434,5.717730052954504
2024-11-17,18,18603.0,20756.836,11.57789570230608
2024-11-18,18,22765.5,23664.393,3.9484859903142913
2024-11-19,18,23007.0,23664.393,2.857358969552745
2024-11-20,18,23349.0,23664.393,1.3507755283952203
2024-11-21,18,23436.5,23664.393,0.9723831550146139
2024-11-22,18,23772.5,23664.393,0.45475832106425496
2024-11-23,18,20539.5,22191.908,8.045026427736799
2024-11-24,18,18999.75,20756.836,9.247942407136936
2024-11-25,18,22789.5,23664.393,3.839016117619957
2024-11-26,18,22872.75,23664.393,3.4610730153785614
2024-11-27,18,22982.0,23664.393,2.969248012031155
2024-11-28,18,23101.75,23664.393,2.4354976489876305
2024-11-29,18,22894.75,23664.393,3.3616553058015484
2024-11-30,18,20015.75,22191.184,10.868608939210372
2024-12-01,18,19167.75,20756.836,8.29041456352467
2024-12-02,18,23195.5,23664.393,2.021480796382919
2024-12-03,18,23401.75,23664.393,1.1223202458149497
2024-12-04,18,23185.0,23664.393,2.067684184278628
2024-12-05,18,23669.75,23664.393,0.022634045036386104
2024-12-06,18,23342.75,23664.393,1.3779121060072186
2024-12-07,18,20283.25,22191.906,9.410011955677716
2024-12-08,18,19339.5,20756.836,7.32871034669976
2024-12-09,18,23529.0,23664.393,0.5754285270304731
2024-12-10,18,24086.75,23664.393,1.753484475385845
2024-12-11,18,23716.0,23664.393,0.21760592796002698
2024-12-12,18,23825.0,23664.393,0.6741129984260231
2024-12-13,18,23639.5,23664.393,0.10530078100213626
2024-12-14,18,20996.25,22191.908,5.694627388819432
2024-12-15,18,19848.0,20756.836,4.578979935006046
2024-12-16,18,22871.0,23664.393,3.4689894544401203
2024-12-17,18,22652.0,23664.393,4.46932976392813
2024-12-18,18,22521.75,23664.393,5.073507068167438
2024-12-19,18,22136.75,23664.393,6.900934320191536
2024-12-20,18,21797.25,23664.393,8.565954779272616
2024-12-21,18,20476.75,20756.836,1.36782417864163
2024-12-22,18,19566.25,20756.836,6.08489586660704
2024-12-23,18,21621.25,23664.393,9.449696840492571
2024-12-24,18,15837.75,23664.393,49.41764188805228
2024-12-25,18,15584.5,23664.395,51.84570907792999
2024-12-26,18,16658.0,23665.941,42.06952459028695
2024-12-27,18,19629.5,23664.393,20.5552488760539
2024-12-28,18,19166.25,20756.836,8.298889649774994
2024-12-29,18,17922.25,20756.836,15.816016055461787
2024-12-30,18,20316.25,23664.393,16.48012097766566
2024-12-31,18,18346.5,23664.393,28.985869665194997
2024-01-01,19,17302.0,20706.688,19.67799965321928
2024-01-02,19,21705.0,22195.531,2.2599919373416264
2024-01-03,19,22944.0,22195.531,3.2621545937935843
2024-01-04,19,23559.0,22195.531,5.7874644509529265
2024-01-05,19,23673.0,22195.531,6.2411555358425215
2024-01-06,19,19960.0,20706.688,3.7409193386773545
2024-01-07,19,21570.0,20706.688,4.00237598516458
2024-01-08,19,26546.0,20706.688,21.996958110449786
2024-01-09,19,27116.0,22195.531,18.145997750405666
2024-01-10,19,26989.0,22195.531,17.76082385416281
2024-01-11,19,26297.0,22195.531,15.596717306156597
2024-01-12,19,25583.0,22195.531,13.241092717820427
2024-01-13,19,22400.0,20706.688,7.559430803571429
2024-01-14,19,21022.0,20706.688,1.499916753876891
2024-01-15,19,25026.0,20706.688,17.259300327659236
2024-01-16,19,26001.0,22195.531,14.635855351717241
2024-01-17,19,25319.0,22195.531,12.336461748094317
2024-01-18,19,25332.0,22195.531,12.381449352597505
2024-01-19,19,25296.0,22195.531,12.25675502055661
2024-01-20,19,21800.0,20706.688,5.01519495412844
2024-01-21,19,20611.0,20706.688,0.4642545242831498
2024-01-22,19,24341.0,20706.688,14.930826588882953
2024-01-23,19,24494.0,22195.531,9.38380317628807
2024-01-24,19,24132.0,22195.531,8.024485123487485
2024-01-25,19,24325.0,22195.531,8.754239465570402
2024-01-26,19,24155.0,22195.531,8.112062719933762
2024-01-27,19,21065.0,20706.688,1.7009850462853076
2024-01-28,19,20387.0,20706.688,1.5680948643743562
2024-01-29,19,23978.0,20706.688,13.642974810242722
2024-01-30,19,23825.0,22195.531,6.839323189926548
2024-01-31,19,24257.0,22195.531,8.498448901348064
2024-02-01,19,24238.0,22195.531,8.42672147041835
2024-02-02,19,23742.0,22195.531,6.51364143711566
2024-02-03,19,20527.0,20706.688,0.8753714619769084
2024-02-04,19,19354.0,20706.688,6.989188281492198
2024-02-05,19,23363.0,20706.688,11.369740615503146
2024-02-06,19,23468.0,22195.531,5.422143983296404
2024-02-07,19,24209.0,22195.531,8.317025692924119
2024-02-08,19,24470.0,22195.531,9.29492746219861
2024-02-09,19,23863.0,22195.531,6.987674433222982
2024-02-10,19,20363.0,20706.688,1.6878038599420517
2024-02-11,19,19392.0,20706.688,6.779535375412542
2024-02-12,19,23368.0,20706.688,11.38870463882232
2024-02-13,19,23916.0,22195.531,7.193798084964041
2024-02-14,19,23641.0,22195.531,6.114245378791083
2024-02-15,19,23539.0,22195.531,5.70741641531076
2024-02-16,19,22881.0,22195.531,2.995798916131288
2024-02-17,19,20287.0,20706.688,2.068750924237196
2024-02-18,19,19641.0,20706.688,5.425831169492389
2024-02-19,19,23491.0,20706.688,11.852677621216637
2024-02-20,19,23737.0,22195.531,6.4939493196275855
2024-02-21,19,23439.0,22195.531,5.305127138529801
2024-02-22,19,23297.0,22195.531,4.727942438940636
2024-02-23,19,23250.0,22195.531,4.535349462365591
2024-02-24,19,20107.0,20706.688,2.9824812254438755
2024-02-25,19,19395.0,20706.688,6.76301881928332
2024-02-26,19,22646.0,20706.688,8.563598427978452
2024-02-27,19,23418.0,22195.531,5.220209881287898
2024-02-28,19,23639.0,22195.531,6.106302085536614
2024-02-29,19,23506.0,22195.531,5.575039351654897
2024-03-01,19,22787.0,22195.531,2.595641155044543
2024-03-02,19,19853.0,20706.688,4.300042814687957
2024-03-03,19,19023.0,20706.688,8.850799032749828
2024-03-04,19,23207.0,20706.688,10.773958288447451
2024-03-05,19,24060.0,22195.531,7.749246674979219
2024-03-06,19,23993.0,22195.531,7.491638186137624
2024-03-07,19,24379.0,22195.531,8.956350752696993
2024-03-08,19,23562.0,22195.531,5.799459935489347
2024-03-09,19,20271.0,20706.688,2.149314291352178
2024-03-10,19,19170.0,20706.688,8.016105894627021
2024-03-11,19,23537.0,20706.688,12.024950078599652
2024-03-12,19,24005.0,22195.531,7.537882732764007
2024-03-13,19,23920.0,22195.531,7.2093175167224075
2024-03-14,19,23690.0,22195.531,6.308437104263402
2024-03-15,19,22738.0,22195.531,2.3857364324039056
2024-03-16,19,19950.0,20706.688,3.7929197994987467
2024-03-17,19,19525.0,20706.688,6.052176696542894
2024-03-18,19,24409.0,20706.688,15.167817198574296
2024-03-19,19,24308.0,22195.531,8.690425991443146
2024-03-20,19,24146.0,22195.531,8.077813095336701
2024-03-21,19,23516.0,22195.531,5.615192847423031
2024-03-22,19,23120.0,22195.531,3.998567257785467
2024-03-23,19,20374.0,20706.688,1.6329022283302248
2024-03-24,19,19926.0,20706.688,3.9179338552644785
2024-03-25,19,24166.0,20706.688,14.314791442522553
2024-03-26,19,23270.0,22195.531,4.617399011602922
2024-03-27,19,22972.0,22195.531,3.3800659498519936
2024-03-28,19,22714.0,22195.531,2.282595535792903
2024-03-29,19,21069.0,22195.531,5.346866248991409
2024-03-30,19,17773.0,20706.688,16.506428290102964
2024-03-31,19,14524.0,20706.688,42.56876549160011
2024-04-01,19,15507.0,20706.688,33.53122783259173
2024-04-02,19,21443.0,22195.531,3.5094494706897357
2024-04-03,19,22676.0,22195.531,2.1188426089257364
2024-04-04,19,22045.0,22195.531,0.682836244046269
2024-04-05,19,21614.0,22195.531,2.6905304432312387
2024-04-06,19,18906.0,20706.688,9.524423463450757
2024-04-07,19,17527.0,20706.688,18.14165287841616
2024-04-08,19,21801.0,20706.688,5.0195518554194765
2024-04-09,19,21732.0,22195.531,2.132943355420578
2024-04-10,19,21944.0,22195.531,1.1462415694495078
2024-04-11,19,21652.0,22195.531,2.5103050526510255
2024-04-12,19,21262.0,22195.531,4.390608832659204
2024-04-13,19,18214.0,20706.688,13.685557812671572
2024-04-14,19,17561.0,20706.688,17.91291782928079
2024-04-15,19,21837.0,20706.688,5.176134542290608
2024-04-16,19,21812.0,22195.531,1.75834976159912
2024-04-17,19,22500.0,22195.531,1.3531944444444444
2024-04-18,19,22470.0,22195.531,1.2214897641299511
2024-04-19,19,22457.0,22195.531,1.1643084561606625
2024-04-20,19,19493.0,20706.688,6.2262735340891595
2024-04-21,19,18507.0,20706.688,11.88570540876425
2024-04-22,19,23086.0,20706.688,10.306300355193624
2024-04-23,19,22595.0,22195.531,1.7679519805266652
2024-04-24,19,22590.0,22195.531,1.7462096060203631
2024-04-25,19,22203.0,22195.531,0.03363847227852092
2024-04-26,19,21605.0,22195.531,2.7333082619763944
2024-04-27,19,18367.0,20706.688,12.738539227963194
2024-04-28,19,17539.0,20706.688,18.060821597582528
2024-04-29,19,20982.0,20706.688,1.3121365932704223
2024-04-30,19,19965.0,22195.531,11.172207613323316
2024-05-01,19,16271.0,22195.531,36.41159885686191
2024-05-02,19,17428.0,22195.531,27.355584404406702
2024-05-03,19,16115.0,22195.531,37.73212069500465
2024-05-04,19,17434.0,20706.688,18.771868188596994
2024-05-05,19,16962.0,20706.688,22.07692194316708
2024-05-06,19,20953.0,20706.688,1.175547654273851
2024-05-07,19,20864.0,22195.531,6.381955761119632
2024-05-08,19,20690.0,22195.531,7.276613098115031
2024-05-09,19,21423.0,22195.531,3.606083415021239
2024-05-10,19,20865.0,22195.531,6.376857177090822
2024-05-11,19,17849.0,20706.688,16.010350719928287
2024-05-12,19,17508.0,20706.688,18.269862348640622
2024-05-13,19,21506.0,20706.688,3.716695340835116
2024-05-14,19,21106.0,22195.531,5.162187292712972
2024-05-15,19,21185.0,22195.531,4.770031862166627
2024-05-16,19,21191.0,22195.531,4.740367372941344
2024-05-17,19,21170.0,22195.531,4.8442666509211145
2024-05-18,19,18294.0,20706.688,13.188408767902043
2024-05-19,19,17161.0,20706.688,20.661310529689413
2024-05-20,19,21657.0,20706.688,4.388015422265319
2024-05-21,19,21365.0,22195.531,3.887344956704891
2024-05-22,19,21564.0,22195.531,2.9286368484511223
2024-05-23,19,21729.0,22195.531,2.147044272631046
2024-05-24,19,21284.0,22195.531,4.282706493140386
2024-05-25,19,18284.0,20706.688,13.250314482607745
2024-05-26,19,17500.0,20706.688,18.32392857142857
2024-05-27,19,21520.0,20706.688,3.779333178438662
2024-05-28,19,21745.0,22195.531,2.0718843412278685
2024-05-29,19,20918.0,22195.531,6.107329811645473
2024-05-30,19,16617.0,22195.531,33.5712297646988
2024-05-31,19,18819.0,22195.531,17.94213959296456
2024-06-01,19,17432.0,20706.688,18.785495066544286
2024-06-02,19,16646.0,20706.688,24.3943740237895
2024-06-03,19,20863.0,20706.688,0.7492330920768825
2024-06-04,19,21069.0,22195.531,5.346866248991409
2024-06-05,19,21420.0,22195.531,3.6205940709617184
2024-06-06,19,21388.0,22195.531,3.775627688423415
2024-06-07,19,20968.0,22195.531,5.854307754673789
2024-06-08,19,17638.0,20706.688,17.39816022224742
2024-06-09,19,17330.0,20706.688,19.484636468551646
2024-06-10,19,21277.0,20706.688,2.680417822061381
2024-06-11,19,21290.0,22195.531,4.253317285110381
2024-06-12,19,21106.0,22195.531,5.162187292712972
2024-06-13,19,21389.0,22195.531,3.770775866099397
2024-06-14,19,19974.5,22195.531,11.11933340008511
2024-06-15,19,17402.25,20706.688,18.988564697093764
2024-06-16,19,16210.0,20706.688,27.74020666255398
2024-06-17,19,20800.75,20706.688,0.45220725214235064
2024-06-18,19,20968.25,22195.531,5.853045676200923
2024-06-19,19,20873.25,22195.531,6.334812499251434
2024-06-20,19,20680.5,22195.531,7.325892749208192
2024-06-21,19,20638.25,22195.531,7.545607064552469
2024-06-22,19,17514.5,20706.688,18.225969910645464
2024-06-23,19,16565.0,20706.688,25.00264111077573
2024-06-24,19,20156.0,20706.688,2.732126910101211
2024-06-25,19,20792.5,22195.531,6.7477756402549
2024-06-26,19,21301.0,22195.531,4.199480071358152
2024-06-27,19,21362.5,22195.531,3.8995026331187828
2024-06-28,19,20757.5,22195.531,6.927767072142599
2024-06-29,19,18683.5,20706.688,10.828739261915594
2024-06-30,19,18021.25,20706.688,14.901505167510578
2024-07-01,19,20184.25,20706.688,2.5883423956798
2024-07-02,19,19709.75,22195.531,12.611936985502098
2024-07-03,19,19558.75,22195.531,13.481338275707802
2024-07-04,19,19478.0,22195.531,13.951798182564945
2024-07-05,19,19358.25,22195.531,14.656703214391797
2024-07-06,19,17936.0,20706.688,15.447633251561104
2024-07-07,19,16293.0,20706.691,27.089494913459767
2024-07-08,19,20851.25,20706.688,0.69330375876746
2024-07-09,19,20965.25,22195.531,5.8681926044287565
2024-07-10,19,22054.0,22195.531,0.6417486623741725
2024-07-11,19,21043.25,22195.531,5.475776080215746
2024-07-12,19,20484.0,22195.531,8.355454256981059
2024-07-13,19,17430.5,20706.688,18.79571727718654
2024-07-14,19,16537.5,20706.691,25.210530045351476
2024-07-15,19,20947.25,20706.688,1.1484204370502094
2024-07-16,19,20481.75,22195.531,8.367357525602062
2024-07-17,19,19821.75,22195.531,11.975639133779813
2024-07-18,19,19905.25,22195.531,11.505915524798734
2024-07-19,19,19784.5,22195.531,12.186465414844955
2024-07-20,19,17630.75,20706.688,17.44643591452434
2024-07-21,19,17184.0,20706.691,20.49983360247905
2024-07-22,19,19964.5,20706.688,3.717536126624759
2024-07-23,19,19992.5,22195.531,11.019288483181192
2024-07-24,19,19625.25,22195.531,13.096807683978549
2024-07-25,19,19405.0,22195.531,14.380475392939966
2024-07-26,19,19357.25,22195.531,14.662626406126902
2024-07-27,19,17284.25,20706.688,19.800902555795016
2024-07-28,19,14875.75,20706.691,39.19762974135758
2024-07-29,19,19119.5,20706.691,8.301427371270169
2024-07-30,19,19361.25,22195.531,14.63893731034928
2024-07-31,19,19787.25,22195.531,12.170873921338234
2024-08-01,19,19776.75,22195.531,12.23042840709419
2024-08-02,19,19433.0,22195.531,14.215670508928113
2024-08-03,19,16705.75,20706.691,23.949486890741213
2024-08-04,19,16059.0,20706.695,28.941374385080014
2024-08-05,19,19056.0,20706.691,8.662318462688917
2024-08-06,19,19117.25,22195.531,16.102113274660322
2024-08-07,19,19581.5,22195.531,13.349494420754283
2024-08-08,19,19526.25,22195.531,13.67021957621151
2024-08-09,19,19394.5,22195.531,14.44239990719018
2024-08-10,19,16892.5,20706.691,22.579200273790143
2024-08-11,19,15951.0,20706.695,29.814402310199988
2024-08-12,19,19295.25,20706.691,7.314968224044778
2024-08-13,19,19392.0,22195.531,14.457153723184819
2024-08-14,19,19162.25,22195.531,15.829462876228002
2024-08-15,19,16476.75,22195.531,34.70818729421761
2024-08-16,19,18818.5,22195.531,17.945273268326382
2024-08-17,19,17321.5,20706.695,19.543315027566894
2024-08-18,19,16523.75,20706.691,25.314722180195176
2024-08-19,19,20017.0,20706.688,3.4455088175051203
2024-08-20,19,20370.25,22195.531,8.960524539463188
2024-08-21,19,20137.25,22195.531,10.221262833803028
2024-08-22,19,19707.5,22195.531,12.624793860205505
2024-08-23,19,19920.5,22195.531,11.420552947968174
2024-08-24,19,17522.75,20706.691,18.170329464553223
2024-08-25,19,16980.5,20706.691,21.943943972497866
2024-08-26,19,20279.25,20706.688,2.1077579299037192
2024-08-27,19,20719.25,22195.531,7.125167416774255
2024-08-28,19,21048.5,22195.531,5.449467895574506
2024-08-29,19,21382.75,22195.531,3.80110720089792
2024-08-30,19,21148.75,22195.531,4.949612861280218
2024-08-31,19,17381.25,20706.688,19.13232650125854
2024-09-01,19,16591.0,20706.71,24.806888900608765
2024-09-02,19,20714.5,20706.688,0.037715127084892226
2024-09-03,19,20938.25,22195.531,6.00471027903478
2024-09-04,19,21104.25,22195.531,5.170907518627764
2024-09-05,19,20898.25,22195.531,6.207607096287967
2024-09-06,19,20395.75,22195.531,8.824295502739542
2024-09-07,19,17892.5,20706.691,15.728329782031578
2024-09-08,19,17142.0,20706.691,20.795072956772838
2024-09-09,19,20942.0,20706.688,1.12363909846242
2024-09-10,19,20620.25,22195.531,7.639486669657254
2024-09-11,19,20713.75,22195.531,7.153611731337879
2024-09-12,19,20626.0,22195.531,7.60947954038592
2024-09-13,19,20615.0,22195.531,7.666899102595198
2024-09-14,19,17644.0,20706.691,17.35826006716164
2024-09-15,19,16851.5,20706.719,22.877599916921344
2024-09-16,19,20684.5,20706.688,0.10726631052237182
2024-09-17,19,20751.75,22195.531,6.957395159444384
2024-09-18,19,20838.0,22195.531,6.514690709281121
2024-09-19,19,20831.0,22195.531,6.550483654169267
2024-09-20,19,20348.0,22195.531,9.07966999213682
2024-09-21,19,17790.75,20706.695,16.390232634936694
2024-09-22,19,16760.0,20706.703,23.548348001193318
2024-09-23,19,20699.25,20706.688,0.03593125354783386
2024-09-24,19,21119.25,22195.531,5.096209619186287
2024-09-25,19,20941.5,22195.531,5.988258959482367
2024-09-26,19,21063.0,22195.531,5.376875326401747
2024-09-27,19,20579.75,22195.531,7.85131622104253
2024-09-28,19,18226.0,20706.691,13.610728663722155
2024-09-29,19,17696.0,20706.691,17.01340080385398
2024-09-30,19,21093.5,20706.688,1.8337995116979164
2024-10-01,19,21588.25,22195.531,2.8130174979444837
2024-10-02,19,22173.5,22195.531,0.09935846844205921
2024-10-03,19,21978.0,22195.531,0.9897681772681773
2024-10-04,19,21793.25,22195.531,1.8458983859681324
2024-10-05,19,19212.25,20706.688,7.778565758825749
2024-10-06,19,18364.5,20706.688,12.75388657464129
2024-10-07,19,21675.25,20706.688,4.46851824085074
2024-10-08,19,21656.75,22195.531,2.4878213490020435
2024-10-09,19,21908.5,22195.531,1.3101364767099528
2024-10-10,19,21856.25,22195.531,1.5523305690591935
2024-10-11,19,21538.25,22195.531,3.0516929184125914
2024-10-12,19,18839.0,20706.688,9.913941822814374
2024-10-13,19,17876.0,20706.688,15.835128104721413
2024-10-14,19,21726.5,20706.688,4.69386463535314
2024-10-15,19,22355.75,22195.531,0.7166780358520739
2024-10-16,19,22133.5,22195.531,0.28025956129848417
2024-10-17,19,21909.25,22195.531,1.3066684163081803
2024-10-18,19,21300.25,22195.531,4.203149024072488
2024-10-19,19,18662.5,20706.688,10.953449430676491
2024-10-20,19,17777.5,20706.688,16.476937139642807
2024-10-21,19,21629.25,20706.688,4.2653466948692165
2024-10-22,19,21850.5,22195.531,1.579054255051372
2024-10-23,19,22102.75,22195.531,0.4197724265080137
2024-10-24,19,21986.25,22195.531,0.9518733299221104
2024-10-25,19,21422.75,22195.531,3.6072924811240386
2024-10-26,19,18950.25,20706.688,9.268677194232266
2024-10-27,19,17788.0,20706.688,16.40818248257252
2024-10-28,19,21677.75,20706.688,4.479535468395014
2024-10-29,19,21658.75,22195.531,2.4783574767703582
2024-10-30,19,21749.5,22195.531,2.0507655348398814
2024-10-31,19,21241.5,22195.531,4.491355365675682
2024-11-01,19,16554.25,22195.531,34.077540510744974
2024-11-02,19,18314.5,20706.691,13.061734725217725
2024-11-03,19,18028.25,20706.688,14.856891267871259
2024-11-04,19,22460.75,20706.688,7.8094564963324915
2024-11-05,19,22748.0,22195.531,2.4286475734130475
2024-11-06,19,22404.5,22195.531,0.9327088308152379
2024-11-07,19,22870.5,22195.531,2.9512636365623837
2024-11-08,19,22480.25,22195.531,1.266528397148608
2024-11-09,19,19623.75,20706.688,5.518504363335245
2024-11-10,19,18255.25,20706.688,13.428671204174142
2024-11-11,19,18888.75,20706.688,9.62444576798359
2024-11-12,19,23193.25,22195.531,4.301763444105505
2024-11-13,19,23068.0,22195.531,3.7821603520027747
2024-11-14,19,22642.75,22195.531,1.9751079263782005
2024-11-15,19,22229.0,22195.531,0.15056345314679023
2024-11-16,19,19342.5,20706.688,7.052798242212743
2024-11-17,19,18395.0,20706.688,12.566933949442783
2024-11-18,19,22680.0,20706.688,8.700672398589065
2024-11-19,19,22787.75,22195.531,2.5988469682175728
2024-11-20,19,23091.25,22195.531,3.87903967953229
2024-11-21,19,23283.0,22195.531,4.670655628570201
2024-11-22,19,23319.5,22195.531,4.819866420806621
2024-11-23,19,20322.25,20706.688,1.8917073650801461
2024-11-24,19,18880.75,20706.688,9.670894959151518
2024-11-25,19,22541.75,20706.688,8.14072776071068
2024-11-26,19,22634.75,22195.531,1.940462121295795
2024-11-27,19,22842.25,22195.531,2.8312392605807224
2024-11-28,19,22813.25,22195.531,2.7077191982729336
2024-11-29,19,22590.0,22195.531,1.7462096060203631
2024-11-30,19,19694.0,20706.688,5.142111810703768
2024-12-01,19,19199.0,20706.688,7.8529480702119905
2024-12-02,19,23057.75,20706.688,10.1964090164912
2024-12-03,19,23191.25,22195.531,4.293510483479761
2024-12-04,19,23105.0,22195.531,3.936242155377624
2024-12-05,19,23417.5,22195.531,5.218186185544998
2024-12-06,19,23134.75,22195.531,4.0597747976528815
2024-12-07,19,20063.75,20706.688,3.2044732415425834
2024-12-08,19,19330.5,20706.688,7.119254545924834
2024-12-09,19,23409.0,20706.688,11.543904053996327
2024-12-10,19,23990.0,22195.531,7.480069820758649
2024-12-11,19,23569.5,22195.531,5.829435287129553
2024-12-12,19,23708.75,22195.531,6.382532820161332
2024-12-13,19,23281.75,22195.531,4.665537384432012
2024-12-14,19,20744.75,20706.688,0.18348015763024378
2024-12-15,19,19826.5,20706.688,4.439449726376314
2024-12-16,19,22615.0,20706.688,8.438260004421844
2024-12-17,19,22522.25,22195.531,1.4506488028505145
2024-12-18,19,22214.25,22195.531,0.08426460492701757
2024-12-19,19,22030.75,22195.531,0.7479602373954586
2024-12-20,19,21491.25,22195.531,3.2770604315709884
2024-12-21,19,20273.0,20706.688,2.139236916095299
2024-12-22,19,19476.25,20706.688,6.317630447339709
2024-12-23,19,21439.25,20706.688,3.416922233753513
2024-12-24,19,15430.75,22195.531,43.83961408227079
2024-12-25,19,15673.0,22195.535,41.616379482230585
2024-12-26,19,16668.5,21501.047,28.992092119866815
2024-12-27,19,19350.0,22195.531,14.705587855297159
2024-12-28,19,18973.0,20706.688,9.137656142939967
2024-12-29,19,17881.5,20706.688,15.79949948270559
2024-12-30,19,20098.25,20706.688,3.0273158110780787
2024-12-31,19,17625.25,22195.531,25.930305953107048
2024-01-01,20,17014.0,21834.621,28.333261395027627
2024-01-02,20,21113.0,21834.629,3.417936372140387
2024-01-03,20,22288.0,21834.617,2.034201420046662
2024-01-04,20,22962.0,21834.617,4.9097762063409105
2024-01-05,20,23064.0,21834.617,5.330310494710371
2024-01-06,20,19586.0,20202.613,3.1482348680179717
2024-01-07,20,21186.0,20202.613,4.641681859482677
2024-01-08,20,26007.0,21834.617,16.043306850078825
2024-01-09,20,26573.0,21834.617,17.83156893275129
2024-01-10,20,26167.0,21834.617,16.556666077502197
2024-01-11,20,25590.0,21834.617,14.675196610003907
2024-01-12,20,24816.0,21834.617,12.01395395107995
2024-01-13,20,21846.0,20202.613,7.522597815389545
2024-01-14,20,20427.0,20202.613,1.0984810238899496
2024-01-15,20,24409.0,21834.617,10.546858996681552
2024-01-16,20,25373.0,21834.617,13.945464913490719
2024-01-17,20,24681.0,21834.617,11.532688353389247
2024-01-18,20,24633.0,21834.617,11.360300460764016
2024-01-19,20,24399.0,21834.617,10.510196370752901
2024-01-20,20,21359.0,20202.613,5.414048966477831
2024-01-21,20,20235.0,20202.613,0.1600529713367927
2024-01-22,20,23697.0,21834.617,7.859150156137908
2024-01-23,20,23880.0,21834.617,8.565254658710218
2024-01-24,20,23289.0,21834.617,6.244934572115591
2024-01-25,20,23700.0,21834.617,7.8708135548523215
2024-01-26,20,23575.0,21834.617,7.382323700954401
2024-01-27,20,20468.0,20202.613,1.296593310289232
2024-01-28,20,19945.0,20202.613,1.2916183567310102
2024-01-29,20,23386.0,21834.617,6.633810025228769
2024-01-30,20,23119.0,21834.617,5.555529272459882
2024-01-31,20,23535.0,21834.617,7.224911036753771
2024-02-01,20,23511.0,21834.617,7.130206339585726
2024-02-02,20,23080.0,21834.617,5.395939395580589
2024-02-03,20,19847.0,20202.613,1.791773473320905
2024-02-04,20,18869.0,20202.613,7.067747529015846
2024-02-05,20,22705.0,21834.617,3.8334411473243777
2024-02-06,20,22758.0,21834.617,4.057398771860445
2024-02-07,20,23583.0,21834.617,7.413742155366155
2024-02-08,20,23894.0,21834.617,8.618828210010882
2024-02-09,20,23108.0,21834.617,5.51057128483642
2024-02-10,20,19771.0,20202.613,2.183062471549239
2024-02-11,20,19069.0,20202.613,5.944796692275421
2024-02-12,20,22718.0,21834.617,3.8884708711154152
2024-02-13,20,23199.0,21834.617,5.881213899306005
2024-02-14,20,22923.0,21834.617,4.7479946451162585
2024-02-15,20,22916.0,21834.617,4.718898640687729
2024-02-16,20,22237.0,21834.617,1.8095193258982776
2024-02-17,20,19835.0,20202.613,1.8533565981850266
2024-02-18,20,19230.0,20202.613,5.0577913741549665
2024-02-19,20,22963.0,21834.617,4.913917225536733
2024-02-20,20,23154.0,21834.617,5.6982932214736115
2024-02-21,20,22827.0,21834.617,4.3474079489201385
2024-02-22,20,22697.0,21834.617,3.7995453694320833
2024-02-23,20,22473.0,21834.617,2.840665743336448
2024-02-24,20,19553.0,20202.613,3.3223202641538387
2024-02-25,20,18895.0,20202.613,6.920419588515481
2024-02-26,20,22101.0,21834.617,1.2052975544093028
2024-02-27,20,22759.0,21834.617,4.061614361351553
2024-02-28,20,23027.0,21834.617,5.1781943479393755
2024-02-29,20,22661.0,21834.617,3.6467182052866156
2024-03-01,20,22169.0,21834.617,1.508335118859669
2024-03-02,20,19290.0,20202.613,4.731017528512183
2024-03-03,20,18587.0,20202.613,8.692168081185775
2024-03-04,20,22679.0,21834.617,3.7231924357334982
2024-03-05,20,23302.0,21834.617,6.297239775555746
2024-03-06,20,23127.0,21834.617,5.5881991287240025
2024-03-07,20,23730.0,21834.617,7.9872853455541515
2024-03-08,20,22851.0,21834.617,4.447870169795633
2024-03-09,20,19553.0,20202.613,3.3223202641538387
2024-03-10,20,18654.0,20202.613,8.301775926074836
2024-03-11,20,22939.0,21834.617,4.814433116090501
2024-03-12,20,23320.0,21834.617,6.369566091337907
2024-03-13,20,23181.0,21834.617,5.808130850696691
2024-03-14,20,23059.0,21834.617,5.309782785463376
2024-03-15,20,22094.0,21834.617,1.1739966167285236
2024-03-16,20,19247.0,20202.613,4.964998603678495
2024-03-17,20,19154.0,20202.613,5.4746438407121225
2024-03-18,20,23828.0,21834.617,8.365716016870909
2024-03-19,20,23617.0,21834.617,7.547033122327138
2024-03-20,20,23464.0,21834.617,6.944181778469144
2024-03-21,20,22857.0,21834.617,4.472952760642254
2024-03-22,20,22340.0,21834.617,2.2622328222918533
2024-03-23,20,19849.0,20202.613,1.781516858531916
2024-03-24,20,19392.0,20202.613,4.180142745719884
2024-03-25,20,23501.0,21834.617,7.090688960044253
2024-03-26,20,22697.0,21834.617,3.7995453694320833
2024-03-27,20,22346.0,21834.617,2.2884758457889554
2024-03-28,20,22238.0,21834.617,1.8139347625685764
2024-03-29,20,20523.0,20202.613,1.5611105527944258
2024-03-30,20,17063.0,20202.613,18.40012472161988
2024-03-31,20,15074.0,20202.617,34.02293477179249
2024-04-01,20,15782.0,20202.629,28.010574744962614
2024-04-02,20,21808.0,21834.617,0.12205240049523111
2024-04-03,20,22790.0,21834.617,4.192114139973673
2024-04-04,20,22282.0,21834.617,2.007821616102684
2024-04-05,20,21865.0,20202.613,7.602957780699748
2024-04-06,20,19480.0,20202.613,3.709513764117043
2024-04-07,20,18244.0,20202.613,10.735657099594388
2024-04-08,20,22271.0,21834.613,1.9594392651879127
2024-04-09,20,22142.0,21834.617,1.388234181645741
2024-04-10,20,22297.0,21834.617,2.0737445059873525
2024-04-11,20,22259.0,21834.617,1.9065672873893706
2024-04-12,20,21748.0,20202.613,7.10587970732941
2024-04-13,20,18801.0,20202.613,7.454993251688739
2024-04-14,20,18062.0,20202.613,11.851474262263315
2024-04-15,20,22146.0,21834.617,1.4060453919443692
2024-04-16,20,22270.0,21834.617,1.9550193646160754
2024-04-17,20,22956.0,21834.617,4.884922514810943
2024-04-18,20,22958.0,21834.617,4.893208522083805
2024-04-19,20,22483.0,21513.168,4.31362376573411
2024-04-20,20,19885.0,20202.613,1.597250597183807
2024-04-21,20,18861.0,20202.613,7.11316092068289
2024-04-22,20,23583.0,21834.617,7.413742155366155
2024-04-23,20,23023.0,21834.617,5.161720073404856
2024-04-24,20,22913.0,21834.617,4.706423482302623
2024-04-25,20,22905.0,21834.617,4.673140416939533
2024-04-26,20,22055.0,20202.613,8.398942274994333
2024-04-27,20,18837.0,20202.613,7.249632538355365
2024-04-28,20,17934.0,20202.613,12.649789680216351
2024-04-29,20,21214.0,20202.613,4.767543691665881
2024-04-30,20,19938.0,21834.617,9.512574919751229
2024-05-01,20,16628.0,21834.617,31.312347771830645
2024-05-02,20,17616.0,21834.617,23.94764525147593
2024-05-03,20,16568.0,20202.617,21.93757356047803
2024-05-04,20,17703.0,20202.617,14.119737826921991
2024-05-05,20,17203.0,20202.617,17.43659354473057
2024-05-06,20,21321.0,20202.613,5.2454702816472025
2024-05-07,20,21284.0,21834.617,2.587000505074234
2024-05-08,20,21259.0,21834.617,2.707639999529611
2024-05-09,20,21506.0,21834.617,1.5280256091323352
2024-05-10,20,21274.0,20202.613,5.0361319862273195
2024-05-11,20,18284.0,20202.613,10.493400138098883
2024-05-12,20,17514.0,20202.613,15.351223485497318
2024-05-13,20,21352.0,20207.418,5.360537800908579
2024-05-14,20,21382.0,21834.617,2.1168140842764944
2024-05-15,20,21143.0,21834.617,3.271140271011683
2024-05-16,20,21019.0,21834.617,3.8803805485513108
2024-05-17,20,20841.0,20202.613,3.063129018521184
2024-05-18,20,18208.0,20202.613,10.954598425142795
2024-05-19,20,17366.0,20202.613,16.334292763157894
2024-05-20,20,21557.0,20202.613,6.2828163415595855
2024-05-21,20,21407.0,21834.617,1.997557749801467
2024-05-22,20,21823.0,21834.617,0.05323368693580168
2024-05-23,20,21904.0,21834.617,0.3167586399744339
2024-05-24,20,21151.0,20202.613,4.48388595692875
2024-05-25,20,18467.0,20202.613,9.398458229544593
2024-05-26,20,17429.0,20202.613,15.913783242010442
2024-05-27,20,21540.0,20202.613,6.208851990482823
2024-05-28,20,21615.0,21834.617,1.016040654637983
2024-05-29,20,21066.0,21834.617,3.648614770245894
2024-05-30,20,16567.0,21834.617,31.795842261725117
2024-05-31,20,18758.0,20202.613,7.701318270871095
2024-06-01,20,17445.0,20202.613,15.807470801089138
2024-06-02,20,16867.0,20202.617,19.77599565720045
2024-06-03,20,20750.0,20202.613,2.6380082831325304
2024-06-04,20,21070.0,21834.617,3.6289377669672525
2024-06-05,20,21526.0,21834.617,1.4336950083619808
2024-06-06,20,21542.0,21834.617,1.358356640516201
2024-06-07,20,21008.0,20202.613,3.83371438856626
2024-06-08,20,17486.0,20202.613,15.535933210854397
2024-06-09,20,17229.0,20202.613,17.259349244007197
2024-06-10,20,21345.0,20202.613,5.352010863199812
2024-06-11,20,20993.0,21834.617,4.009037238603344
2024-06-12,20,21174.0,21834.617,3.1199451567960708
2024-06-13,20,21514.0,21834.617,1.4902723226736079
2024-06-14,20,19961.0,20202.613,1.2104267383898601
2024-06-15,20,16982.0,20202.613,18.964864452066895
2024-06-16,20,16323.0,20202.617,23.767795059119035
2024-06-17,20,20893.5,20202.613,3.306706481680906
2024-06-18,20,20979.0,21834.617,4.078446005529339
2024-06-19,20,20802.75,21834.617,4.960244138395164
2024-06-20,20,20806.25,21834.617,4.942587864223491
2024-06-21,20,20417.5,20202.613,1.052463419860414
2024-06-22,20,17147.25,20202.613,17.818386512414527
2024-06-23,20,16495.25,20202.613,22.47533854442946
2024-06-24,20,20215.0,20202.613,0.06127488869651249
2024-06-25,20,20774.25,21834.617,5.104238119306353
2024-06-26,20,21004.75,21834.617,3.9508548661612255
2024-06-27,20,21020.0,21834.617,3.875438570409134
2024-06-28,20,20358.5,20202.613,0.7657082729572414
2024-06-29,20,18173.0,20202.613,11.168289667363672
2024-06-30,20,17836.0,20202.613,13.268744568569184
2024-07-01,20,19932.75,20202.613,1.3538687900565651
2024-07-02,20,19610.0,21834.617,11.34429978327384
2024-07-03,20,19579.25,21834.617,11.5191704866121
2024-07-04,20,19557.75,21834.617,11.641764453988827
2024-07-05,20,19184.75,20202.613,5.30558532819036
2024-07-06,20,17295.25,20202.613,16.810183612552578
2024-07-07,20,16320.25,20202.613,23.788626284830194
2024-07-08,20,20713.0,20202.613,2.464088827065128
2024-07-09,20,20766.25,21834.617,5.144728525853248
2024-07-10,20,21665.25,21834.617,0.7817458256886027
2024-07-11,20,20912.5,21834.617,4.409406754333533
2024-07-12,20,20167.75,20202.613,0.1728664885770599
2024-07-13,20,17201.0,20202.613,17.45022545927562
2024-07-14,20,16535.5,20202.613,22.177214364549
2024-07-15,20,20774.75,20202.613,2.754000499404325
2024-07-16,20,20360.5,21834.617,7.240083433609194
2024-07-17,20,19759.25,21834.617,10.503269038551565
2024-07-18,20,19726.25,21834.617,10.688129712945948
2024-07-19,20,19479.0,20202.613,3.71483793444222
2024-07-20,20,17232.25,20202.613,17.237234146730692
2024-07-21,20,16841.25,20202.613,19.959108030876568
2024-07-22,20,19976.5,20202.613,1.1318963845017895
2024-07-23,20,19962.75,21834.617,9.376800227924509
2024-07-24,20,19562.0,21834.617,11.617509393211328
2024-07-25,20,19519.5,21834.617,11.860535298035298
2024-07-26,20,19325.5,20202.613,4.5386317624382295
2024-07-27,20,17222.25,20202.613,17.305307269665693
2024-07-28,20,15256.0,20202.617,32.424077002490826
2024-07-29,20,18847.75,20202.617,7.188482378533247
2024-07-30,20,19473.5,21834.617,12.124770521477906
2024-07-31,20,19778.25,21834.617,10.397113938290799
2024-08-01,20,19732.0,21834.617,10.655874657916076
2024-08-02,20,19435.0,20202.613,3.949643844867507
2024-08-03,20,16745.5,20202.613,20.645028701740767
2024-08-04,20,16189.25,20202.617,24.790321895702395
2024-08-05,20,18821.75,20202.613,7.336529712965054
2024-08-06,20,19281.75,21834.617,13.239810637001309
2024-08-07,20,19773.0,21834.617,10.42642587113741
2024-08-08,20,19795.5,21834.617,10.300912770579172
2024-08-09,20,19486.75,20202.613,3.6735899072446663
2024-08-10,20,17064.75,20202.613,18.38798272022737
2024-08-11,20,16087.25,20202.617,25.581545556263503
2024-08-12,20,19619.75,20202.613,2.9707987168541905
2024-08-13,20,19493.75,21834.617,12.00829592818211
2024-08-14,20,19223.25,21834.617,13.584420883565473
2024-08-15,20,16754.75,21834.617,30.3189673823841
2024-08-16,20,18914.0,20202.613,6.813013012847626
2024-08-17,20,17458.5,20202.613,15.717921248961824
2024-08-18,20,17045.25,20202.613,18.52342019770904
2024-08-19,20,20269.75,21827.793,7.686542600426745
2024-08-20,20,20675.0,21834.617,5.608789298669891
2024-08-21,20,20360.75,21834.617,7.238766683447319
2024-08-22,20,20098.75,21834.617,8.63669226941974
2024-08-23,20,19966.25,20202.613,1.1838140925311462
2024-08-24,20,17670.0,20202.613,14.33284256508206
2024-08-25,20,17209.25,20202.613,17.393920602292372
2024-08-26,20,20665.25,21834.617,5.658616215627684
2024-08-27,20,20798.75,21834.617,4.980430013822946
2024-08-28,20,21193.25,21834.617,3.026280478454225
2024-08-29,20,21485.75,21834.617,1.623714264105279
2024-08-30,20,21142.0,20202.613,4.443225422145492
2024-08-31,20,17406.5,20202.613,16.063615782897195
2024-09-01,20,16919.5,20202.617,19.404339297851593
2024-09-02,20,20660.25,21834.617,5.684186723297153
2024-09-03,20,20920.0,21834.617,4.371975083652008
2024-09-04,20,20984.0,21834.617,4.053646528307282
2024-09-05,20,20761.0,21834.617,5.171317313713212
2024-09-06,20,20361.0,20202.613,0.7778926317469672
2024-09-07,20,17717.75,20202.613,14.024711271182852
2024-09-08,20,17038.25,20202.613,18.572114397018474
2024-09-09,20,20603.25,21834.617,5.976567713831556
2024-09-10,20,20359.25,21834.617,7.246667669486842
2024-09-11,20,20410.25,21834.617,6.978685648142477
2024-09-12,20,20211.0,21834.617,8.033334261045965
2024-09-13,20,19968.0,21834.613,9.348023243439503
2024-09-14,20,17317.75,20202.613,16.65841856621097
2024-09-15,20,16504.0,20202.617,22.41042891117305
2024-09-16,20,20243.5,21834.617,7.8598917553782695
2024-09-17,20,20202.5,21834.617,8.078788206905084
2024-09-18,20,20180.25,21834.617,8.197951896036967
2024-09-19,20,20078.5,21834.617,8.746256879248948
2024-09-20,20,19789.0,21834.613,10.337123054474707
2024-09-21,20,17175.0,20202.613,17.628024927219794
2024-09-22,20,16374.0,20202.617,23.38229624709906
2024-09-23,20,19983.5,21834.617,9.263228100683063
2024-09-24,20,20474.25,21834.617,6.644283368133143
2024-09-25,20,20246.75,21834.617,7.842578129823305
2024-09-26,20,20370.5,21834.617,7.1874386367541305
2024-09-27,20,20062.75,21834.617,8.83162670870145
2024-09-28,20,17401.25,20202.613,16.098632461748437
2024-09-29,20,17228.25,20202.617,17.26447658642056
2024-09-30,20,20382.0,21834.617,7.126960982729861
2024-10-01,20,20990.75,21834.617,4.020185974774603
2024-10-02,20,21483.0,21834.617,1.6367229320858354
2024-10-03,20,21326.0,21834.617,2.384962897402232
2024-10-04,20,21141.5,21834.617,3.2784674100702413
2024-10-05,20,18695.0,20202.613,8.064259327360258
2024-10-06,20,17907.75,20202.613,12.814916900503972
2024-10-07,20,21094.75,21834.617,3.507352244041764
2024-10-08,20,21073.25,21834.617,3.6129557021342227
2024-10-09,20,21295.75,21834.617,2.530397790638977
2024-10-10,20,21157.25,21834.617,3.2015842678041806
2024-10-11,20,20912.25,21834.617,4.410654939090724
2024-10-12,20,18282.5,20202.613,10.502465643374812
2024-10-13,20,17284.75,20202.617,16.88116511664907
2024-10-14,20,21001.0,21834.617,3.9694166349221467
2024-10-15,20,21687.25,21834.617,0.6795107148209201
2024-10-16,20,21464.25,21834.617,1.7255072387807633
2024-10-17,20,21208.25,21834.617,2.9534128817794962
2024-10-18,20,20634.75,21834.617,5.8147890694096125
2024-10-19,20,17964.5,20202.613,12.458533670572518
2024-10-20,20,17346.25,20202.617,16.466770555595588
2024-10-21,20,20977.0,21834.617,4.088369106640606
2024-10-22,20,21024.25,21834.617,3.8544404081001704
2024-10-23,20,21484.5,21834.617,1.6296268821708673
2024-10-24,20,21473.75,21834.617,1.6805038127946912
2024-10-25,20,20834.75,21834.617,4.799036165540743
2024-10-26,20,18339.25,20202.613,10.160520638793843
2024-10-27,20,16966.0,20202.613,19.07705576594365
2024-10-28,20,20901.5,21834.617,4.464355130014592
2024-10-29,20,21002.5,21834.617,3.961991132008094
2024-10-30,20,21124.75,21834.617,3.360357814885383
2024-10-31,20,20285.5,21834.617,7.636573845850485
2024-11-01,20,16060.25,20202.617,25.79266940116125
2024-11-02,20,17846.25,20202.617,13.203710513413183
2024-11-03,20,17472.0,20202.617,15.62853243761447
2024-11-04,20,21813.5,21834.617,0.09680788273316983
2024-11-05,20,22116.0,21834.617,1.2723042706637728
2024-11-06,20,21940.5,21834.617,0.48259069984731434
2024-11-07,20,22252.25,21834.617,1.8768116145558313
2024-11-08,20,21743.0,21834.617,0.4213640596973739
2024-11-09,20,19066.75,20202.613,5.957298864515452
2024-11-10,20,17831.25,20202.617,13.298939712583246
2024-11-11,20,18417.5,21834.617,18.553642934708837
2024-11-12,20,22660.25,21834.617,3.6435291424410585
2024-11-13,20,22609.25,21834.617,3.426176509614428
2024-11-14,20,21998.5,21834.617,0.7449726685910404
2024-11-15,20,21509.75,21834.617,1.5103252594753542
2024-11-16,20,18802.0,20202.613,7.449278168545899
2024-11-17,20,17946.0,20202.617,12.574485609606597
2024-11-18,20,22045.75,21834.617,0.9577030153204132
2024-11-19,20,22056.0,21834.617,1.0037305608451215
2024-11-20,20,22338.5,21834.617,2.2556698636882513
2024-11-21,20,22742.25,21834.617,3.990954336092515
2024-11-22,20,22633.5,21834.617,3.5296477014160423
2024-11-23,20,19563.5,20202.613,3.2668657512715007
2024-11-24,20,18307.75,20202.613,10.35006093730797
2024-11-25,20,21841.25,21834.617,0.03036828249298918
2024-11-26,20,21999.75,21834.617,0.7506122228661689
2024-11-27,20,22283.25,21834.617,2.013318580099402
2024-11-28,20,22192.75,21834.617,1.6137378761081886
2024-11-29,20,21939.25,21834.617,0.47692064450699084
2024-11-30,20,19117.75,20202.613,5.67463891540584
2024-12-01,20,18767.5,20202.613,7.646800486212868
2024-12-02,20,22244.5,21834.617,1.8426254242621773
2024-12-03,20,22585.0,21834.617,3.322483119326987
2024-12-04,20,22374.5,21834.617,2.412937998614494
2024-12-05,20,22802.25,21834.617,4.243584788781809
2024-12-06,20,22534.25,21834.617,3.104753042590723
2024-12-07,20,19487.5,20202.613,3.669599903784477
2024-12-08,20,18941.0,20202.613,6.6607532931207425
2024-12-09,20,22717.75,21834.617,3.8874132011312743
2024-12-10,20,23291.5,21834.617,6.254997799626473
2024-12-11,20,22981.25,21834.617,4.9894275224367695
2024-12-12,20,22966.75,21834.617,4.929442835838767
2024-12-13,20,22636.0,21834.617,3.540302228750663
2024-12-14,20,20114.0,20202.613,0.4405552413741672
2024-12-15,20,19177.25,20202.613,5.346769120963642
2024-12-16,20,21869.0,21834.617,0.15722169509351136
2024-12-17,20,21834.0,21834.617,0.0028267266648346616
2024-12-18,20,21562.25,21834.617,1.2631668193254415
2024-12-19,20,21424.0,21834.617,1.916622421116505
2024-12-20,20,21046.0,21834.617,3.7471119808989832
2024-12-21,20,19587.75,20202.613,3.1390194445508035
2024-12-22,20,18829.5,20202.613,7.292351263974083
2024-12-23,20,20714.0,21834.617,5.409950697595829
2024-12-24,20,15217.5,21834.617,43.483602349268935
2024-12-25,20,15599.5,22872.574,46.62376498445463
2024-12-26,20,16509.75,22045.727,33.53155900301337
2024-12-27,20,18831.0,21834.617,15.950385999150338
2024-12-28,20,18397.0,20202.613,9.814715884383324
2024-12-29,20,17453.25,20202.617,15.752751994614183
2024-12-30,20,19518.25,21834.617,11.867699140547948
2024-12-31,20,16615.25,21834.617,31.41311257730097
2024-01-01,21,16214.0,20309.559,25.259396779018132
2024-01-02,21,19855.0,20309.557,2.289381216947872
2024-01-03,21,20909.0,20309.557,2.8669154879477734
2024-01-04,21,21606.0,20309.557,6.000385815861335
2024-01-05,21,21729.0,20309.557,6.532483590478162
2024-01-06,21,18766.0,20309.557,8.22528317502398
2024-01-07,21,20235.0,20309.557,0.36845387015072895
2024-01-08,21,24547.0,20309.557,17.26257122815415
2024-01-09,21,24968.0,20309.557,18.657655236202338
2024-01-10,21,24611.0,20309.557,17.47772686755922
2024-01-11,21,23948.0,20309.557,15.193099045327378
2024-01-12,21,23375.0,20309.557,13.114196189839571
2024-01-13,21,20744.0,20309.557,2.0943085199334748
2024-01-14,21,19540.0,20309.557,3.938365612205732
2024-01-15,21,23038.0,20309.557,11.84323013879243
2024-01-16,21,23798.0,20309.557,14.65855685089083
2024-01-17,21,23311.0,20309.557,12.875652521878084
2024-01-18,21,23195.0,20309.557,12.439936880254365
2024-01-19,21,22857.0,20309.557,11.145134354355339
2024-01-20,21,20254.0,20309.557,0.2742995982275106
2024-01-21,21,19364.0,20309.557,4.883064659290436
2024-01-22,21,22224.0,20309.557,8.614305972709683
2024-01-23,21,22308.0,20309.557,8.95841563284472
2024-01-24,21,21860.0,20309.557,7.092604571706312
2024-01-25,21,22331.0,20309.557,9.052184673212126
2024-01-26,21,21758.0,20309.557,6.657061124069308
2024-01-27,21,19400.0,20309.557,4.688436291881444
2024-01-28,21,18897.0,20309.557,7.475031172276022
2024-01-29,21,21777.0,20309.557,6.738500984410158
2024-01-30,21,21739.0,20309.557,6.575478905998436
2024-01-31,21,21998.0,20309.557,7.675440309914537
2024-02-01,21,22024.0,20309.557,7.784432252883218
2024-02-02,21,21411.0,20309.557,5.144287326024006
2024-02-03,21,18778.0,20309.557,8.156122274070722
2024-02-04,21,17930.0,20309.557,13.271369997908533
2024-02-05,21,21180.0,20309.557,4.109742017823418
2024-02-06,21,21125.0,20309.557,3.860086908284024
2024-02-07,21,22063.0,20309.557,7.947438514141322
2024-02-08,21,22511.0,20309.557,9.779411662631603
2024-02-09,21,21655.0,20309.557,6.21308408854768
2024-02-10,21,18768.0,20309.557,8.213750216458866
2024-02-11,21,18119.0,20309.557,12.089831892626526
2024-02-12,21,21223.0,20309.557,4.3040256296235215
2024-02-13,21,21630.0,20309.557,6.104684971682848
2024-02-14,21,21500.0,20309.557,5.536945857558139
2024-02-15,21,21327.0,20309.557,4.770682043301918
2024-02-16,21,20718.0,20309.557,1.971442028067381
2024-02-17,21,18865.0,20309.557,7.657337082560296
2024-02-18,21,18322.0,20309.557,10.84792402917258
2024-02-19,21,21349.0,20309.557,4.868815210899808
2024-02-20,21,21646.0,20309.557,6.174089251478334
2024-02-21,21,21372.0,20309.557,4.97119295983062
2024-02-22,21,21164.0,20309.557,4.037248910295785
2024-02-23,21,21049.0,20309.557,3.512961942966412
2024-02-24,21,18625.0,20309.557,9.044599412751678
2024-02-25,21,18000.0,20309.557,12.830870225694444
2024-02-26,21,20618.0,20309.557,1.4959906847172375
2024-02-27,21,21190.0,20309.557,4.154994617154318
2024-02-28,21,21486.0,20309.557,5.475394951945453
2024-02-29,21,21079.0,20309.557,3.6502839763508703
2024-03-01,21,20552.0,20309.557,1.1796582297343323
2024-03-02,21,18307.0,20309.557,10.938748241792757
2024-03-03,21,17677.0,20309.557,14.892553264835662
2024-03-04,21,21115.0,20309.557,3.8145553368458445
2024-03-05,21,21786.0,20309.557,6.777028180368126
2024-03-06,21,21626.0,20309.557,6.087317855243688
2024-03-07,21,22266.0,20309.557,8.786685347053803
2024-03-08,21,21443.0,20309.557,5.2858432093223895
2024-03-09,21,18396.0,20309.557,10.402025661149162
2024-03-10,21,17703.0,20309.557,14.72381314254646
2024-03-11,21,21563.0,20309.557,5.812935859458332
2024-03-12,21,21748.0,20309.557,6.614140883644473
2024-03-13,21,21629.0,20309.557,6.100343794789403
2024-03-14,21,21546.0,20309.557,5.738621365334633
2024-03-15,21,20614.0,20309.557,1.47687668271563
2024-03-16,21,18173.0,20309.557,11.756763553761074
2024-03-17,21,18202.0,20309.557,11.578709156274037
2024-03-18,21,22129.0,20309.557,8.221986349925437
2024-03-19,21,21922.0,20309.557,7.355366113379254
2024-03-20,21,21752.0,20309.557,6.63131371540548
2024-03-21,21,21280.0,20309.557,4.560354132401316
2024-03-22,21,20928.0,20309.557,2.9551001499187692
2024-03-23,21,18782.0,20309.557,8.133088279336599
2024-03-24,21,18393.0,20309.557,10.420032841977926
2024-03-25,21,21908.0,20309.557,7.296162860028301
2024-03-26,21,21065.0,20309.557,3.5862490357227625
2024-03-27,21,20861.0,20309.557,2.6434176663391016
2024-03-28,21,20625.0,20309.557,1.5294223484848486
2024-03-29,21,19117.0,20309.557,6.238199720798242
2024-03-30,21,16242.0,20309.557,25.04344686999754
2024-03-31,21,14675.0,20309.562,38.39565587734242
2024-04-01,21,15009.0,20309.564,35.31590681008062
2024-04-02,21,20270.0,20309.557,0.19514869573260976
2024-04-03,21,21255.0,20309.557,4.4480986091507875
2024-04-04,21,20608.0,20309.557,1.4481917671535327
2024-04-05,21,20506.0,20309.557,0.9579799052716278
2024-04-06,21,18371.0,20309.557,10.552265203989984
2024-04-07,21,17450.0,20309.557,16.38714407234957
2024-04-08,21,20586.0,20309.557,1.3428706857815993
2024-04-09,21,20574.0,20309.557,1.2853278865315447
2024-04-10,21,20738.0,20309.557,2.0659820589015334
2024-04-11,21,20672.0,20309.557,1.7533057245307664
2024-04-12,21,20347.0,20309.557,0.18402398080798152
2024-04-13,21,17850.0,20309.557,13.779028799019608
2024-04-14,21,17420.0,20309.557,16.58758117465557
2024-04-15,21,20566.0,20309.557,1.2469287142614023
2024-04-16,21,20889.0,20309.557,2.773916220857868
2024-04-17,21,21463.0,20309.557,5.374101287681126
2024-04-18,21,21570.0,20309.557,5.843501897890588
2024-04-19,21,21130.0,20309.557,3.882836532773308
2024-04-20,21,19092.0,20309.557,6.377313223470564
2024-04-21,21,18312.0,20309.557,10.908456971521407
2024-04-22,21,22270.0,20309.557,8.80306851986978
2024-04-23,21,21608.0,20309.557,6.009086261454091
2024-04-24,21,21674.0,20309.557,6.295300172441635
2024-04-25,21,21730.0,20309.557,6.536784902784169
2024-04-26,21,20821.0,20309.557,2.4563823033235677
2024-04-27,21,18009.0,20309.557,12.774482984202344
2024-04-28,21,17301.0,20309.557,17.389495639702908
2024-04-29,21,20103.0,20309.557,1.0274916212754315
2024-04-30,21,18951.0,20309.557,7.168786030420558
2024-05-01,21,16396.0,20309.557,23.868971948188584
2024-05-02,21,16988.0,20309.559,19.552381644396043
2024-05-03,21,16391.0,20309.559,23.906769530535048
2024-05-04,21,17308.0,20309.559,17.342030238906865
2024-05-05,21,16731.0,20309.559,21.3887908298966
2024-05-06,21,20267.0,20309.557,0.20997997051857697
2024-05-07,21,20335.0,20309.557,0.12512101979345955
2024-05-08,21,20494.0,20309.557,0.899987115131258
2024-05-09,21,20768.0,20309.557,2.207450690364985
2024-05-10,21,20559.0,20309.557,1.2133049242424243
2024-05-11,21,17938.0,20309.557,13.220853164371723
2024-05-12,21,17398.0,20309.557,16.735007705627083
2024-05-13,21,20544.0,20309.557,1.141176788235008
2024-05-14,21,20493.0,20309.557,0.8951513169130922
2024-05-15,21,20534.0,20309.557,1.0930328205658908
2024-05-16,21,20366.0,20309.557,0.2771450425955023
2024-05-17,21,20107.0,20309.557,1.0073936471129457
2024-05-18,21,18120.0,20309.557,12.083645919564018
2024-05-19,21,17413.0,20309.557,16.63444920820651
2024-05-20,21,20822.0,20309.557,2.4610669454183074
2024-05-21,21,20624.0,20309.557,1.5246477859532583
2024-05-22,21,21067.0,20309.557,3.5954020951013432
2024-05-23,21,21292.0,20309.557,4.614143149422318
2024-05-24,21,20398.0,20309.557,0.43358838795470145
2024-05-25,21,18354.0,20309.557,10.654661875476735
2024-05-26,21,17498.0,20309.557,16.06787427491713
2024-05-27,21,20772.0,20309.557,2.2262823000914693
2024-05-28,21,20812.0,20309.557,2.4142002660724584
2024-05-29,21,20524.0,20309.557,1.044841938096862
2024-05-30,21,16632.0,20309.557,22.111331413089225
2024-05-31,21,18272.0,20309.557,11.151251316905649
2024-06-01,21,17287.0,20309.557,17.48456435833285
2024-06-02,21,16761.0,20309.559,21.17152075502655
2024-06-03,21,20232.0,20309.557,0.3833364997281534
2024-06-04,21,20495.0,20309.557,0.9048224414491339
2024-06-05,21,20974.0,20309.557,3.167938206231525
2024-06-06,21,20970.0,20309.557,3.149467617429661
2024-06-07,21,20525.0,20309.557,1.0496631394640683
2024-06-08,21,17140.0,20309.557,18.49216243071762
2024-06-09,21,17288.0,20309.559,17.477779926827857
2024-06-10,21,20700.0,20309.557,1.8861998037439616
2024-06-11,21,20279.0,20309.557,0.15068120037970315
2024-06-12,21,20590.0,20309.557,1.3620367138173872
2024-06-13,21,20958.0,20309.557,3.0940135479291917
2024-06-14,21,19115.0,20309.557,6.24931541001831
2024-06-15,21,16741.25,20309.557,21.31445764578511
2024-06-16,21,16114.0,20309.559,26.03672951315626
2024-06-17,21,19878.5,20309.557,2.1684565768292376
2024-06-18,21,20020.25,20309.557,1.4450700696794496
2024-06-19,21,19458.25,20309.557,4.375042157568126
2024-06-20,21,20003.75,20309.557,1.5287465631444104
2024-06-21,21,19460.25,20309.557,4.3643151584640485
2024-06-22,21,16844.25,20309.557,20.572638381792004
2024-06-23,21,16216.25,20309.559,25.242017073922764
2024-06-24,21,19600.5,20309.557,3.617543637279661
2024-06-25,21,19929.75,20309.557,1.9057270694564656
2024-06-26,21,20078.0,20309.557,1.153285390103596
2024-06-27,21,19977.5,20309.557,1.6621531253910649
2024-06-28,21,19408.5,20309.557,4.642587735399439
2024-06-29,21,17481.0,20309.557,16.180748473342486
2024-06-30,21,17131.25,20309.557,18.552683783290767
2024-07-01,21,19166.75,20309.557,5.96244350568041
2024-07-02,21,18905.75,20309.557,7.425289346495114
2024-07-03,21,18865.0,20309.557,7.657337082560296
2024-07-04,21,19008.0,20309.557,6.847414986453073
2024-07-05,21,18502.75,20309.557,9.765070817175825
2024-07-06,21,16680.5,20309.557,21.756282129582445
2024-07-07,21,16265.5,20309.559,24.862799137745533
2024-07-08,21,19717.5,20309.557,3.0026962881957653
2024-07-09,21,20046.0,20309.557,1.3147592568342812
2024-07-10,21,20474.25,20309.557,0.8043926364824108
2024-07-11,21,20036.25,20309.557,1.3640608428473393
2024-07-12,21,19322.75,20309.557,5.106967903766286
2024-07-13,21,16976.25,20309.557,19.635117535527574
2024-07-14,21,16593.5,20309.559,22.394664138066112
2024-07-15,21,20202.5,20309.557,0.5299177855463433
2024-07-16,21,19698.5,20309.557,3.1020465549407317
2024-07-17,21,19037.25,20309.557,6.683248056441976
2024-07-18,21,19120.5,20309.557,6.218752860150101
2024-07-19,21,18844.75,20309.557,7.77302241008769
2024-07-20,21,16887.0,20309.557,20.267404752916445
2024-07-21,21,16757.75,20309.559,21.195020773970253
2024-07-22,21,19133.25,20309.557,6.147970891641514
2024-07-23,21,19399.5,20309.557,4.69113451699786
2024-07-24,21,18895.25,20309.557,7.484985065691113
2024-07-25,21,18970.75,20309.557,7.057215137118986
2024-07-26,21,18757.25,20309.557,8.275768786069387
2024-07-27,21,17042.75,20309.557,19.168306996376757
2024-07-28,21,15278.25,20309.559,32.93118383159066
2024-07-29,21,18104.0,20309.559,12.182714282755192
2024-07-30,21,18983.75,20309.557,6.983902762230855
2024-07-31,21,19139.75,20309.557,6.111922259303283
2024-08-01,21,19034.75,20309.557,6.697259699365634
2024-08-02,21,18479.75,20309.557,9.90168503699996
2024-08-03,21,16421.0,20309.557,23.68038877428293
2024-08-04,21,15933.25,20309.559,27.466515580625423
2024-08-05,21,18155.0,20309.559,11.86757694161388
2024-08-06,21,18619.5,20309.557,9.076810014366659
2024-08-07,21,18916.0,20309.557,7.367078878330514
2024-08-08,21,18825.75,20309.557,7.881792973055522
2024-08-09,21,18610.5,20309.557,9.129559338142448
2024-08-10,21,16672.75,20309.557,21.81287814322772
2024-08-11,21,15959.25,20309.559,27.258853603709447
2024-08-12,21,18858.75,20309.557,7.693015924305693
2024-08-13,21,18470.75,20309.557,9.955235389061084
2024-08-14,21,18184.0,20309.557,11.689158824378575
2024-08-15,21,16417.0,20309.559,23.710535382530303
2024-08-16,21,18010.0,20309.559,12.768232058578569
2024-08-17,21,16731.0,20309.557,21.38877915620704
2024-08-18,21,16441.0,20309.559,23.529947045496016
2024-08-19,21,19008.5,20309.557,6.8446044697109185
2024-08-20,21,19304.75,20309.557,5.204971007783059
2024-08-21,21,19015.0,20309.557,6.808081202340258
2024-08-22,21,18683.25,20309.557,8.704623877671176
2024-08-23,21,18686.0,20309.557,8.68862592649577
2024-08-24,21,16661.5,20309.557,21.8951273332233
2024-08-25,21,16344.75,20309.559,24.257382913473748
2024-08-26,21,19094.0,20309.557,6.366170737535351
2024-08-27,21,19294.25,20309.557,5.262223930056882
2024-08-28,21,19544.5,20309.557,3.9144344476707005
2024-08-29,21,19946.5,20309.557,1.8201521100193014
2024-08-30,21,19686.0,20309.557,3.1675131597328052
2024-08-31,21,16612.0,20309.557,22.25834722264026
2024-09-01,21,16002.5,20309.559,26.914910756131853
2024-09-02,21,18981.25,20309.557,6.997993496871913
2024-09-03,21,19229.0,20309.557,5.619411517109574
2024-09-04,21,19274.75,20309.557,5.368716277124217
2024-09-05,21,19131.75,20309.557,6.156293285376403
2024-09-06,21,18868.5,20309.557,7.6373672556112036
2024-09-07,21,16623.5,20309.557,22.17376990781123
2024-09-08,21,16039.25,20309.559,26.624116425331607
2024-09-09,21,18986.75,20309.557,6.966998778753604
2024-09-10,21,18771.0,20309.557,8.196455386633637
2024-09-11,21,18763.75,20309.557,8.238260692159082
2024-09-12,21,18835.75,20309.557,7.824517954554504
2024-09-13,21,18478.25,20309.557,9.910606473150867
2024-09-14,21,16215.25,20309.557,25.24972874685867
2024-09-15,21,15632.25,20309.559,29.920891706248298
2024-09-16,21,18774.0,20309.557,8.179166084079045
2024-09-17,21,18714.25,20309.557,8.524555569285438
2024-09-18,21,18543.25,20309.557,9.525334774783277
2024-09-19,21,18388.0,20309.557,10.450057867223189
2024-09-20,21,18262.5,20309.557,11.209071269678303
2024-09-21,21,16248.5,20309.557,24.993424873834506
2024-09-22,21,15581.25,20309.559,30.34614420377056
2024-09-23,21,18453.0,20309.557,10.061001683330623
2024-09-24,21,18845.5,20309.557,7.768733334881006
2024-09-25,21,18756.75,20309.557,8.278655100830367
2024-09-26,21,18863.75,20309.557,7.6644709595122915
2024-09-27,21,18346.0,20309.557,10.702914208138013
2024-09-28,21,16179.0,20309.557,25.530358122411766
2024-09-29,21,16152.25,20309.559,25.73826305158724
2024-09-30,21,18738.0,20309.557,8.387003098649801
2024-10-01,21,19353.25,20309.557,4.9413232435120715
2024-10-02,21,19845.75,20309.557,2.337057761107542
2024-10-03,21,19755.75,20309.557,2.803268114979183
2024-10-04,21,19495.75,20309.557,4.174277166177244
2024-10-05,21,17599.25,20309.557,15.400125804366663
2024-10-06,21,16995.0,20309.557,19.503128217858194
2024-10-07,21,19516.0,20309.557,4.0661848771520805
2024-10-08,21,19468.75,20309.557,4.31875
2024-10-09,21,19502.75,20309.557,4.13688654484624
2024-10-10,21,19395.75,20309.557,4.7113756396375495
2024-10-11,21,19306.25,20309.557,5.196797102622208
2024-10-12,21,17231.5,20309.557,17.862963993993556
2024-10-13,21,16296.5,20309.559,24.625279009296474
2024-10-14,21,19484.0,20309.557,4.237100393271402
2024-10-15,21,20146.25,20309.557,0.8106056493143885
2024-10-16,21,19749.25,20309.557,2.837103386837475
2024-10-17,21,19497.25,20309.557,4.166262629986281
2024-10-18,21,19170.75,20309.557,5.940334314646011
2024-10-19,21,16861.25,20309.557,20.451073559937726
2024-10-20,21,16428.25,20309.559,23.62581890189156
2024-10-21,21,19407.5,20309.557,4.647979598737601
2024-10-22,21,19450.5,20309.557,4.4166301155497285
2024-10-23,21,19928.5,20309.557,1.9121190286524326
2024-10-24,21,19682.25,20309.557,3.1871693562727836
2024-10-25,21,19389.5,20309.557,4.74512824273447
2024-10-26,21,17183.75,20309.557,18.190480195679058
2024-10-27,21,15997.0,20309.559,26.958545938300933
2024-10-28,21,19264.5,20309.557,5.424779468063017
2024-10-29,21,19498.75,20309.557,4.158249326879928
2024-10-30,21,19577.0,20309.557,3.741924915078919
2024-10-31,21,18534.75,20309.557,9.575562878511985
2024-11-01,21,15312.75,20309.559,32.63168662552448
2024-11-02,21,16940.75,20309.559,19.885829102902765
2024-11-03,21,16507.5,20309.559,23.032310124185976
2024-11-04,21,20235.75,20309.557,0.3647339022522022
2024-11-05,21,20410.75,20309.557,0.495784620236885
2024-11-06,21,20387.0,20309.557,0.37986638237602394
2024-11-07,21,20633.75,20309.557,1.5711800296843763
2024-11-08,21,20154.75,20309.557,0.7680901059303638
2024-11-09,21,18056.0,20309.557,12.480929555964776
2024-11-10,21,16924.25,20309.557,20.002698143935476
2024-11-11,21,17550.5,20309.557,15.72067257699211
2024-11-12,21,20900.0,20309.557,2.8250878438995217
2024-11-13,21,20937.5,20309.557,2.999132462686567
2024-11-14,21,20380.75,20309.557,0.3493166805686739
2024-11-15,21,19997.25,20309.557,1.5617479434672268
2024-11-16,21,17634.0,20309.557,15.172715439633663
2024-11-17,21,17045.5,20309.557,19.14908122745006
2024-11-18,21,20472.75,20309.557,0.7971247603521754
2024-11-19,21,20291.75,20309.557,0.08775310471004226
2024-11-20,21,20736.0,20309.557,2.056536262418017
2024-11-21,21,20988.25,20309.557,3.2336824622109988
2024-11-22,21,21000.5,20309.557,3.2901281368300754
2024-11-23,21,18465.75,20309.557,9.98500814007013
2024-11-24,21,17504.75,20309.557,16.02311738599523
2024-11-25,21,20185.25,20309.557,0.6158290862139434
2024-11-26,21,20485.5,20309.557,0.8588677814795831
2024-11-27,21,20672.5,20309.557,1.7556819899625105
2024-11-28,21,20495.5,20309.557,0.9072399276670489
2024-11-29,21,20477.75,20309.557,0.8213468734358023
2024-11-30,21,18043.0,20309.557,12.561972181039739
2024-12-01,21,17842.5,20309.557,13.82685520877119
2024-12-02,21,20786.0,20309.557,2.2921358576686233
2024-12-03,21,21033.25,20309.557,3.4407110616523835
2024-12-04,21,20856.75,20309.557,2.623579221954523
2024-12-05,21,21151.5,20309.557,3.980537358461575
2024-12-06,21,20944.5,20309.557,3.0315517647831176
2024-12-07,21,18333.25,20309.557,10.779903402970014
2024-12-08,21,18075.75,20309.557,12.358030182011811
2024-12-09,21,21099.25,20309.557,3.7427555926158513
2024-12-10,21,21608.5,20309.557,6.011261121202304
2024-12-11,21,21253.25,20309.557,4.440230832343288
2024-12-12,21,21390.25,20309.557,5.052270821402274
2024-12-13,21,21087.25,20309.557,3.6879790365031
2024-12-14,21,18951.25,20309.557,7.167372287448058
2024-12-15,21,18153.75,20309.557,11.875268969909799
2024-12-16,21,20349.75,20309.557,0.19751279192619073
2024-12-17,21,20114.75,20309.557,0.9684765688114444
2024-12-18,21,19955.0,20309.557,1.7767809602856426
2024-12-19,21,19828.5,20309.557,2.4260868982777315
2024-12-20,21,19712.5,20309.557,3.028822526949905
2024-12-21,21,18503.5,20309.557,9.760621723592834
2024-12-22,21,17847.75,20309.557,13.793372501435755
2024-12-23,21,19219.0,20309.557,5.674367244003331
2024-12-24,21,14988.5,20309.557,35.5009283158755
2024-12-25,21,15225.5,20304.025,33.35539319316278
2024-12-26,21,16018.25,20303.809,26.75422467341938
2024-12-27,21,17801.5,20309.559,14.08902954104991
2024-12-28,21,17414.0,20309.557,16.627751467928103
2024-12-29,21,16666.75,20309.557,21.856730560097198
2024-12-30,21,18436.75,20309.557,10.15800854611035
2024-12-31,21,15793.0,20309.557,28.5984717319382
2024-01-01,22,15425.0,18354.283,18.990490782009726
2024-01-02,22,18607.0,20584.479,10.627605286316978
2024-01-03,22,19363.0,19533.672,0.8814330165780097
2024-01-04,22,20054.0,19533.672,2.5946351102024536
2024-01-05,22,20426.0,19533.674,4.368580103177323
2024-01-06,22,18063.0,18354.28,1.612574305901567
2024-01-07,22,19441.0,18354.28,5.589839530502546
2024-01-08,22,23091.0,19533.674,15.405682611731844
2024-01-09,22,23410.0,19533.674,16.558420213049978
2024-01-10,22,22920.0,19533.674,14.774546997709423
2024-01-11,22,22193.0,19533.674,11.982725056887308
2024-01-12,22,21844.0,19533.674,10.576479453740157
2024-01-13,22,19549.0,18354.28,6.111415945189012
2024-01-14,22,18658.0,18354.28,1.6278309739789905
2024-01-15,22,21573.0,19533.674,9.453141296412182
2024-01-16,22,22246.0,19533.674,12.192421882023735
2024-01-17,22,21726.0,19533.674,10.09079523094449
2024-01-18,22,21637.0,19533.674,9.720969505361186
2024-01-19,22,21303.0,19533.674,8.305525850232362
2024-01-20,22,19290.0,18354.28,4.850807170165889
2024-01-21,22,18600.0,18354.28,1.3210790490591398
2024-01-22,22,20640.0,19533.674,5.360107421875
2024-01-23,22,20666.0,19533.674,5.479174353406561
2024-01-24,22,20192.0,19533.674,3.260331675292195
2024-01-25,22,20815.0,19533.674,6.155782713788134
2024-01-26,22,20273.0,19533.674,3.646851338603068
2024-01-27,22,18433.0,18354.28,0.4270639783269137
2024-01-28,22,18086.0,18354.28,1.4833534052582107
2024-01-29,22,20204.0,19533.674,3.3177894074193226
2024-01-30,22,20298.0,19533.674,3.7655245436742533
2024-01-31,22,20472.0,19533.674,4.583461175630129
2024-02-01,22,20419.0,19533.674,4.3357959345462564
2024-02-02,22,20040.0,19533.674,2.526577703967066
2024-02-03,22,17714.0,18354.28,3.614538200716947
2024-02-04,22,17222.0,18354.28,6.574609783271397
2024-02-05,22,19646.0,19533.674,0.571750849409549
2024-02-06,22,19578.0,19533.674,0.22640806964449892
2024-02-07,22,20546.0,19533.674,4.927120470529543
2024-02-08,22,21047.0,19533.674,7.190222700978762
2024-02-09,22,20221.0,19533.674,3.3990711234607582
2024-02-10,22,17725.0,18354.28,3.5502358074753175
2024-02-11,22,17393.0,18354.28,5.526817092364745
2024-02-12,22,19762.0,19533.674,1.1553798799463617
2024-02-13,22,20250.0,19533.674,3.5374131944444445
2024-02-14,22,19892.0,19533.674,1.801358193620551
2024-02-15,22,19800.0,19533.674,1.3450816761363635
2024-02-16,22,19327.0,19533.674,1.069352864515962
2024-02-17,22,17939.0,18354.28,2.3149523210602596
2024-02-18,22,17573.0,18354.28,4.4459073400956015
2024-02-19,22,19867.0,19533.674,1.6777881505763326
2024-02-20,22,20093.0,19533.674,2.7836867161449264
2024-02-21,22,19752.0,19533.674,1.1053370386543133
2024-02-22,22,19525.0,19533.674,0.044424215749039694
2024-02-23,22,19623.0,19533.674,0.45521159799724814
2024-02-24,22,17555.0,18354.28,4.553000836656223
2024-02-25,22,17230.0,18354.28,6.525126505368544
2024-02-26,22,19063.0,19533.674,2.469043844751613
2024-02-27,22,19607.0,19533.674,0.3739795576834804
2024-02-28,22,19853.0,19533.674,1.6084529888429961
2024-02-29,22,19414.0,19533.674,0.6164305559132585
2024-03-01,22,19170.0,19533.674,1.8970987382629108
2024-03-02,22,17291.0,18354.28,6.149322172662078
2024-03-03,22,16818.0,18354.28,9.134732410958497
2024-03-04,22,19463.0,19533.674,0.36311888262343933
2024-03-05,22,20185.0,19533.674,3.226783115556106
2024-03-06,22,19964.0,19533.674,2.155510778776798
2024-03-07,22,20764.0,19533.674,5.925284973391447
2024-03-08,22,20014.0,19533.674,2.3999508937493754
2024-03-09,22,17414.0,18354.28,5.399559531842196
2024-03-10,22,16922.0,18354.28,8.464007191082615
2024-03-11,22,19824.0,19533.674,1.4645186232596852
2024-03-12,22,20120.0,19533.674,2.914145983474155
2024-03-13,22,19952.0,19533.674,2.0966628502155173
2024-03-14,22,19956.0,19533.674,2.116286690093205
2024-03-15,22,19156.0,19533.674,1.9715693679525996
2024-03-16,22,16993.0,18354.28,8.010823850261872
2024-03-17,22,17444.0,18354.28,5.218294524621647
2024-03-18,22,20368.0,19533.674,4.096259681240181
2024-03-19,22,20195.0,19533.674,3.2747025099034412
2024-03-20,22,20094.0,19533.674,2.7885247928486114
2024-03-21,22,19586.0,19533.674,0.26716109402123966
2024-03-22,22,19394.0,19533.674,0.7201909256728884
2024-03-23,22,17614.0,18354.28,4.202789240802771
2024-03-24,22,17530.0,18354.28,4.702106656446093
2024-03-25,22,20154.0,19533.674,3.0779307922744867
2024-03-26,22,19473.0,19533.674,0.3115792539670313
2024-03-27,22,19073.0,19533.674,2.4153191848424473
2024-03-28,22,19027.0,19533.674,2.6629202087822565
2024-03-29,22,17561.0,19533.674,11.233265919509138
2024-03-30,22,15110.0,18354.28,21.471074102415617
2024-03-31,22,14009.0,18354.287,31.017825036583623
2024-04-01,22,14451.0,18354.287,27.010498300290635
2024-04-02,22,18515.0,19533.674,5.501884029840669
2024-04-03,22,19517.0,19533.674,0.0854323314290106
2024-04-04,22,18939.0,19533.674,3.139943123316965
2024-04-05,22,18911.0,19533.674,3.2926541596160965
2024-04-06,22,17059.0,18354.28,7.592938020253238
2024-04-07,22,16574.0,18354.28,10.741397953873538
2024-04-08,22,18605.0,19533.674,4.991528235017468
2024-04-09,22,18862.0,19533.674,3.5609894397465807
2024-04-10,22,19047.0,19533.674,2.5551206390770203
2024-04-11,22,18883.0,19533.674,3.445818080416248
2024-04-12,22,18676.0,19533.674,4.592385029583423
2024-04-13,22,16495.0,18354.28,11.271775064413458
2024-04-14,22,16473.0,18354.28,11.420380603866933
2024-04-15,22,18784.0,19533.674,3.991023360972104
2024-04-16,22,19190.0,19533.674,1.7909006155549765
2024-04-17,22,19638.0,19533.674,0.5312464195692025
2024-04-18,22,19787.0,19533.674,1.2802656889624502
2024-04-19,22,19517.0,19533.674,0.0854323314290106
2024-04-20,22,17888.0,18354.28,2.6066597544443204
2024-04-21,22,17566.0,18354.28,4.487528730929068
2024-04-22,22,20404.0,19533.674,4.265468397740639
2024-04-23,22,19819.0,19533.674,1.4396597803875069
2024-04-24,22,19880.0,19533.674,1.7420833595321932
2024-04-25,22,20009.0,19533.674,2.3755618565395573
2024-04-26,22,19023.0,19533.674,2.684507323371708
2024-04-27,22,16758.0,18354.28,9.52547617182838
2024-04-28,22,16381.0,18354.28,12.046146736310359
2024-04-29,22,18360.0,18367.479,0.04073265590958605
2024-04-30,22,17191.0,19533.674,13.627327253359317
2024-05-01,22,15331.0,19533.672,27.412901148000785
2024-05-02,22,15829.0,19533.67,23.404320689083328
2024-05-03,22,15438.0,18354.283,18.890291508777043
2024-05-04,22,16160.0,18354.283,13.578485167852723
2024-05-05,22,15737.0,18354.28,16.631373812511914
2024-05-06,22,18410.0,18354.33,0.30238958107007063
2024-05-07,22,18547.0,19533.674,5.3198567322208445
2024-05-08,22,18741.0,19533.674,4.229623969505362
2024-05-09,22,19045.0,19533.674,2.5658904075872933
2024-05-10,22,18810.0,19533.674,3.847282446172249
2024-05-11,22,16778.0,18354.28,9.394917730808201
2024-05-12,22,16374.0,18354.28,12.094047250977159
2024-05-13,22,18692.0,19237.357,2.917598019874813
2024-05-14,22,18817.0,19533.674,3.80865083767338
2024-05-15,22,18858.0,19533.674,3.58295592387846
2024-05-16,22,18612.0,19533.674,4.952040770067699
2024-05-17,22,18613.0,19533.674,4.946402128216838
2024-05-18,22,16861.0,18354.28,8.856410040181483
2024-05-19,22,16406.0,18354.28,11.875407149061319
2024-05-20,22,19035.0,18354.639,3.574264923167849
2024-05-21,22,18928.0,19533.674,3.1998828620297974
2024-05-22,22,19391.0,19533.674,0.735773441931824
2024-05-23,22,19568.0,19533.674,0.17541992985997545
2024-05-24,22,18871.0,19533.674,3.511598898442054
2024-05-25,22,17345.0,18354.28,5.818848641539349
2024-05-26,22,16711.0,18354.28,9.833518621716236
2024-05-27,22,18915.0,18354.28,2.964423489955062
2024-05-28,22,19289.0,19533.674,1.2684630002851365
2024-05-29,22,18843.0,19533.674,3.6654133000318416
2024-05-30,22,15991.0,19533.674,22.1541731481771
2024-05-31,22,17183.0,18354.338,6.816841591252983
2024-06-01,22,16501.0,18354.28,11.231315052875583
2024-06-02,22,16133.0,18354.28,13.76854457865865
2024-06-03,22,18713.0,18354.28,1.9169598841714315
2024-06-04,22,19038.0,19533.674,2.6036024168767726
2024-06-05,22,19538.0,19533.674,0.022142347604667826
2024-06-06,22,19498.0,19533.674,0.18296147361267823
2024-06-07,22,19189.0,19533.674,1.7962052640835895
2024-06-08,22,16405.0,18354.28,11.882226741085034
2024-06-09,22,16869.0,18354.28,8.804785683057679
2024-06-10,22,19293.0,18354.28,4.865602566345307
2024-06-11,22,18956.0,19533.674,3.0474458120120276
2024-06-12,22,19331.0,19533.674,1.048439439889297
2024-06-13,22,19627.0,19533.674,0.47549891412340145
2024-06-14,22,17855.25,19533.674,9.400169855504684
2024-06-15,22,15969.25,18354.28,14.935136571066268
2024-06-16,22,15564.75,18354.283,17.92212019547375
2024-06-17,22,18734.0,18354.28,2.026906710392869
2024-06-18,22,18503.25,19533.674,5.568880213611123
2024-06-19,22,18040.25,19533.674,8.278287873643658
2024-06-20,22,18830.75,19533.674,3.732850938624325
2024-06-21,22,18377.0,19533.67,6.294117221935028
2024-06-22,22,16091.25,18354.28,14.063725918589295
2024-06-23,22,15804.75,18354.283,16.131436455021433
2024-06-24,22,18454.0,18354.28,0.540374461498862
2024-06-25,22,18713.75,19533.674,4.381397785719057
2024-06-26,22,18844.75,19533.674,3.655786508841985
2024-06-27,22,18784.5,19533.674,3.988255360137347
2024-06-28,22,18480.5,19475.682,5.3850363389789235
2024-06-29,22,16607.75,18354.28,10.516351082326022
2024-06-30,22,16220.25,18354.28,13.156574632789262
2024-07-01,22,18162.75,18354.28,1.0545170575766336
2024-07-02,22,17718.0,19533.674,10.247622915255672
2024-07-03,22,17843.5,19533.674,9.47221020609746
2024-07-04,22,17929.75,19533.674,8.945600625357297
2024-07-05,22,17517.0,18354.28,4.779809881115487
2024-07-06,22,15932.5,18354.28,15.20024664600659
2024-07-07,22,15581.25,18354.283,17.79724478539912
2024-07-08,22,18601.25,18354.28,1.3277102513271957
2024-07-09,22,18709.75,19533.674,4.403713722123491
2024-07-10,22,19293.5,19533.674,1.2448432276414336
2024-07-11,22,18954.75,19533.674,3.0542414335456813
2024-07-12,22,17907.25,18354.28,2.496359278364908
2024-07-13,22,16380.5,18354.28,12.049566843960807
2024-07-14,22,16072.75,18354.281,14.19502729775552
2024-07-15,22,18833.75,18354.28,2.5458058173491738
2024-07-16,22,18580.5,19533.674,5.129968666747396
2024-07-17,22,17806.0,19533.674,9.702762148292711
2024-07-18,22,17934.75,19533.674,8.915227857232468
2024-07-19,22,17806.0,18354.28,3.079182842159946
2024-07-20,22,16023.5,18354.28,14.546006158922834
2024-07-21,22,15946.5,18354.28,15.099108248675257
2024-07-22,22,17778.5,18354.28,3.2386269757009876
2024-07-23,22,18111.0,19533.674,7.855302457760477
2024-07-24,22,17641.25,19533.674,10.727266084461135
2024-07-25,22,17813.0,19533.674,9.659652097484983
2024-07-26,22,17520.0,18354.28,4.761868132848174
2024-07-27,22,16088.25,18354.28,14.084995551877924
2024-07-28,22,14469.5,18354.283,26.848081848889045
2024-07-29,22,16707.5,18354.28,9.856527289390993
2024-07-30,22,17564.5,19533.674,11.211100960033022
2024-07-31,22,17689.25,19533.674,10.42680627005102
2024-08-01,22,17639.5,19533.674,10.7382512436577
2024-08-02,22,17133.0,18354.28,7.128227962849472
2024-08-03,22,15293.5,18354.28,20.013595951711512
2024-08-04,22,15062.75,18354.283,21.85213990224229
2024-08-05,22,16887.5,18354.28,8.685591691339749
2024-08-06,22,17244.5,19533.674,13.274805463336136
2024-08-07,22,17442.0,19533.674,11.992167343911248
2024-08-08,22,17461.25,19533.674,11.868702573555732
2024-08-09,22,17221.0,18354.28,6.580798425614076
2024-08-10,22,15659.75,18354.28,17.20671975526429
2024-08-11,22,15160.5,18354.283,21.06647671993008
2024-08-12,22,17265.25,18354.28,6.307636998450645
2024-08-13,22,17010.5,19533.674,14.83303740704271
2024-08-14,22,16717.5,19533.672,16.845652011365335
2024-08-15,22,15490.0,19533.672,26.10504761136217
2024-08-16,22,16796.5,18354.28,9.274427987229481
2024-08-17,22,15654.25,18354.28,17.247899432262802
2024-08-18,22,15398.5,18354.283,19.195267091762187
2024-08-19,22,17481.25,18354.28,4.994089649624598
2024-08-20,22,17860.0,19533.674,9.371074065649495
2024-08-21,22,17494.25,19533.674,11.657680827271818
2024-08-22,22,17264.25,19533.674,13.14522106737912
2024-08-23,22,17265.75,18354.28,6.3045584285362635
2024-08-24,22,15521.5,18354.28,18.25068000434881
2024-08-25,22,15462.5,18354.283,18.70191238884398
2024-08-26,22,17680.5,18354.28,3.810861100506208
2024-08-27,22,17684.0,19533.674,10.459589618440399
2024-08-28,22,18034.5,19533.674,8.312810602595027
2024-08-29,22,18339.25,19533.674,6.512937160052893
2024-08-30,22,18173.5,18354.28,0.9947412269238176
2024-08-31,22,15457.0,18354.28,18.7441243247396
2024-09-01,22,15030.0,18354.283,22.117652715402528
2024-09-02,22,17374.25,18354.28,5.640699868339641
2024-09-03,22,17607.75,19533.674,10.93793260425097
2024-09-04,22,17591.25,19533.674,11.041988648475805
2024-09-05,22,17603.5,19533.674,10.964716267361604
2024-09-06,22,17593.0,18354.28,4.327171584579094
2024-09-07,22,15539.25,18354.28,18.115605945428513
2024-09-08,22,15258.75,18354.283,20.286938334562134
2024-09-09,22,17306.5,18354.28,6.0542530082627914
2024-09-10,22,17182.75,19533.674,13.681883447789206
2024-09-11,22,17428.25,19533.674,12.08052344971526
2024-09-12,22,17443.25,19533.672,11.98413068092242
2024-09-13,22,16935.75,18354.28,8.375946130965561
2024-09-14,22,15077.25,18354.28,21.734927104578087
2024-09-15,22,14824.75,18354.283,23.808382624496197
2024-09-16,22,17238.75,18354.28,6.471056758030599
2024-09-17,22,17174.25,19533.674,13.738147681121445
2024-09-18,22,17179.75,19533.672,13.701723686316738
2024-09-19,22,17018.5,19533.674,14.779057073919558
2024-09-20,22,16852.25,18354.28,8.912930302333516
2024-09-21,22,15087.75,18354.281,21.65022120594522
2024-09-22,22,14653.0,18354.287,25.259585814338358
2024-09-23,22,16828.5,18354.28,9.066638719285736
2024-09-24,22,17220.5,19533.674,13.432675172759211
2024-09-25,22,17151.75,19533.672,13.88734021309779
2024-09-26,22,17380.75,19533.672,12.386818031442832
2024-09-27,22,17016.25,18354.28,7.863244233453316
2024-09-28,22,15190.5,18354.28,20.827354576050823
2024-09-29,22,15263.75,18354.283,20.24753552125133
2024-09-30,22,17238.25,18354.28,6.474144979188723
2024-10-01,22,17804.5,19533.674,9.712004426549468
2024-10-02,22,18243.75,19533.674,7.0704971736896205
2024-10-03,22,18254.5,19533.674,7.007443798104577
2024-10-04,22,18079.5,18354.28,1.5198390269365858
2024-10-05,22,16373.0,18354.28,12.100893525163379
2024-10-06,22,16055.0,18354.28,14.321266252725007
2024-10-07,22,17924.0,18354.28,2.4005763048147735
2024-10-08,22,17817.5,19533.674,9.631956380665077
2024-10-09,22,17812.0,19533.674,9.665808601644958
2024-10-10,22,17993.75,19533.674,8.55810394234109
2024-10-11,22,17957.5,18354.28,2.2095464116664347
2024-10-12,22,16070.75,18354.28,14.209226681237652
2024-10-13,22,15546.5,18354.283,18.060548696651978
2024-10-14,22,17887.75,18354.28,2.608093789744378
2024-10-15,22,18682.25,19533.674,4.557394468680164
2024-10-16,22,18342.25,19533.674,6.495516243236245
2024-10-17,22,18197.0,19533.674,7.345572501648623
2024-10-18,22,17772.75,18354.28,3.272027665245952
2024-10-19,22,15939.25,18354.28,15.151461310130651
2024-10-20,22,15598.75,18354.283,17.665089850949595
2024-10-21,22,17940.25,18354.28,2.3078234521536767
2024-10-22,22,17926.75,19533.674,8.963832418731783
2024-10-23,22,18480.25,19533.672,5.700257707552658
2024-10-24,22,18158.75,19533.672,7.571676877538377
2024-10-25,22,18008.0,18354.28,1.9229192407541094
2024-10-26,22,16001.75,18354.28,14.701700107019544
2024-10-27,22,15250.75,18354.283,20.35003657607003
2024-10-28,22,17847.0,18354.28,2.842378533507032
2024-10-29,22,18000.25,19533.674,8.518902949264593
2024-10-30,22,18063.75,19533.672,8.13741263580375
2024-10-31,22,16819.25,19533.672,16.138780712576363
2024-11-01,22,14644.75,18354.283,25.330123102989127
2024-11-02,22,16003.25,18354.29,14.691010029212817
2024-11-03,22,15703.75,18354.283,16.878345637984555
2024-11-04,22,18676.5,18354.28,1.7252734887425376
2024-11-05,22,18976.5,19533.674,2.9361253557031066
2024-11-06,22,18915.0,19533.672,3.2708002907745177
2024-11-07,22,19138.75,19533.674,2.06347764678989
2024-11-08,22,18832.25,19533.674,3.724588554872625
2024-11-09,22,16962.0,18354.28,8.208226016242188
2024-11-10,22,16217.0,18354.28,13.179252000215824
2024-11-11,22,16574.75,18354.28,10.736386955308525
2024-11-12,22,19530.0,19534.168,0.021341365847414234
2024-11-13,22,19406.0,19533.674,0.6579090390858497
2024-11-14,22,19125.25,19533.674,2.1355215127906826
2024-11-15,22,18662.0,19533.674,4.670848934331797
2024-11-16,22,16563.5,18354.28,10.811599582666707
2024-11-17,22,16288.25,18354.281,12.684181848878792
2024-11-18,22,19052.25,18354.28,3.663455513784461
2024-11-19,22,18719.0,19533.674,4.352122592686576
2024-11-20,22,19320.75,19533.672,1.1020373173919231
2024-11-21,22,19571.75,19533.674,0.19454658819471943
2024-11-22,22,19645.25,19533.674,0.5679549604866316
2024-11-23,22,17605.25,18354.28,4.254579156075603
2024-11-24,22,16916.5,18354.28,8.49927169848964
2024-11-25,22,18819.75,18354.28,2.4733097045656827
2024-11-26,22,19100.25,19533.674,2.2692050005889977
2024-11-27,22,19198.5,19533.672,1.7458232413990675
2024-11-28,22,18978.5,19533.672,2.9252674078562584
2024-11-29,22,19207.5,19533.674,1.6981586782506835
2024-11-30,22,17173.75,18354.28,6.874033317563141
2024-12-01,22,16990.75,18354.28,8.025127183173197
2024-12-02,22,19246.75,18354.28,4.636994313975086
2024-12-03,22,19550.5,19533.674,0.08606517416434363
2024-12-04,22,19304.75,19533.674,1.185841972183012
2024-12-05,22,19757.5,19533.672,1.1328767556624066
2024-12-06,22,19630.25,19533.674,0.49197627067918137
2024-12-07,22,17274.75,18354.28,6.249174644350859
2024-12-08,22,17171.25,18354.28,6.889593342796826
2024-12-09,22,19687.75,18354.283,6.773078675191427
2024-12-10,22,20151.25,19533.674,3.0647040351094845
2024-12-11,22,19761.75,19533.674,1.1541294261641808
2024-12-12,22,19954.25,19533.674,2.107702228222058
2024-12-13,22,19853.25,19533.674,1.6096919742359563
2024-12-14,22,17899.75,18354.28,2.539305280101677
2024-12-15,22,17338.75,18354.28,5.856992556412659
2024-12-16,22,18899.75,18354.28,2.8861265525999023
2024-12-17,22,18844.0,19533.674,3.6599120575514754
2024-12-18,22,18640.0,19533.672,4.794377011802576
2024-12-19,22,18499.75,19533.672,5.588842416789416
2024-12-20,22,18399.75,19533.674,6.1627132331961025
2024-12-21,22,17472.0,18354.28,5.049675462883471
2024-12-22,22,16823.75,18354.28,9.097432480124823
2024-12-23,22,17803.25,18354.28,3.0951050896605956
2024-12-24,22,14784.5,19533.672,32.12264111062261
2024-12-25,22,14748.0,19532.936,32.44464026901952
2024-12-26,22,15437.5,19533.318,26.53161690283401
2024-12-27,22,16930.75,18354.562,8.409624499800659
2024-12-28,22,16501.0,18354.281,11.231326889279437
2024-12-29,22,15823.25,18354.283,15.995659571358603
2024-12-30,22,17329.75,18354.28,5.911968129228638
2024-12-31,22,15309.5,19533.672,27.59183431856037
2024-01-01,23,14435.0,17615.387,22.03246774333218
2024-01-02,23,17226.0,18669.646,8.380625126988274
2024-01-03,23,17998.0,18669.646,3.7317840003055895
2024-01-04,23,18834.0,18669.646,0.8726426442869278
2024-01-05,23,19165.0,18669.646,2.584677879598226
2024-01-06,23,17040.0,17615.385,3.3766711597711265
2024-01-07,23,18291.0,17615.385,3.6937031019353777
2024-01-08,23,21709.0,18669.646,14.000430768920724
2024-01-09,23,21911.0,18669.646,14.79327057471133
2024-01-10,23,21523.0,18669.646,13.25722954804163
2024-01-11,23,20878.0,18669.646,10.577418888902193
2024-01-12,23,20607.0,18669.646,9.401434054568835
2024-01-13,23,18385.0,17615.385,4.186104076013055
2024-01-14,23,17728.0,17615.385,0.6352393635773916
2024-01-15,23,20210.0,18669.646,7.6217393153142
2024-01-16,23,20842.0,18669.646,10.422960923255925
2024-01-17,23,20388.0,18669.646,8.428259346797136
2024-01-18,23,20211.0,18669.646,7.6263100075453965
2024-01-19,23,19942.0,18669.646,6.380270362175308
2024-01-20,23,18202.0,17615.385,3.2228064738764974
2024-01-21,23,17535.0,17615.385,0.4584246685201026
2024-01-22,23,19371.0,18669.646,3.6206365991688605
2024-01-23,23,19409.0,18669.646,3.809333379488897
2024-01-24,23,19001.0,18669.646,1.7438740888637438
2024-01-25,23,19497.0,18669.646,4.243491386495359
2024-01-26,23,19108.0,18669.646,2.2940837116652713
2024-01-27,23,17223.0,17615.385,2.2782602660686293
2024-01-28,23,17225.0,17615.385,2.266384706095791
2024-01-29,23,18954.0,18669.646,1.5002295854437058
2024-01-30,23,18903.0,18669.646,1.234478736840713
2024-01-31,23,19092.0,18669.646,2.2122015274722395
2024-02-01,23,19141.0,18669.646,2.4625333871009873
2024-02-02,23,18790.0,18669.646,0.6405189761841406
2024-02-03,23,16675.0,16688.344,0.08002248875562219
2024-02-04,23,16339.0,16637.555,1.8272518973009366
2024-02-05,23,18260.0,18669.646,2.24340900533954
2024-02-06,23,18320.0,18669.646,1.9085506789028384
2024-02-07,23,19188.0,18669.646,2.7014462978163434
2024-02-08,23,19658.0,18669.646,5.027741965739139
2024-02-09,23,19068.0,18669.646,2.0891205979913994
2024-02-10,23,16586.0,17613.363,6.194159419088388
2024-02-11,23,16373.0,16637.555,1.6157984944726071
2024-02-12,23,18373.0,18669.646,1.6145783724759155
2024-02-13,23,18942.0,18669.646,1.4378287172685038
2024-02-14,23,18690.0,18669.646,0.10890056514178705
2024-02-15,23,18544.0,18669.646,0.6775586948608714
2024-02-16,23,18138.0,18669.646,2.931119662449002
2024-02-17,23,16828.0,16637.555,1.1317168558355124
2024-02-18,23,16592.0,16688.75,0.5831123432979749
2024-02-19,23,18703.0,18669.646,0.17833243664118056
2024-02-20,23,18600.0,18669.646,0.37444346438172044
2024-02-21,23,18547.0,18669.646,0.6612739762495282
2024-02-22,23,18234.0,18669.646,2.3891986638971154
2024-02-23,23,18503.0,18669.646,0.9006457567691726
2024-02-24,23,16412.0,16637.555,1.3743278546185718
2024-02-25,23,16125.0,16637.555,3.1786337209302324
2024-02-26,23,17758.0,18669.646,5.133722741158914
2024-02-27,23,18221.0,18669.646,2.4622495163547553
2024-02-28,23,18610.0,18669.646,0.3205077075497045
2024-02-29,23,18113.0,18669.646,3.073187679429139
2024-03-01,23,18032.0,18669.646,3.5361939018134425
2024-03-02,23,16149.0,16637.555,3.0252937488389375
2024-03-03,23,15816.0,16637.555,5.194453006449165
2024-03-04,23,18085.0,18669.646,3.2327701651921483
2024-03-05,23,18885.0,18669.646,1.140341623643103
2024-03-06,23,18709.0,18669.646,0.21034537187984392
2024-03-07,23,19353.0,18669.646,3.530995275280318
2024-03-08,23,18821.0,18669.646,0.8041736125870039
2024-03-09,23,16325.0,16637.555,1.9145769525267993
2024-03-10,23,15917.0,16637.555,4.526950351825092
2024-03-11,23,18446.0,18669.646,1.2124389264610214
2024-03-12,23,18722.0,18669.646,0.2796363402681338
2024-03-13,23,18574.0,18669.646,0.5149482307257457
2024-03-14,23,18663.0,18669.646,0.03561316173712694
2024-03-15,23,17988.0,18669.646,3.7894512140037806
2024-03-16,23,15900.0,16637.555,4.638708726415095
2024-03-17,23,16361.0,16637.555,1.6903287543548682
2024-03-18,23,19105.0,18669.646,2.2787412490185814
2024-03-19,23,18955.0,18669.646,1.5054260914006858
2024-03-20,23,18614.0,18669.646,0.29894963132588376
2024-03-21,23,18303.0,18669.646,2.0032043073539856
2024-03-22,23,18218.0,17691.816,2.8882621239982433
2024-03-23,23,16478.0,16637.555,0.968289158271635
2024-03-24,23,16412.0,16637.555,1.3743278546185718
2024-03-25,23,18731.0,18669.646,0.3275506680102504
2024-03-26,23,18110.0,18669.646,3.0902621997515185
2024-03-27,23,17632.0,18669.646,5.885018627353675
2024-03-28,23,17564.0,18669.646,6.294958348753131
2024-03-29,23,16143.0,17691.816,9.594353009044168
2024-03-30,23,14088.0,16637.557,18.097364002164962
2024-03-31,23,13085.0,16637.557,27.14984058559419
2024-04-01,23,13434.0,16637.543,23.846530956900402
2024-04-02,23,17287.0,18669.63,7.998096022299994
2024-04-03,23,18112.0,18669.646,3.0788785577241606
2024-04-04,23,17669.0,18669.646,5.66328872248005
2024-04-05,23,17700.0,17691.816,0.04623499293785311
2024-04-06,23,15744.0,16637.555,5.675525200076219
2024-04-07,23,15348.0,16637.555,8.402102472634871
2024-04-08,23,17149.0,17691.816,3.1652948058195816
2024-04-09,23,17246.0,17691.816,2.585042364896208
2024-04-10,23,17555.0,18669.646,6.349453058245515
2024-04-11,23,17550.0,18669.646,6.379752047720798
2024-04-12,23,17344.0,17691.816,2.005399021275369
2024-04-13,23,15141.0,16637.555,9.884120517138895
2024-04-14,23,15341.0,16637.557,8.451578388794733
2024-04-15,23,17327.0,17691.816,2.1054793458186642
2024-04-16,23,17821.0,18669.646,4.7620587193479595
2024-04-17,23,18276.0,18669.646,2.153898469987962
2024-04-18,23,18348.0,18669.646,1.7530329429638107
2024-04-19,23,18259.0,17691.816,3.106323422695657
2024-04-20,23,16529.0,16637.555,0.6567529039869321
2024-04-21,23,16465.0,16637.555,1.0480090343152142
2024-04-22,23,19098.0,17691.816,7.362988761912242
2024-04-23,23,18360.0,18669.646,1.686527692674292
2024-04-24,23,18603.0,18669.646,0.3582566487932054
2024-04-25,23,18573.0,18669.646,0.5203601161632477
2024-04-26,23,17774.0,17691.816,0.46238097080004503
2024-04-27,23,15604.0,16637.555,6.6236521885414
2024-04-28,23,15288.0,16637.555,8.827542435243329
2024-04-29,23,16879.0,17691.816,4.815548351501866
2024-04-30,23,15765.0,17691.816,12.222114850935617
2024-05-01,23,14108.0,17691.818,25.402738583605043
2024-05-02,23,14478.0,17691.822,22.197971167460974
2024-05-03,23,14323.0,16637.559,16.159733252461077
2024-05-04,23,14722.0,16637.557,13.011524525370193
2024-05-05,23,14527.0,16637.555,14.528496506505128
2024-05-06,23,16934.0,17691.816,4.475117551966458
2024-05-07,23,17223.0,17691.816,2.7220368475294663
2024-05-08,23,17308.0,18430.236,6.4839168484226954
2024-05-09,23,17593.0,17691.816,0.5616802492468596
2024-05-10,23,17477.0,17691.816,1.2291377596269382
2024-05-11,23,15601.0,16637.555,6.6441554227293125
2024-05-12,23,15130.0,16637.557,9.964022740416391
2024-05-13,23,17322.0,17691.816,2.134952120136243
2024-05-14,23,17214.0,17691.816,2.775743036191472
2024-05-15,23,17337.0,17691.816,2.0465847969660262
2024-05-16,23,17033.0,17691.816,3.8678823827276463
2024-05-17,23,17293.0,17691.816,2.3062303027236455
2024-05-18,23,15604.0,16637.555,6.6236521885414
2024-05-19,23,15325.0,16637.555,8.564794045676999
2024-05-20,23,17425.0,17691.816,1.5312275824964132
2024-05-21,23,17401.0,17691.816,1.6712626070340786
2024-05-22,23,17873.0,17691.816,1.0137279345940804
2024-05-23,23,18030.0,17691.816,1.8756716236827509
2024-05-24,23,17619.0,17691.816,0.4132834227254668
2024-05-25,23,16036.0,16637.555,3.7512764249189328
2024-05-26,23,15509.0,16637.555,7.276772760977497
2024-05-27,23,17301.0,17691.816,2.258923797757355
2024-05-28,23,17814.0,17691.816,0.6858852237004603
2024-05-29,23,17300.0,17691.816,2.2648347182080926
2024-05-30,23,14735.0,17691.816,20.066619655581945
2024-05-31,23,15931.0,17655.627,10.82560387373674
2024-06-01,23,15374.0,16637.557,8.218789128561207
2024-06-02,23,14841.0,16637.555,12.10534793814433
2024-06-03,23,17252.0,17691.814,2.5493534264143287
2024-06-04,23,17447.0,17691.816,1.4032005860606407
2024-06-05,23,18008.0,17691.816,1.7557951674255885
2024-06-06,23,17951.0,17691.816,1.4438393056097154
2024-06-07,23,17842.0,17691.816,0.8417419221499831
2024-06-08,23,15206.0,16637.555,9.4144067308957
2024-06-09,23,15662.0,16637.555,6.228800201123739
2024-06-10,23,17785.0,17691.816,0.5239448622434636
2024-06-11,23,17280.0,17691.816,2.383196795428241
2024-06-12,23,17739.0,17691.816,0.2659879009527031
2024-06-13,23,18128.0,17691.816,2.406131916096646
2024-06-14,23,16419.75,17691.816,7.747172802570075
2024-06-15,23,14685.25,16637.557,13.29433711121704
2024-06-16,23,14371.5,16637.553,15.767684197021884
2024-06-17,23,17064.5,17691.812,3.67612587535527
2024-06-18,23,16765.75,17691.816,5.5235608681389134
2024-06-19,23,16615.75,17691.816,6.476183177106059
2024-06-20,23,17292.0,17691.816,2.312146693557714
2024-06-21,23,16816.25,17691.816,5.206668586932283
2024-06-22,23,14799.5,16637.557,12.419721211020644
2024-06-23,23,14715.75,16637.555,13.05950894449824
2024-06-24,23,17088.5,17691.812,3.5305175995552567
2024-06-25,23,17104.25,17691.816,3.435207075726793
2024-06-26,23,17268.0,17691.816,2.454345646571693
2024-06-27,23,17406.75,17691.816,1.637677373719965
2024-06-28,23,17346.75,17691.816,1.9892279893928257
2024-06-29,23,15383.0,16637.555,8.155461792238185
2024-06-30,23,14977.75,16637.555,11.081802590509255
2024-07-01,23,16732.25,17691.81,5.734796855623123
2024-07-02,23,16333.5,17691.816,8.316138036856767
2024-07-03,23,16589.25,17691.816,6.646270363337704
2024-07-04,23,16459.5,17691.816,7.486961367295483
2024-07-05,23,16323.0,17691.816,8.385813920541567
2024-07-06,23,14689.0,16637.557,13.26541385135135
2024-07-07,23,14580.25,16637.553,14.11020204986197
2024-07-08,23,17077.75,17691.812,3.595687370994423
2024-07-09,23,17128.5,17691.816,3.288766711912894
2024-07-10,23,17556.0,17691.816,0.7736181718500797
2024-07-11,23,17398.25,17691.816,1.6873329573376634
2024-07-12,23,16600.5,17691.816,6.573997206409446
2024-07-13,23,15048.25,16637.557,10.561405084478261
2024-07-14,23,14928.75,16637.553,11.44638857489743
2024-07-15,23,17241.5,17691.812,2.6117942174404782
2024-07-16,23,17116.75,17691.816,3.3596705347101525
2024-07-17,23,16490.25,17691.816,7.286526318582193
2024-07-18,23,16715.0,17691.816,5.843950979658989
2024-07-19,23,16537.5,17691.816,6.979993386243387
2024-07-20,23,14859.25,16637.557,11.96767428117166
2024-07-21,23,14627.0,16637.553,13.74548939888562
2024-07-22,23,16362.25,17691.81,8.125780665098015
2024-07-23,23,16682.75,17691.816,6.048561575579566
2024-07-24,23,16345.75,17691.816,8.234962643194715
2024-07-25,23,16327.0,17691.816,8.359260159551663
2024-07-26,23,16247.5,17691.816,8.889468572088013
2024-07-27,23,14845.0,16637.557,12.07515419754126
2024-07-28,23,13371.75,16637.545,24.4230928777086
2024-07-29,23,15307.25,16676.797,8.947047150859886
2024-07-30,23,16018.0,17691.814,10.44958454941316
2024-07-31,23,16305.75,17691.816,8.500476250709106
2024-08-01,23,16255.5,17691.816,8.835879586909046
2024-08-02,23,15871.0,17691.816,11.472600379623211
2024-08-03,23,14259.5,16637.557,16.676998777131036
2024-08-04,23,13914.0,16637.545,19.574133404305016
2024-08-05,23,15514.75,17689.37,14.016462660532719
2024-08-06,23,15814.25,17691.814,11.872611430355533
2024-08-07,23,15955.5,17691.816,10.882243779574441
2024-08-08,23,16074.75,17691.818,10.059679680088337
2024-08-09,23,15950.25,17691.816,10.918740497797842
2024-08-10,23,14327.5,16637.557,16.12323601901937
2024-08-11,23,14163.75,16637.547,17.46569146589004
2024-08-12,23,15971.5,17691.81,10.771126987915975
2024-08-13,23,15512.25,17691.816,14.05061423230028
2024-08-14,23,15329.5,17691.818,15.410276652043445
2024-08-15,23,14378.5,17691.822,23.043587756893974
2024-08-16,23,15517.0,17691.766,14.015374266933042
2024-08-17,23,14479.25,16637.557,14.906204676519847
2024-08-18,23,14234.0,16637.55,16.885982726218913
2024-08-19,23,16310.0,17691.812,8.472179644389945
2024-08-20,23,16610.5,17691.816,6.509836586797507
2024-08-21,23,16130.25,17691.816,9.680980804699244
2024-08-22,23,15976.5,17691.818,10.736508993678214
2024-08-23,23,16015.25,17691.816,10.468562190724466
2024-08-24,23,14475.0,16637.557,14.939942249568222
2024-08-25,23,14464.25,16637.55,15.025326451423338
2024-08-26,23,16510.25,17691.814,7.156550949410215
2024-08-27,23,16193.75,17691.816,9.25089251254342
2024-08-28,23,16580.5,17691.816,6.702550624227255
2024-08-29,23,16938.75,17691.816,4.445820419157258
2024-08-30,23,16839.25,17691.816,5.062971368974272
2024-08-31,23,14414.75,16637.557,15.420362064031634
2024-09-01,23,13973.75,16637.55,19.062891358797746
2024-09-02,23,15988.75,17691.814,10.651642268000938
2024-09-03,23,16270.0,17691.816,8.738883873693915
2024-09-04,23,16451.25,17691.816,7.540864106070967
2024-09-05,23,16324.75,17691.816,8.374195048928774
2024-09-06,23,16311.5,17691.816,8.462228527419304
2024-09-07,23,14331.75,16637.557,16.088800325326634
2024-09-08,23,14148.0,16637.55,17.59648558983602
2024-09-09,23,16019.5,17691.814,10.439242505228004
2024-09-10,23,15967.75,17691.816,10.797178101172676
2024-09-11,23,16107.25,17691.818,9.837609519781465
2024-09-12,23,16156.75,17691.818,9.50109619431507
2024-09-13,23,15817.0,17691.816,11.853173207624708
2024-09-14,23,14113.75,16637.557,17.88189985386591
2024-09-15,23,13904.25,16637.547,19.657995756693097
2024-09-16,23,15842.25,17691.816,11.674897228928971
2024-09-17,23,15919.75,17691.816,11.131245190722217
2024-09-18,23,15915.25,17691.818,11.16267956441149
2024-09-19,23,15703.0,17691.818,12.6652127579125
2024-09-20,23,15652.0,17691.818,13.032317655092001
2024-09-21,23,13955.25,16637.557,19.22077096881102
2024-09-22,23,13687.75,16637.547,21.55063377837848
2024-09-23,23,15711.5,17691.816,12.60424788371575
2024-09-24,23,16017.75,17691.816,10.451320605266034
2024-09-25,23,15906.5,17691.818,11.223828996793763
2024-09-26,23,16238.25,17691.818,8.951508687050637
2024-09-27,23,15892.25,17691.816,11.323547051235664
2024-09-28,23,13999.5,16637.557,18.843934716418442
2024-09-29,23,14239.75,16637.553,16.83879797310346
2024-09-30,23,16007.25,17691.816,10.523771455121897
2024-10-01,23,16552.75,18644.037,12.63407656960324
2024-10-02,23,16971.75,18669.646,10.004251090046695
2024-10-03,23,16812.5,17691.816,5.230134758364312
2024-10-04,23,16848.25,17691.816,5.006848819610346
2024-10-05,23,15146.0,16637.557,9.84785844860029
2024-10-06,23,14973.5,16637.555,11.11333146892844
2024-10-07,23,16592.5,17691.816,6.625381384661745
2024-10-08,23,16496.25,17691.816,7.247504167613851
2024-10-09,23,16532.5,18669.105,12.9236683426584
2024-10-10,23,16626.25,17691.816,6.4089401172844145
2024-10-11,23,16613.0,17691.816,6.493808500872811
2024-10-12,23,14844.0,16637.557,12.082704396557533
2024-10-13,23,14647.0,16637.557,13.590200318324571
2024-10-14,23,16570.25,17691.816,6.76855452542961
2024-10-15,23,17401.0,18669.646,7.290652746250216
2024-10-16,23,17107.25,18669.646,9.132949389147877
2024-10-17,23,16914.0,18669.646,10.379842050224667
2024-10-18,23,16595.25,17691.816,6.607712485500369
2024-10-19,23,14861.5,16637.557,11.950722609595262
2024-10-20,23,14703.0,16637.557,13.157564038801606
2024-10-21,23,16678.75,17691.816,6.073994791276325
2024-10-22,23,16701.25,18669.646,11.785923115784747
2024-10-23,23,17171.0,18669.646,8.727776392609632
2024-10-24,23,16897.5,18669.646,10.487625295901761
2024-10-25,23,16745.25,17691.816,5.652745741329631
2024-10-26,23,14976.5,16637.557,11.09108697375889
2024-10-27,23,14428.5,16637.557,15.310369342793775
2024-10-28,23,16568.5,17691.816,6.779831645894317
2024-10-29,23,16574.0,18669.646,12.644180550108604
2024-10-30,23,16681.75,18669.646,11.916594388328562
2024-10-31,23,15472.5,18669.646,20.663412405073515
2024-11-01,23,13668.75,16637.633,21.720221764974852
2024-11-02,23,14907.75,16637.559,11.603418314299608
2024-11-03,23,14728.0,16637.557,12.96548506670967
2024-11-04,23,17329.25,18669.646,7.734878799572977
2024-11-05,23,17746.0,18669.646,5.204815081567677
2024-11-06,23,17705.25,18669.646,5.446952086951611
2024-11-07,23,17829.75,18669.646,4.710646444145318
2024-11-08,23,17614.5,18669.646,5.990215358795311
2024-11-09,23,15829.0,16637.557,5.108071518257629
2024-11-10,23,15223.75,16637.557,9.28684877658264
2024-11-11,23,15559.75,18669.646,19.98680238676714
2024-11-12,23,18250.5,18669.646,2.296630143694693
2024-11-13,23,18037.0,18669.646,3.5074928445694957
2024-11-14,23,17661.25,18669.646,5.709655230377239
2024-11-15,23,17394.75,18669.646,7.329202686873913
2024-11-16,23,15563.0,16637.557,6.904559793259654
2024-11-17,23,15239.0,16637.557,9.177483041046
2024-11-18,23,17688.5,18669.646,5.546804332617237
2024-11-19,23,17385.75,18669.646,7.38476329393325
2024-11-20,23,18072.75,18669.646,3.30274299359533
2024-11-21,23,18393.75,18669.646,1.4999469079170915
2024-11-22,23,18275.25,18669.646,2.158090775091996
2024-11-23,23,16664.25,17419.08,4.529637266153593
2024-11-24,23,15863.75,16637.557,4.877829268773146
2024-11-25,23,17589.25,18669.646,6.142368119021562
2024-11-26,23,17744.75,18669.646,5.212226063342679
2024-11-27,23,17911.75,18669.646,4.2312810550337066
2024-11-28,23,17775.0,18669.646,5.033172907876231
2024-11-29,23,17949.75,18669.646,4.010621230797087
2024-11-30,23,16096.25,16637.557,3.3629363399860215
2024-12-01,23,15980.75,16831.69,5.324777955508972
2024-12-02,23,17908.5,18669.646,4.2501967466566155
2024-12-03,23,18331.75,18669.646,1.843230921079548
2024-12-04,23,18028.5,18669.646,3.556294114180326
2024-12-05,23,18495.5,18669.646,0.9415613764158849
2024-12-06,23,18397.5,18669.646,1.4792579664356569
2024-12-07,23,16209.0,17615.363,8.676434581096922
2024-12-08,23,16108.25,17598.016,9.248463520245837
2024-12-09,23,18272.75,18669.646,2.1720676109233694
2024-12-10,23,18684.5,18669.646,0.0794964576253044
2024-12-11,23,18388.75,18669.646,1.5275452892393449
2024-12-12,23,18606.0,18669.646,0.3420750530742771
2024-12-13,23,18497.0,18669.646,0.9333755980699573
2024-12-14,23,16738.0,17615.385,5.241873375701996
2024-12-15,23,16269.5,17615.385,8.272440859430223
2024-12-16,23,17503.0,18669.646,6.665408697794664
2024-12-17,23,17427.5,18669.646,7.1275081588007465
2024-12-18,23,17318.25,18669.646,7.803308558168406
2024-12-19,23,17122.75,18669.646,9.034159141347038
2024-12-20,23,17082.25,18669.646,9.292666272739247
2024-12-21,23,16135.5,17615.385,9.1716077321744
2024-12-22,23,15557.5,17615.385,13.227605756869675
2024-12-23,23,16040.0,18669.646,16.394304765430174
2024-12-24,23,14025.25,18669.648,33.114550097146214
2024-12-25,23,13908.25,19431.09,39.70909240019413
2024-12-26,23,14453.0,19182.748,32.72502627049747
2024-12-27,23,15703.25,18669.32,18.888257605909605
2024-12-28,23,15301.5,17615.385,15.121947296833643
2024-12-29,23,14773.75,17615.385,19.23434988154666
2024-12-30,23,16002.5,18669.645,16.667049093891578
2024-12-31,23,14692.0,18669.646,27.073553528280698
